,KABKOT,month,year,longitude,latitude,tp,time
0,JAKARTA BARAT,1,2018,106.74999999999996,-6.158333333333336,7.256567077711253,2018-01-01
5,JAKARTA BARAT,2,2018,106.74999999999996,-6.158333333333336,9.965402185916659,2018-02-01
10,JAKARTA BARAT,3,2018,106.74999999999996,-6.158333333333336,7.343809191758339,2018-03-01
15,JAKARTA BARAT,4,2018,106.74999999999996,-6.158333333333336,6.208610503623864,2018-04-01
20,JAKARTA BARAT,5,2018,106.74999999999996,-6.158333333333336,2.8957998317977047,2018-05-01
25,JAKARTA BARAT,6,2018,106.74999999999996,-6.158333333333336,2.9690043752392286,2018-06-01
30,JAKARTA BARAT,7,2018,106.74999999999996,-6.158333333333336,0.41187152887386763,2018-07-01
35,JAKARTA BARAT,8,2018,106.74999999999996,-6.158333333333336,0.5435300618410409,2018-08-01
40,JAKARTA BARAT,9,2018,106.74999999999996,-6.158333333333336,1.2984598800540255,2018-09-01
45,JAKARTA BARAT,10,2018,106.74999999999996,-6.158333333333336,2.0870867868264775,2018-10-01
50,JAKARTA BARAT,11,2018,106.74999999999996,-6.158333333333336,7.533491955449205,2018-11-01
55,JAKARTA BARAT,12,2018,106.74999999999996,-6.158333333333336,5.545330742995064,2018-12-01
60,JAKARTA PUSAT,1,2018,106.84999999999997,-6.200000000000003,7.3935982584953,2018-01-01
65,JAKARTA PUSAT,2,2018,106.84999999999997,-6.200000000000003,10.25203958153702,2018-02-01
70,JAKARTA PUSAT,3,2018,106.84999999999997,-6.200000000000003,8.209702596068016,2018-03-01
75,JAKARTA PUSAT,4,2018,106.84999999999997,-6.200000000000003,6.381156109273337,2018-04-01
80,JAKARTA PUSAT,5,2018,106.84999999999997,-6.200000000000003,2.745189182460324,2018-05-01
85,JAKARTA PUSAT,6,2018,106.84999999999997,-6.200000000000003,2.7928175032139007,2018-06-01
90,JAKARTA PUSAT,7,2018,106.84999999999997,-6.200000000000003,0.3705828264355804,2018-07-01
95,JAKARTA PUSAT,8,2018,106.84999999999997,-6.200000000000003,0.5167883262038236,2018-08-01
100,JAKARTA PUSAT,9,2018,106.84999999999997,-6.200000000000003,1.3100055232644094,2018-09-01
105,JAKARTA PUSAT,10,2018,106.84999999999997,-6.200000000000003,2.223944813013017,2018-10-01
110,JAKARTA PUSAT,11,2018,106.84999999999997,-6.200000000000003,8.433230258524073,2018-11-01
115,JAKARTA PUSAT,12,2018,106.84999999999997,-6.200000000000003,5.602146238088591,2018-12-01
120,JAKARTA SELATAN,1,2018,106.8083333333333,-6.283333333333336,7.724275315801306,2018-01-01
125,JAKARTA SELATAN,2,2018,106.8083333333333,-6.283333333333336,10.031364578753534,2018-02-01
130,JAKARTA SELATAN,3,2018,106.8083333333333,-6.283333333333336,8.494809766610134,2018-03-01
135,JAKARTA SELATAN,4,2018,106.8083333333333,-6.283333333333336,6.5930646533766835,2018-04-01
140,JAKARTA SELATAN,5,2018,106.8083333333333,-6.283333333333336,2.751662116497801,2018-05-01
145,JAKARTA SELATAN,6,2018,106.8083333333333,-6.283333333333336,2.800656637797776,2018-06-01
150,JAKARTA SELATAN,7,2018,106.8083333333333,-6.283333333333336,0.45228547727070295,2018-07-01
155,JAKARTA SELATAN,8,2018,106.8083333333333,-6.283333333333336,0.6165339611470858,2018-08-01
160,JAKARTA SELATAN,9,2018,106.8083333333333,-6.283333333333336,1.6083645013471652,2018-09-01
165,JAKARTA SELATAN,10,2018,106.8083333333333,-6.283333333333336,2.73478425418336,2018-10-01
170,JAKARTA SELATAN,11,2018,106.8083333333333,-6.283333333333336,9.326378380258612,2018-11-01
175,JAKARTA SELATAN,12,2018,106.8083333333333,-6.283333333333336,5.998232463995623,2018-12-01
180,JAKARTA TIMUR,1,2018,106.90999999999997,-6.2600000000000025,7.734732776880238,2018-01-01
185,JAKARTA TIMUR,2,2018,106.90999999999997,-6.2600000000000025,10.535441070794842,2018-02-01
190,JAKARTA TIMUR,3,2018,106.90999999999997,-6.2600000000000025,9.216191381215626,2018-03-01
195,JAKARTA TIMUR,4,2018,106.90999999999997,-6.2600000000000025,6.761695519089608,2018-04-01
200,JAKARTA TIMUR,5,2018,106.90999999999997,-6.2600000000000025,2.72900873422626,2018-05-01
205,JAKARTA TIMUR,6,2018,106.90999999999997,-6.2600000000000025,2.801564387977146,2018-06-01
210,JAKARTA TIMUR,7,2018,106.90999999999997,-6.2600000000000025,0.4172210097313103,2018-07-01
215,JAKARTA TIMUR,8,2018,106.90999999999997,-6.2600000000000025,0.6065815985202845,2018-08-01
220,JAKARTA TIMUR,9,2018,106.90999999999997,-6.2600000000000025,1.5742332190275279,2018-09-01
225,JAKARTA TIMUR,10,2018,106.90999999999997,-6.2600000000000025,2.798403821885536,2018-10-01
230,JAKARTA TIMUR,11,2018,106.90999999999997,-6.2600000000000025,9.915548935532183,2018-11-01
235,JAKARTA TIMUR,12,2018,106.90999999999997,-6.2600000000000025,5.999778471887085,2018-12-01
240,JAKARTA UTARA,1,2018,106.89166666666664,-6.1250000000000036,7.2320078158130086,2018-01-01
245,JAKARTA UTARA,2,2018,106.89166666666664,-6.1250000000000036,10.76956196998533,2018-02-01
250,JAKARTA UTARA,3,2018,106.89166666666664,-6.1250000000000036,7.927974040309309,2018-03-01
255,JAKARTA UTARA,4,2018,106.89166666666664,-6.1250000000000036,6.390615024914268,2018-04-01
260,JAKARTA UTARA,5,2018,106.89166666666664,-6.1250000000000036,2.924291081726558,2018-05-01
265,JAKARTA UTARA,6,2018,106.89166666666664,-6.1250000000000036,2.912306313713446,2018-06-01
270,JAKARTA UTARA,7,2018,106.89166666666664,-6.1250000000000036,0.352437527229408,2018-07-01
275,JAKARTA UTARA,8,2018,106.89166666666664,-6.1250000000000036,0.5183648690581372,2018-08-01
280,JAKARTA UTARA,9,2018,106.89166666666664,-6.1250000000000036,1.2231129718323743,2018-09-01
285,JAKARTA UTARA,10,2018,106.89166666666664,-6.1250000000000036,2.104285787790988,2018-10-01
290,JAKARTA UTARA,11,2018,106.89166666666664,-6.1250000000000036,7.854611122359607,2018-11-01
295,JAKARTA UTARA,12,2018,106.89166666666664,-6.1250000000000036,5.350711091111136,2018-12-01
1,JAKARTA BARAT,1,2019,106.74999999999996,-6.158333333333336,7.881096194808621,2019-01-01
6,JAKARTA BARAT,2,2019,106.74999999999996,-6.158333333333336,8.907423724109927,2019-02-01
11,JAKARTA BARAT,3,2019,106.74999999999996,-6.158333333333336,8.941612541675381,2019-03-01
16,JAKARTA BARAT,4,2019,106.74999999999996,-6.158333333333336,8.844006024300905,2019-04-01
21,JAKARTA BARAT,5,2019,106.74999999999996,-6.158333333333336,2.699439637362993,2019-05-01
26,JAKARTA BARAT,6,2019,106.74999999999996,-6.158333333333336,0.9417491964996336,2019-06-01
31,JAKARTA BARAT,7,2019,106.74999999999996,-6.158333333333336,0.7421710466345385,2019-07-01
36,JAKARTA BARAT,8,2019,106.74999999999996,-6.158333333333336,0.6964313238859628,2019-08-01
41,JAKARTA BARAT,9,2019,106.74999999999996,-6.158333333333336,0.33729707201324116,2019-09-01
46,JAKARTA BARAT,10,2019,106.74999999999996,-6.158333333333336,1.1383194103837277,2019-10-01
51,JAKARTA BARAT,11,2019,106.74999999999996,-6.158333333333336,2.78810678049917,2019-11-01
56,JAKARTA BARAT,12,2019,106.74999999999996,-6.158333333333336,10.483941963563483,2019-12-01
61,JAKARTA PUSAT,1,2019,106.84999999999997,-6.200000000000003,8.050773367285606,2019-01-01
66,JAKARTA PUSAT,2,2019,106.84999999999997,-6.200000000000003,9.499291814863458,2019-02-01
71,JAKARTA PUSAT,3,2019,106.84999999999997,-6.200000000000003,9.537777341901952,2019-03-01
76,JAKARTA PUSAT,4,2019,106.84999999999997,-6.200000000000003,9.9525062739845,2019-04-01
81,JAKARTA PUSAT,5,2019,106.84999999999997,-6.200000000000003,2.7367127686738733,2019-05-01
86,JAKARTA PUSAT,6,2019,106.84999999999997,-6.200000000000003,0.8788255974650695,2019-06-01
91,JAKARTA PUSAT,7,2019,106.84999999999997,-6.200000000000003,0.7050214707851631,2019-07-01
96,JAKARTA PUSAT,8,2019,106.84999999999997,-6.200000000000003,0.6351368129254044,2019-08-01
101,JAKARTA PUSAT,9,2019,106.84999999999997,-6.200000000000003,0.2866576984524916,2019-09-01
106,JAKARTA PUSAT,10,2019,106.84999999999997,-6.200000000000003,1.3285711780189875,2019-10-01
111,JAKARTA PUSAT,11,2019,106.84999999999997,-6.200000000000003,3.268009833991256,2019-11-01
116,JAKARTA PUSAT,12,2019,106.84999999999997,-6.200000000000003,10.8810789883137,2019-12-01
121,JAKARTA SELATAN,1,2019,106.8083333333333,-6.283333333333336,8.062062226235756,2019-01-01
126,JAKARTA SELATAN,2,2019,106.8083333333333,-6.283333333333336,10.103604694207307,2019-02-01
131,JAKARTA SELATAN,3,2019,106.8083333333333,-6.283333333333336,9.411540379126544,2019-03-01
136,JAKARTA SELATAN,4,2019,106.8083333333333,-6.283333333333336,10.21841115628641,2019-04-01
141,JAKARTA SELATAN,5,2019,106.8083333333333,-6.283333333333336,2.9201918902496424,2019-05-01
146,JAKARTA SELATAN,6,2019,106.8083333333333,-6.283333333333336,1.0341040169199787,2019-06-01
151,JAKARTA SELATAN,7,2019,106.8083333333333,-6.283333333333336,0.7819574636717915,2019-07-01
156,JAKARTA SELATAN,8,2019,106.8083333333333,-6.283333333333336,0.8516324994465495,2019-08-01
161,JAKARTA SELATAN,9,2019,106.8083333333333,-6.283333333333336,0.42744772508743983,2019-09-01
166,JAKARTA SELATAN,10,2019,106.8083333333333,-6.283333333333336,1.6331093696256211,2019-10-01
171,JAKARTA SELATAN,11,2019,106.8083333333333,-6.283333333333336,3.453464154153826,2019-11-01
176,JAKARTA SELATAN,12,2019,106.8083333333333,-6.283333333333336,11.796619494756115,2019-12-01
181,JAKARTA TIMUR,1,2019,106.90999999999997,-6.2600000000000025,8.35430586338029,2019-01-01
186,JAKARTA TIMUR,2,2019,106.90999999999997,-6.2600000000000025,10.5179660432038,2019-02-01
191,JAKARTA TIMUR,3,2019,106.90999999999997,-6.2600000000000025,10.106060385703675,2019-03-01
196,JAKARTA TIMUR,4,2019,106.90999999999997,-6.2600000000000025,10.988985352217677,2019-04-01
201,JAKARTA TIMUR,5,2019,106.90999999999997,-6.2600000000000025,2.9556597471236925,2019-05-01
206,JAKARTA TIMUR,6,2019,106.90999999999997,-6.2600000000000025,0.9486215487122942,2019-06-01
211,JAKARTA TIMUR,7,2019,106.90999999999997,-6.2600000000000025,0.7247739955783159,2019-07-01
216,JAKARTA TIMUR,8,2019,106.90999999999997,-6.2600000000000025,0.667664632201277,2019-08-01
221,JAKARTA TIMUR,9,2019,106.90999999999997,-6.2600000000000025,0.3685611411929441,2019-09-01
226,JAKARTA TIMUR,10,2019,106.90999999999997,-6.2600000000000025,1.6963020339607624,2019-10-01
231,JAKARTA TIMUR,11,2019,106.90999999999997,-6.2600000000000025,4.030535303055929,2019-11-01
236,JAKARTA TIMUR,12,2019,106.90999999999997,-6.2600000000000025,11.552197501063372,2019-12-01
241,JAKARTA UTARA,1,2019,106.89166666666664,-6.1250000000000036,8.115672332545055,2019-01-01
246,JAKARTA UTARA,2,2019,106.89166666666664,-6.1250000000000036,9.045880275467923,2019-02-01
251,JAKARTA UTARA,3,2019,106.89166666666664,-6.1250000000000036,9.55303218836564,2019-03-01
256,JAKARTA UTARA,4,2019,106.89166666666664,-6.1250000000000036,9.531922706712933,2019-04-01
261,JAKARTA UTARA,5,2019,106.89166666666664,-6.1250000000000036,2.6672851853072648,2019-05-01
266,JAKARTA UTARA,6,2019,106.89166666666664,-6.1250000000000036,0.8370020737250954,2019-06-01
271,JAKARTA UTARA,7,2019,106.89166666666664,-6.1250000000000036,0.6669229269027959,2019-07-01
276,JAKARTA UTARA,8,2019,106.89166666666664,-6.1250000000000036,0.5215521218876537,2019-08-01
281,JAKARTA UTARA,9,2019,106.89166666666664,-6.1250000000000036,0.2875386985639909,2019-09-01
286,JAKARTA UTARA,10,2019,106.89166666666664,-6.1250000000000036,1.1505047231912249,2019-10-01
291,JAKARTA UTARA,11,2019,106.89166666666664,-6.1250000000000036,3.2147798128424316,2019-11-01
296,JAKARTA UTARA,12,2019,106.89166666666664,-6.1250000000000036,10.058319568634076,2019-12-01
2,JAKARTA BARAT,1,2020,106.74999999999996,-6.158333333333336,14.475729682792847,2020-01-01
7,JAKARTA BARAT,2,2020,106.74999999999996,-6.158333333333336,13.69126349687543,2020-02-01
12,JAKARTA BARAT,3,2020,106.74999999999996,-6.158333333333336,11.113327058653192,2020-03-01
17,JAKARTA BARAT,4,2020,106.74999999999996,-6.158333333333336,7.677212382356436,2020-04-01
22,JAKARTA BARAT,5,2020,106.74999999999996,-6.158333333333336,5.889278029402071,2020-05-01
27,JAKARTA BARAT,6,2020,106.74999999999996,-6.158333333333336,2.050814616183473,2020-06-01
32,JAKARTA BARAT,7,2020,106.74999999999996,-6.158333333333336,1.6562249821921782,2020-07-01
37,JAKARTA BARAT,8,2020,106.74999999999996,-6.158333333333336,1.584933598836356,2020-08-01
42,JAKARTA BARAT,9,2020,106.74999999999996,-6.158333333333336,1.9451159176727912,2020-09-01
47,JAKARTA BARAT,10,2020,106.74999999999996,-6.158333333333336,6.048352299258242,2020-10-01
52,JAKARTA BARAT,11,2020,106.74999999999996,-6.158333333333336,4.9232592123249255,2020-11-01
57,JAKARTA BARAT,12,2020,106.74999999999996,-6.158333333333336,9.082674675931527,2020-12-01
62,JAKARTA PUSAT,1,2020,106.84999999999997,-6.200000000000003,15.40950819849924,2020-01-01
67,JAKARTA PUSAT,2,2020,106.84999999999997,-6.200000000000003,14.579104036092373,2020-02-01
72,JAKARTA PUSAT,3,2020,106.84999999999997,-6.200000000000003,10.993788577616272,2020-03-01
77,JAKARTA PUSAT,4,2020,106.84999999999997,-6.200000000000003,7.813130728900386,2020-04-01
82,JAKARTA PUSAT,5,2020,106.84999999999997,-6.200000000000003,6.05992265045625,2020-05-01
87,JAKARTA PUSAT,6,2020,106.84999999999997,-6.200000000000003,1.9301420450210716,2020-06-01
92,JAKARTA PUSAT,7,2020,106.84999999999997,-6.200000000000003,1.5308443456888596,2020-07-01
97,JAKARTA PUSAT,8,2020,106.84999999999997,-6.200000000000003,1.520049981773,2020-08-01
102,JAKARTA PUSAT,9,2020,106.84999999999997,-6.200000000000003,1.9501545652747367,2020-09-01
107,JAKARTA PUSAT,10,2020,106.84999999999997,-6.200000000000003,6.510780863463895,2020-10-01
112,JAKARTA PUSAT,11,2020,106.84999999999997,-6.200000000000003,5.744253322481779,2020-11-01
117,JAKARTA PUSAT,12,2020,106.84999999999997,-6.200000000000003,9.32534016668792,2020-12-01
122,JAKARTA SELATAN,1,2020,106.8083333333333,-6.283333333333336,15.172972343861574,2020-01-01
127,JAKARTA SELATAN,2,2020,106.8083333333333,-6.283333333333336,14.389887824654169,2020-02-01
132,JAKARTA SELATAN,3,2020,106.8083333333333,-6.283333333333336,11.565384734422002,2020-03-01
137,JAKARTA SELATAN,4,2020,106.8083333333333,-6.283333333333336,8.274471449355275,2020-04-01
142,JAKARTA SELATAN,5,2020,106.8083333333333,-6.283333333333336,6.054043273130912,2020-05-01
147,JAKARTA SELATAN,6,2020,106.8083333333333,-6.283333333333336,1.9616842269897805,2020-06-01
152,JAKARTA SELATAN,7,2020,106.8083333333333,-6.283333333333336,1.604005942742081,2020-07-01
157,JAKARTA SELATAN,8,2020,106.8083333333333,-6.283333333333336,1.89568813269349,2020-08-01
162,JAKARTA SELATAN,9,2020,106.8083333333333,-6.283333333333336,2.393921837210712,2020-09-01
167,JAKARTA SELATAN,10,2020,106.8083333333333,-6.283333333333336,7.755372393876375,2020-10-01
172,JAKARTA SELATAN,11,2020,106.8083333333333,-6.283333333333336,5.994430401672602,2020-11-01
177,JAKARTA SELATAN,12,2020,106.8083333333333,-6.283333333333336,9.690254895637423,2020-12-01
182,JAKARTA TIMUR,1,2020,106.90999999999997,-6.2600000000000025,16.167215347289517,2020-01-01
187,JAKARTA TIMUR,2,2020,106.90999999999997,-6.2600000000000025,15.22689788043454,2020-02-01
192,JAKARTA TIMUR,3,2020,106.90999999999997,-6.2600000000000025,11.459258146584062,2020-03-01
197,JAKARTA TIMUR,4,2020,106.90999999999997,-6.2600000000000025,8.325105130672398,2020-04-01
202,JAKARTA TIMUR,5,2020,106.90999999999997,-6.2600000000000025,6.470775246619982,2020-05-01
207,JAKARTA TIMUR,6,2020,106.90999999999997,-6.2600000000000025,1.942249692976499,2020-06-01
212,JAKARTA TIMUR,7,2020,106.90999999999997,-6.2600000000000025,1.522086508572148,2020-07-01
217,JAKARTA TIMUR,8,2020,106.90999999999997,-6.2600000000000025,1.6052805930377274,2020-08-01
222,JAKARTA TIMUR,9,2020,106.90999999999997,-6.2600000000000025,2.2886404916644443,2020-09-01
227,JAKARTA TIMUR,10,2020,106.90999999999997,-6.2600000000000025,7.478732630610494,2020-10-01
232,JAKARTA TIMUR,11,2020,106.90999999999997,-6.2600000000000025,6.641908235847561,2020-11-01
237,JAKARTA TIMUR,12,2020,106.90999999999997,-6.2600000000000025,9.701917909085713,2020-12-01
242,JAKARTA UTARA,1,2020,106.89166666666664,-6.1250000000000036,15.410698428749733,2020-01-01
247,JAKARTA UTARA,2,2020,106.89166666666664,-6.1250000000000036,14.572458118199991,2020-02-01
252,JAKARTA UTARA,3,2020,106.89166666666664,-6.1250000000000036,10.55003674700876,2020-03-01
257,JAKARTA UTARA,4,2020,106.89166666666664,-6.1250000000000036,7.5410156262417685,2020-04-01
262,JAKARTA UTARA,5,2020,106.89166666666664,-6.1250000000000036,6.261203624307982,2020-05-01
267,JAKARTA UTARA,6,2020,106.89166666666664,-6.1250000000000036,2.03261410196624,2020-06-01
272,JAKARTA UTARA,7,2020,106.89166666666664,-6.1250000000000036,1.5261613453428435,2020-07-01
277,JAKARTA UTARA,8,2020,106.89166666666664,-6.1250000000000036,1.2772236391902736,2020-08-01
282,JAKARTA UTARA,9,2020,106.89166666666664,-6.1250000000000036,1.7758747749030948,2020-09-01
287,JAKARTA UTARA,10,2020,106.89166666666664,-6.1250000000000036,5.612612813711195,2020-10-01
292,JAKARTA UTARA,11,2020,106.89166666666664,-6.1250000000000036,5.392927216986578,2020-11-01
297,JAKARTA UTARA,12,2020,106.89166666666664,-6.1250000000000036,9.142884202301442,2020-12-01
3,JAKARTA BARAT,1,2021,106.74999999999996,-6.158333333333336,10.499981592098708,2021-01-01
8,JAKARTA BARAT,2,2021,106.74999999999996,-6.158333333333336,14.319913672903626,2021-02-01
13,JAKARTA BARAT,3,2021,106.74999999999996,-6.158333333333336,7.617955124005662,2021-03-01
18,JAKARTA BARAT,4,2021,106.74999999999996,-6.158333333333336,5.2162580316265625,2021-04-01
23,JAKARTA BARAT,5,2021,106.74999999999996,-6.158333333333336,3.8307586498559503,2021-05-01
28,JAKARTA BARAT,6,2021,106.74999999999996,-6.158333333333336,4.822660274803625,2021-06-01
33,JAKARTA BARAT,7,2021,106.74999999999996,-6.158333333333336,1.5891003546615454,2021-07-01
38,JAKARTA BARAT,8,2021,106.74999999999996,-6.158333333333336,5.294272582978103,2021-08-01
43,JAKARTA BARAT,9,2021,106.74999999999996,-6.158333333333336,5.23896856233486,2021-09-01
48,JAKARTA BARAT,10,2021,106.74999999999996,-6.158333333333336,4.267153659214559,2021-10-01
53,JAKARTA BARAT,11,2021,106.74999999999996,-6.158333333333336,7.640647565325037,2021-11-01
58,JAKARTA BARAT,12,2021,106.74999999999996,-6.158333333333336,7.648300888637574,2021-12-01
63,JAKARTA PUSAT,1,2021,106.84999999999997,-6.200000000000003,10.889165177941196,2021-01-01
68,JAKARTA PUSAT,2,2021,106.84999999999997,-6.200000000000003,14.592087119817386,2021-02-01
73,JAKARTA PUSAT,3,2021,106.84999999999997,-6.200000000000003,8.138815984129714,2021-03-01
78,JAKARTA PUSAT,4,2021,106.84999999999997,-6.200000000000003,5.379415787756331,2021-04-01
83,JAKARTA PUSAT,5,2021,106.84999999999997,-6.200000000000003,3.708481527865008,2021-05-01
88,JAKARTA PUSAT,6,2021,106.84999999999997,-6.200000000000003,4.860378764569697,2021-06-01
93,JAKARTA PUSAT,7,2021,106.84999999999997,-6.200000000000003,1.562837809324224,2021-07-01
98,JAKARTA PUSAT,8,2021,106.84999999999997,-6.200000000000003,5.246378108859259,2021-08-01
103,JAKARTA PUSAT,9,2021,106.84999999999997,-6.200000000000003,5.10979820042861,2021-09-01
108,JAKARTA PUSAT,10,2021,106.84999999999997,-6.200000000000003,4.605969861149648,2021-10-01
113,JAKARTA PUSAT,11,2021,106.84999999999997,-6.200000000000003,8.711064681410397,2021-11-01
118,JAKARTA PUSAT,12,2021,106.84999999999997,-6.200000000000003,7.924561128020075,2021-12-01
123,JAKARTA SELATAN,1,2021,106.8083333333333,-6.283333333333336,11.105528101324891,2021-01-01
128,JAKARTA SELATAN,2,2021,106.8083333333333,-6.283333333333336,13.23107307155891,2021-02-01
133,JAKARTA SELATAN,3,2021,106.8083333333333,-6.283333333333336,8.64465379466594,2021-03-01
138,JAKARTA SELATAN,4,2021,106.8083333333333,-6.283333333333336,5.532641631240549,2021-04-01
143,JAKARTA SELATAN,5,2021,106.8083333333333,-6.283333333333336,4.05682766189187,2021-05-01
148,JAKARTA SELATAN,6,2021,106.8083333333333,-6.283333333333336,4.931611567735623,2021-06-01
153,JAKARTA SELATAN,7,2021,106.8083333333333,-6.283333333333336,1.5440684432784393,2021-07-01
158,JAKARTA SELATAN,8,2021,106.8083333333333,-6.283333333333336,5.851865683992853,2021-08-01
163,JAKARTA SELATAN,9,2021,106.8083333333333,-6.283333333333336,5.79701301952219,2021-09-01
168,JAKARTA SELATAN,10,2021,106.8083333333333,-6.283333333333336,4.822107125073551,2021-10-01
173,JAKARTA SELATAN,11,2021,106.8083333333333,-6.283333333333336,9.453503166635477,2021-11-01
178,JAKARTA SELATAN,12,2021,106.8083333333333,-6.283333333333336,7.86887997140474,2021-12-01
183,JAKARTA TIMUR,1,2021,106.90999999999997,-6.2600000000000025,11.346333175897453,2021-01-01
188,JAKARTA TIMUR,2,2021,106.90999999999997,-6.2600000000000025,14.170351058244345,2021-02-01
193,JAKARTA TIMUR,3,2021,106.90999999999997,-6.2600000000000025,9.007793657481432,2021-03-01
198,JAKARTA TIMUR,4,2021,106.90999999999997,-6.2600000000000025,5.7875642590223375,2021-04-01
203,JAKARTA TIMUR,5,2021,106.90999999999997,-6.2600000000000025,3.8649326786399754,2021-05-01
208,JAKARTA TIMUR,6,2021,106.90999999999997,-6.2600000000000025,5.081139743328026,2021-06-01
213,JAKARTA TIMUR,7,2021,106.90999999999997,-6.2600000000000025,1.6634921953081612,2021-07-01
218,JAKARTA TIMUR,8,2021,106.90999999999997,-6.2600000000000025,5.339120492339334,2021-08-01
223,JAKARTA TIMUR,9,2021,106.90999999999997,-6.2600000000000025,5.436276994645757,2021-09-01
228,JAKARTA TIMUR,10,2021,106.90999999999997,-6.2600000000000025,5.080208621918997,2021-10-01
233,JAKARTA TIMUR,11,2021,106.90999999999997,-6.2600000000000025,10.159353345632098,2021-11-01
238,JAKARTA TIMUR,12,2021,106.90999999999997,-6.2600000000000025,8.295285508036422,2021-12-01
243,JAKARTA UTARA,1,2021,106.89166666666664,-6.1250000000000036,10.735750676443102,2021-01-01
248,JAKARTA UTARA,2,2021,106.89166666666664,-6.1250000000000036,15.811612463245423,2021-02-01
253,JAKARTA UTARA,3,2021,106.89166666666664,-6.1250000000000036,7.718819770961914,2021-03-01
258,JAKARTA UTARA,4,2021,106.89166666666664,-6.1250000000000036,5.310250930488067,2021-04-01
263,JAKARTA UTARA,5,2021,106.89166666666664,-6.1250000000000036,3.568791927148975,2021-05-01
268,JAKARTA UTARA,6,2021,106.89166666666664,-6.1250000000000036,4.9187243233124205,2021-06-01
273,JAKARTA UTARA,7,2021,106.89166666666664,-6.1250000000000036,1.6541043172279926,2021-07-01
278,JAKARTA UTARA,8,2021,106.89166666666664,-6.1250000000000036,4.572350190331759,2021-08-01
283,JAKARTA UTARA,9,2021,106.89166666666664,-6.1250000000000036,4.857002949963134,2021-09-01
288,JAKARTA UTARA,10,2021,106.89166666666664,-6.1250000000000036,4.442771753917042,2021-10-01
293,JAKARTA UTARA,11,2021,106.89166666666664,-6.1250000000000036,8.136556434134347,2021-11-01
298,JAKARTA UTARA,12,2021,106.89166666666664,-6.1250000000000036,8.356442973017446,2021-12-01
4,JAKARTA BARAT,1,2022,106.74999999999996,-6.158333333333336,6.211204094191294,2022-01-01
9,JAKARTA BARAT,2,2022,106.74999999999996,-6.158333333333336,6.593098811184325,2022-02-01
14,JAKARTA BARAT,3,2022,106.74999999999996,-6.158333333333336,4.9302262502412315,2022-03-01
19,JAKARTA BARAT,4,2022,106.74999999999996,-6.158333333333336,5.894483961165025,2022-04-01
24,JAKARTA BARAT,5,2022,106.74999999999996,-6.158333333333336,4.471461152037029,2022-05-01
29,JAKARTA BARAT,6,2022,106.74999999999996,-6.158333333333336,4.836592158923613,2022-06-01
34,JAKARTA BARAT,7,2022,106.74999999999996,-6.158333333333336,5.34084418167692,2022-07-01
39,JAKARTA BARAT,8,2022,106.74999999999996,-6.158333333333336,2.63290228322157,2022-08-01
44,JAKARTA BARAT,9,2022,106.74999999999996,-6.158333333333336,5.058992020785955,2022-09-01
49,JAKARTA BARAT,10,2022,106.74999999999996,-6.158333333333336,8.69398850637187,2022-10-01
54,JAKARTA BARAT,11,2022,106.74999999999996,-6.158333333333336,5.420633082588494,2022-11-01
59,JAKARTA BARAT,12,2022,106.74999999999996,-6.158333333333336,7.583383352806088,2022-12-01
64,JAKARTA PUSAT,1,2022,106.84999999999997,-6.200000000000003,6.387758925556966,2022-01-01
69,JAKARTA PUSAT,2,2022,106.84999999999997,-6.200000000000003,6.939271874725682,2022-02-01
74,JAKARTA PUSAT,3,2022,106.84999999999997,-6.200000000000003,5.342451147734952,2022-03-01
79,JAKARTA PUSAT,4,2022,106.84999999999997,-6.200000000000003,6.224453113973061,2022-04-01
84,JAKARTA PUSAT,5,2022,106.84999999999997,-6.200000000000003,4.45075042545793,2022-05-01
89,JAKARTA PUSAT,6,2022,106.84999999999997,-6.200000000000003,4.871469624340505,2022-06-01
94,JAKARTA PUSAT,7,2022,106.84999999999997,-6.200000000000003,4.817460998893101,2022-07-01
99,JAKARTA PUSAT,8,2022,106.84999999999997,-6.200000000000003,2.546699158847389,2022-08-01
104,JAKARTA PUSAT,9,2022,106.84999999999997,-6.200000000000003,4.883859008550829,2022-09-01
109,JAKARTA PUSAT,10,2022,106.84999999999997,-6.200000000000003,9.109007883816847,2022-10-01
114,JAKARTA PUSAT,11,2022,106.84999999999997,-6.200000000000003,6.044120602309543,2022-11-01
119,JAKARTA PUSAT,12,2022,106.84999999999997,-6.200000000000003,8.146679736673606,2022-12-01
124,JAKARTA SELATAN,1,2022,106.8083333333333,-6.283333333333336,6.133702614654962,2022-01-01
129,JAKARTA SELATAN,2,2022,106.8083333333333,-6.283333333333336,7.170308536539367,2022-02-01
134,JAKARTA SELATAN,3,2022,106.8083333333333,-6.283333333333336,5.728620787461448,2022-03-01
139,JAKARTA SELATAN,4,2022,106.8083333333333,-6.283333333333336,6.754099080959899,2022-04-01
144,JAKARTA SELATAN,5,2022,106.8083333333333,-6.283333333333336,4.537256589780256,2022-05-01
149,JAKARTA SELATAN,6,2022,106.8083333333333,-6.283333333333336,5.11871945733827,2022-06-01
154,JAKARTA SELATAN,7,2022,106.8083333333333,-6.283333333333336,5.238950190445102,2022-07-01
159,JAKARTA SELATAN,8,2022,106.8083333333333,-6.283333333333336,2.867935877293434,2022-08-01
164,JAKARTA SELATAN,9,2022,106.8083333333333,-6.283333333333336,5.510060489177928,2022-09-01
169,JAKARTA SELATAN,10,2022,106.8083333333333,-6.283333333333336,9.893112132946586,2022-10-01
174,JAKARTA SELATAN,11,2022,106.8083333333333,-6.283333333333336,6.69994158670293,2022-11-01
179,JAKARTA SELATAN,12,2022,106.8083333333333,-6.283333333333336,8.4693692624567,2022-12-01
184,JAKARTA TIMUR,1,2022,106.90999999999997,-6.2600000000000025,6.538067281246006,2022-01-01
189,JAKARTA TIMUR,2,2022,106.90999999999997,-6.2600000000000025,7.414845861494392,2022-02-01
194,JAKARTA TIMUR,3,2022,106.90999999999997,-6.2600000000000025,6.047833338379656,2022-03-01
199,JAKARTA TIMUR,4,2022,106.90999999999997,-6.2600000000000025,6.838584206998251,2022-04-01
204,JAKARTA TIMUR,5,2022,106.90999999999997,-6.2600000000000025,4.585067585110645,2022-05-01
209,JAKARTA TIMUR,6,2022,106.90999999999997,-6.2600000000000025,5.138857521116717,2022-06-01
214,JAKARTA TIMUR,7,2022,106.90999999999997,-6.2600000000000025,4.500942073762778,2022-07-01
219,JAKARTA TIMUR,8,2022,106.90999999999997,-6.2600000000000025,2.700824588537291,2022-08-01
224,JAKARTA TIMUR,9,2022,106.90999999999997,-6.2600000000000025,4.986750133335822,2022-09-01
229,JAKARTA TIMUR,10,2022,106.90999999999997,-6.2600000000000025,10.011915367096536,2022-10-01
234,JAKARTA TIMUR,11,2022,106.90999999999997,-6.2600000000000025,6.89838689565641,2022-11-01
239,JAKARTA TIMUR,12,2022,106.90999999999997,-6.2600000000000025,8.883232079446069,2022-12-01
244,JAKARTA UTARA,1,2022,106.89166666666664,-6.1250000000000036,6.727245748042898,2022-01-01
249,JAKARTA UTARA,2,2022,106.89166666666664,-6.1250000000000036,6.805269876494901,2022-02-01
254,JAKARTA UTARA,3,2022,106.89166666666664,-6.1250000000000036,5.0209857585528646,2022-03-01
259,JAKARTA UTARA,4,2022,106.89166666666664,-6.1250000000000036,5.804147701710427,2022-04-01
264,JAKARTA UTARA,5,2022,106.89166666666664,-6.1250000000000036,4.492542843023923,2022-05-01
269,JAKARTA UTARA,6,2022,106.89166666666664,-6.1250000000000036,4.82623031983771,2022-06-01
274,JAKARTA UTARA,7,2022,106.89166666666664,-6.1250000000000036,4.51284249002763,2022-07-01
279,JAKARTA UTARA,8,2022,106.89166666666664,-6.1250000000000036,2.4352472896377764,2022-08-01
284,JAKARTA UTARA,9,2022,106.89166666666664,-6.1250000000000036,4.522162129481786,2022-09-01
289,JAKARTA UTARA,10,2022,106.89166666666664,-6.1250000000000036,8.589306309198298,2022-10-01
294,JAKARTA UTARA,11,2022,106.89166666666664,-6.1250000000000036,5.543475951999294,2022-11-01
299,JAKARTA UTARA,12,2022,106.89166666666664,-6.1250000000000036,7.970699879030204,2022-12-01
