,KABKOT,month,year,geometry,longitude,latitude,RH,time
0,JAKARTA BARAT,1,2018,"MULTIPOINT ((106.69999999999996 -6.150000000000003), (106.69999999999996 -6.100000000000003), (106.74999999999996 -6.200000000000003), (106.74999999999996 -6.150000000000003), (106.79999999999995 -6.200000000000003), (106.79999999999995 -6.150000000000003))",106.74999999999996,-6.158333333333336,81.91416015625,2018-01-01
1,JAKARTA BARAT,1,2019,"MULTIPOINT ((106.69999999999996 -6.150000000000003), (106.69999999999996 -6.100000000000003), (106.74999999999996 -6.200000000000003), (106.74999999999996 -6.150000000000003), (106.79999999999995 -6.200000000000003), (106.79999999999995 -6.150000000000003))",106.74999999999996,-6.158333333333336,83.68302205403643,2019-01-01
2,JAKARTA BARAT,1,2020,"MULTIPOINT ((106.69999999999996 -6.150000000000003), (106.69999999999996 -6.100000000000003), (106.74999999999996 -6.200000000000003), (106.74999999999996 -6.150000000000003), (106.79999999999995 -6.200000000000003), (106.79999999999995 -6.150000000000003))",106.74999999999996,-6.158333333333336,85.89500630696614,2020-01-01
3,JAKARTA BARAT,1,2021,"MULTIPOINT ((106.69999999999996 -6.150000000000003), (106.69999999999996 -6.100000000000003), (106.74999999999996 -6.200000000000003), (106.74999999999996 -6.150000000000003), (106.79999999999995 -6.200000000000003), (106.79999999999995 -6.150000000000003))",106.74999999999996,-6.158333333333336,85.86905619303394,2021-01-01
4,JAKARTA BARAT,1,2022,"MULTIPOINT ((106.69999999999996 -6.150000000000003), (106.69999999999996 -6.100000000000003), (106.74999999999996 -6.200000000000003), (106.74999999999996 -6.150000000000003), (106.79999999999995 -6.200000000000003), (106.79999999999995 -6.150000000000003))",106.74999999999996,-6.158333333333336,83.32106628417976,2022-01-01
5,JAKARTA BARAT,2,2018,"MULTIPOINT ((106.69999999999996 -6.150000000000003), (106.69999999999996 -6.100000000000003), (106.74999999999996 -6.200000000000003), (106.74999999999996 -6.150000000000003), (106.79999999999995 -6.200000000000003), (106.79999999999995 -6.150000000000003))",106.74999999999996,-6.158333333333336,85.60763346354155,2018-02-01
6,JAKARTA BARAT,2,2019,"MULTIPOINT ((106.69999999999996 -6.150000000000003), (106.69999999999996 -6.100000000000003), (106.74999999999996 -6.200000000000003), (106.74999999999996 -6.150000000000003), (106.79999999999995 -6.200000000000003), (106.79999999999995 -6.150000000000003))",106.74999999999996,-6.158333333333336,84.65773010253902,2019-02-01
7,JAKARTA BARAT,2,2020,"MULTIPOINT ((106.69999999999996 -6.150000000000003), (106.69999999999996 -6.100000000000003), (106.74999999999996 -6.200000000000003), (106.74999999999996 -6.150000000000003), (106.79999999999995 -6.200000000000003), (106.79999999999995 -6.150000000000003))",106.74999999999996,-6.158333333333336,86.1364217122395,2020-02-01
8,JAKARTA BARAT,2,2021,"MULTIPOINT ((106.69999999999996 -6.150000000000003), (106.69999999999996 -6.100000000000003), (106.74999999999996 -6.200000000000003), (106.74999999999996 -6.150000000000003), (106.79999999999995 -6.200000000000003), (106.79999999999995 -6.150000000000003))",106.74999999999996,-6.158333333333336,86.57535298665346,2021-02-01
9,JAKARTA BARAT,2,2022,"MULTIPOINT ((106.69999999999996 -6.150000000000003), (106.69999999999996 -6.100000000000003), (106.74999999999996 -6.200000000000003), (106.74999999999996 -6.150000000000003), (106.79999999999995 -6.200000000000003), (106.79999999999995 -6.150000000000003))",106.74999999999996,-6.158333333333336,83.5305501302084,2022-02-01
10,JAKARTA BARAT,3,2018,"MULTIPOINT ((106.69999999999996 -6.150000000000003), (106.69999999999996 -6.100000000000003), (106.74999999999996 -6.200000000000003), (106.74999999999996 -6.150000000000003), (106.79999999999995 -6.200000000000003), (106.79999999999995 -6.150000000000003))",106.74999999999996,-6.158333333333336,83.61339619954417,2018-03-01
11,JAKARTA BARAT,3,2019,"MULTIPOINT ((106.69999999999996 -6.150000000000003), (106.69999999999996 -6.100000000000003), (106.74999999999996 -6.200000000000003), (106.74999999999996 -6.150000000000003), (106.79999999999995 -6.200000000000003), (106.79999999999995 -6.150000000000003))",106.74999999999996,-6.158333333333336,83.80189717610678,2019-03-01
12,JAKARTA BARAT,3,2020,"MULTIPOINT ((106.69999999999996 -6.150000000000003), (106.69999999999996 -6.100000000000003), (106.74999999999996 -6.200000000000003), (106.74999999999996 -6.150000000000003), (106.79999999999995 -6.200000000000003), (106.79999999999995 -6.150000000000003))",106.74999999999996,-6.158333333333336,84.38978373209632,2020-03-01
13,JAKARTA BARAT,3,2021,"MULTIPOINT ((106.69999999999996 -6.150000000000003), (106.69999999999996 -6.100000000000003), (106.74999999999996 -6.200000000000003), (106.74999999999996 -6.150000000000003), (106.79999999999995 -6.200000000000003), (106.79999999999995 -6.150000000000003))",106.74999999999996,-6.158333333333336,82.87356160481762,2021-03-01
14,JAKARTA BARAT,3,2022,"MULTIPOINT ((106.69999999999996 -6.150000000000003), (106.69999999999996 -6.100000000000003), (106.74999999999996 -6.200000000000003), (106.74999999999996 -6.150000000000003), (106.79999999999995 -6.200000000000003), (106.79999999999995 -6.150000000000003))",106.74999999999996,-6.158333333333336,82.71324259440108,2022-03-01
15,JAKARTA BARAT,4,2018,"MULTIPOINT ((106.69999999999996 -6.150000000000003), (106.69999999999996 -6.100000000000003), (106.74999999999996 -6.200000000000003), (106.74999999999996 -6.150000000000003), (106.79999999999995 -6.200000000000003), (106.79999999999995 -6.150000000000003))",106.74999999999996,-6.158333333333336,83.66941630045575,2018-04-01
16,JAKARTA BARAT,4,2019,"MULTIPOINT ((106.69999999999996 -6.150000000000003), (106.69999999999996 -6.100000000000003), (106.74999999999996 -6.200000000000003), (106.74999999999996 -6.150000000000003), (106.79999999999995 -6.200000000000003), (106.79999999999995 -6.150000000000003))",106.74999999999996,-6.158333333333336,83.95999857584643,2019-04-01
17,JAKARTA BARAT,4,2020,"MULTIPOINT ((106.69999999999996 -6.150000000000003), (106.69999999999996 -6.100000000000003), (106.74999999999996 -6.200000000000003), (106.74999999999996 -6.150000000000003), (106.79999999999995 -6.200000000000003), (106.79999999999995 -6.150000000000003))",106.74999999999996,-6.158333333333336,84.41822509765625,2020-04-01
18,JAKARTA BARAT,4,2021,"MULTIPOINT ((106.69999999999996 -6.150000000000003), (106.69999999999996 -6.100000000000003), (106.74999999999996 -6.200000000000003), (106.74999999999996 -6.150000000000003), (106.79999999999995 -6.200000000000003), (106.79999999999995 -6.150000000000003))",106.74999999999996,-6.158333333333336,81.50893859863292,2021-04-01
19,JAKARTA BARAT,4,2022,"MULTIPOINT ((106.69999999999996 -6.150000000000003), (106.69999999999996 -6.100000000000003), (106.74999999999996 -6.200000000000003), (106.74999999999996 -6.150000000000003), (106.79999999999995 -6.200000000000003), (106.79999999999995 -6.150000000000003))",106.74999999999996,-6.158333333333336,82.04018046061208,2022-04-01
20,JAKARTA BARAT,5,2018,"MULTIPOINT ((106.69999999999996 -6.150000000000003), (106.69999999999996 -6.100000000000003), (106.74999999999996 -6.200000000000003), (106.74999999999996 -6.150000000000003), (106.79999999999995 -6.200000000000003), (106.79999999999995 -6.150000000000003))",106.74999999999996,-6.158333333333336,80.34615885416666,2018-05-01
21,JAKARTA BARAT,5,2019,"MULTIPOINT ((106.69999999999996 -6.150000000000003), (106.69999999999996 -6.100000000000003), (106.74999999999996 -6.200000000000003), (106.74999999999996 -6.150000000000003), (106.79999999999995 -6.200000000000003), (106.79999999999995 -6.150000000000003))",106.74999999999996,-6.158333333333336,81.01414286295575,2019-05-01
22,JAKARTA BARAT,5,2020,"MULTIPOINT ((106.69999999999996 -6.150000000000003), (106.69999999999996 -6.100000000000003), (106.74999999999996 -6.200000000000003), (106.74999999999996 -6.150000000000003), (106.79999999999995 -6.200000000000003), (106.79999999999995 -6.150000000000003))",106.74999999999996,-6.158333333333336,83.59945475260417,2020-05-01
23,JAKARTA BARAT,5,2021,"MULTIPOINT ((106.69999999999996 -6.150000000000003), (106.69999999999996 -6.100000000000003), (106.74999999999996 -6.200000000000003), (106.74999999999996 -6.150000000000003), (106.79999999999995 -6.200000000000003), (106.79999999999995 -6.150000000000003))",106.74999999999996,-6.158333333333336,81.10568033854169,2021-05-01
24,JAKARTA BARAT,5,2022,"MULTIPOINT ((106.69999999999996 -6.150000000000003), (106.69999999999996 -6.100000000000003), (106.74999999999996 -6.200000000000003), (106.74999999999996 -6.150000000000003), (106.79999999999995 -6.200000000000003), (106.79999999999995 -6.150000000000003))",106.74999999999996,-6.158333333333336,83.53308308919291,2022-05-01
25,JAKARTA BARAT,6,2018,"MULTIPOINT ((106.69999999999996 -6.150000000000003), (106.69999999999996 -6.100000000000003), (106.74999999999996 -6.200000000000003), (106.74999999999996 -6.150000000000003), (106.79999999999995 -6.200000000000003), (106.79999999999995 -6.150000000000003))",106.74999999999996,-6.158333333333336,79.28447265624986,2018-06-01
26,JAKARTA BARAT,6,2019,"MULTIPOINT ((106.69999999999996 -6.150000000000003), (106.69999999999996 -6.100000000000003), (106.74999999999996 -6.200000000000003), (106.74999999999996 -6.150000000000003), (106.79999999999995 -6.200000000000003), (106.79999999999995 -6.150000000000003))",106.74999999999996,-6.158333333333336,74.71313374837233,2019-06-01
27,JAKARTA BARAT,6,2020,"MULTIPOINT ((106.69999999999996 -6.150000000000003), (106.69999999999996 -6.100000000000003), (106.74999999999996 -6.200000000000003), (106.74999999999996 -6.150000000000003), (106.79999999999995 -6.200000000000003), (106.79999999999995 -6.150000000000003))",106.74999999999996,-6.158333333333336,81.03355712890628,2020-06-01
28,JAKARTA BARAT,6,2021,"MULTIPOINT ((106.69999999999996 -6.150000000000003), (106.69999999999996 -6.100000000000003), (106.74999999999996 -6.200000000000003), (106.74999999999996 -6.150000000000003), (106.79999999999995 -6.200000000000003), (106.79999999999995 -6.150000000000003))",106.74999999999996,-6.158333333333336,83.64358520507831,2021-06-01
29,JAKARTA BARAT,6,2022,"MULTIPOINT ((106.69999999999996 -6.150000000000003), (106.69999999999996 -6.100000000000003), (106.74999999999996 -6.200000000000003), (106.74999999999996 -6.150000000000003), (106.79999999999995 -6.200000000000003), (106.79999999999995 -6.150000000000003))",106.74999999999996,-6.158333333333336,83.67923278808618,2022-06-01
30,JAKARTA BARAT,7,2018,"MULTIPOINT ((106.69999999999996 -6.150000000000003), (106.69999999999996 -6.100000000000003), (106.74999999999996 -6.200000000000003), (106.74999999999996 -6.150000000000003), (106.79999999999995 -6.200000000000003), (106.79999999999995 -6.150000000000003))",106.74999999999996,-6.158333333333336,71.59750162760403,2018-07-01
31,JAKARTA BARAT,7,2019,"MULTIPOINT ((106.69999999999996 -6.150000000000003), (106.69999999999996 -6.100000000000003), (106.74999999999996 -6.200000000000003), (106.74999999999996 -6.150000000000003), (106.79999999999995 -6.200000000000003), (106.79999999999995 -6.150000000000003))",106.74999999999996,-6.158333333333336,71.21834106445282,2019-07-01
32,JAKARTA BARAT,7,2020,"MULTIPOINT ((106.69999999999996 -6.150000000000003), (106.69999999999996 -6.100000000000003), (106.74999999999996 -6.200000000000003), (106.74999999999996 -6.150000000000003), (106.79999999999995 -6.200000000000003), (106.79999999999995 -6.150000000000003))",106.74999999999996,-6.158333333333336,77.49566752115882,2020-07-01
33,JAKARTA BARAT,7,2021,"MULTIPOINT ((106.69999999999996 -6.150000000000003), (106.69999999999996 -6.100000000000003), (106.74999999999996 -6.200000000000003), (106.74999999999996 -6.150000000000003), (106.79999999999995 -6.200000000000003), (106.79999999999995 -6.150000000000003))",106.74999999999996,-6.158333333333336,78.0597920735678,2021-07-01
34,JAKARTA BARAT,7,2022,"MULTIPOINT ((106.69999999999996 -6.150000000000003), (106.69999999999996 -6.100000000000003), (106.74999999999996 -6.200000000000003), (106.74999999999996 -6.150000000000003), (106.79999999999995 -6.200000000000003), (106.79999999999995 -6.150000000000003))",106.74999999999996,-6.158333333333336,81.59126892089844,2022-07-01
35,JAKARTA BARAT,8,2018,"MULTIPOINT ((106.69999999999996 -6.150000000000003), (106.69999999999996 -6.100000000000003), (106.74999999999996 -6.200000000000003), (106.74999999999996 -6.150000000000003), (106.79999999999995 -6.200000000000003), (106.79999999999995 -6.150000000000003))",106.74999999999996,-6.158333333333336,69.81239420572886,2018-08-01
36,JAKARTA BARAT,8,2019,"MULTIPOINT ((106.69999999999996 -6.150000000000003), (106.69999999999996 -6.100000000000003), (106.74999999999996 -6.200000000000003), (106.74999999999996 -6.150000000000003), (106.79999999999995 -6.200000000000003), (106.79999999999995 -6.150000000000003))",106.74999999999996,-6.158333333333336,70.11067097981751,2019-08-01
37,JAKARTA BARAT,8,2020,"MULTIPOINT ((106.69999999999996 -6.150000000000003), (106.69999999999996 -6.100000000000003), (106.74999999999996 -6.200000000000003), (106.74999999999996 -6.150000000000003), (106.79999999999995 -6.200000000000003), (106.79999999999995 -6.150000000000003))",106.74999999999996,-6.158333333333336,74.8413350423176,2020-08-01
38,JAKARTA BARAT,8,2021,"MULTIPOINT ((106.69999999999996 -6.150000000000003), (106.69999999999996 -6.100000000000003), (106.74999999999996 -6.200000000000003), (106.74999999999996 -6.150000000000003), (106.79999999999995 -6.200000000000003), (106.79999999999995 -6.150000000000003))",106.74999999999996,-6.158333333333336,78.9230875651045,2021-08-01
39,JAKARTA BARAT,8,2022,"MULTIPOINT ((106.69999999999996 -6.150000000000003), (106.69999999999996 -6.100000000000003), (106.74999999999996 -6.200000000000003), (106.74999999999996 -6.150000000000003), (106.79999999999995 -6.200000000000003), (106.79999999999995 -6.150000000000003))",106.74999999999996,-6.158333333333336,80.05228881835951,2022-08-01
40,JAKARTA BARAT,9,2018,"MULTIPOINT ((106.69999999999996 -6.150000000000003), (106.69999999999996 -6.100000000000003), (106.74999999999996 -6.200000000000003), (106.74999999999996 -6.150000000000003), (106.79999999999995 -6.200000000000003), (106.79999999999995 -6.150000000000003))",106.74999999999996,-6.158333333333336,68.86245422363245,2018-09-01
41,JAKARTA BARAT,9,2019,"MULTIPOINT ((106.69999999999996 -6.150000000000003), (106.69999999999996 -6.100000000000003), (106.74999999999996 -6.200000000000003), (106.74999999999996 -6.150000000000003), (106.79999999999995 -6.200000000000003), (106.79999999999995 -6.150000000000003))",106.74999999999996,-6.158333333333336,69.30343729654918,2019-09-01
42,JAKARTA BARAT,9,2020,"MULTIPOINT ((106.69999999999996 -6.150000000000003), (106.69999999999996 -6.100000000000003), (106.74999999999996 -6.200000000000003), (106.74999999999996 -6.150000000000003), (106.79999999999995 -6.200000000000003), (106.79999999999995 -6.150000000000003))",106.74999999999996,-6.158333333333336,74.38914794921871,2020-09-01
43,JAKARTA BARAT,9,2021,"MULTIPOINT ((106.69999999999996 -6.150000000000003), (106.69999999999996 -6.100000000000003), (106.74999999999996 -6.200000000000003), (106.74999999999996 -6.150000000000003), (106.79999999999995 -6.200000000000003), (106.79999999999995 -6.150000000000003))",106.74999999999996,-6.158333333333336,79.64974365234379,2021-09-01
44,JAKARTA BARAT,9,2022,"MULTIPOINT ((106.69999999999996 -6.150000000000003), (106.69999999999996 -6.100000000000003), (106.74999999999996 -6.200000000000003), (106.74999999999996 -6.150000000000003), (106.79999999999995 -6.200000000000003), (106.79999999999995 -6.150000000000003))",106.74999999999996,-6.158333333333336,80.84428202311226,2022-09-01
45,JAKARTA BARAT,10,2018,"MULTIPOINT ((106.69999999999996 -6.150000000000003), (106.69999999999996 -6.100000000000003), (106.74999999999996 -6.200000000000003), (106.74999999999996 -6.150000000000003), (106.79999999999995 -6.200000000000003), (106.79999999999995 -6.150000000000003))",106.74999999999996,-6.158333333333336,72.79044799804666,2018-10-01
46,JAKARTA BARAT,10,2019,"MULTIPOINT ((106.69999999999996 -6.150000000000003), (106.69999999999996 -6.100000000000003), (106.74999999999996 -6.200000000000003), (106.74999999999996 -6.150000000000003), (106.79999999999995 -6.200000000000003), (106.79999999999995 -6.150000000000003))",106.74999999999996,-6.158333333333336,69.09746704101518,2019-10-01
47,JAKARTA BARAT,10,2020,"MULTIPOINT ((106.69999999999996 -6.150000000000003), (106.69999999999996 -6.100000000000003), (106.74999999999996 -6.200000000000003), (106.74999999999996 -6.150000000000003), (106.79999999999995 -6.200000000000003), (106.79999999999995 -6.150000000000003))",106.74999999999996,-6.158333333333336,77.8150136311849,2020-10-01
48,JAKARTA BARAT,10,2021,"MULTIPOINT ((106.69999999999996 -6.150000000000003), (106.69999999999996 -6.100000000000003), (106.74999999999996 -6.200000000000003), (106.74999999999996 -6.150000000000003), (106.79999999999995 -6.200000000000003), (106.79999999999995 -6.150000000000003))",106.74999999999996,-6.158333333333336,79.20348307291675,2021-10-01
49,JAKARTA BARAT,10,2022,"MULTIPOINT ((106.69999999999996 -6.150000000000003), (106.69999999999996 -6.100000000000003), (106.74999999999996 -6.200000000000003), (106.74999999999996 -6.150000000000003), (106.79999999999995 -6.200000000000003), (106.79999999999995 -6.150000000000003))",106.74999999999996,-6.158333333333336,82.82036234537755,2022-10-01
50,JAKARTA BARAT,11,2018,"MULTIPOINT ((106.69999999999996 -6.150000000000003), (106.69999999999996 -6.100000000000003), (106.74999999999996 -6.200000000000003), (106.74999999999996 -6.150000000000003), (106.79999999999995 -6.200000000000003), (106.79999999999995 -6.150000000000003))",106.74999999999996,-6.158333333333336,81.83207906087229,2018-11-01
51,JAKARTA BARAT,11,2019,"MULTIPOINT ((106.69999999999996 -6.150000000000003), (106.69999999999996 -6.100000000000003), (106.74999999999996 -6.200000000000003), (106.74999999999996 -6.150000000000003), (106.79999999999995 -6.200000000000003), (106.79999999999995 -6.150000000000003))",106.74999999999996,-6.158333333333336,74.38977661132743,2019-11-01
52,JAKARTA BARAT,11,2020,"MULTIPOINT ((106.69999999999996 -6.150000000000003), (106.69999999999996 -6.100000000000003), (106.74999999999996 -6.200000000000003), (106.74999999999996 -6.150000000000003), (106.79999999999995 -6.200000000000003), (106.79999999999995 -6.150000000000003))",106.74999999999996,-6.158333333333336,81.09503479003895,2020-11-01
53,JAKARTA BARAT,11,2021,"MULTIPOINT ((106.69999999999996 -6.150000000000003), (106.69999999999996 -6.100000000000003), (106.74999999999996 -6.200000000000003), (106.74999999999996 -6.150000000000003), (106.79999999999995 -6.200000000000003), (106.79999999999995 -6.150000000000003))",106.74999999999996,-6.158333333333336,81.591488647461,2021-11-01
54,JAKARTA BARAT,11,2022,"MULTIPOINT ((106.69999999999996 -6.150000000000003), (106.69999999999996 -6.100000000000003), (106.74999999999996 -6.200000000000003), (106.74999999999996 -6.150000000000003), (106.79999999999995 -6.200000000000003), (106.79999999999995 -6.150000000000003))",106.74999999999996,-6.158333333333336,82.11912638346358,2022-11-01
55,JAKARTA BARAT,12,2018,"MULTIPOINT ((106.69999999999996 -6.150000000000003), (106.69999999999996 -6.100000000000003), (106.74999999999996 -6.200000000000003), (106.74999999999996 -6.150000000000003), (106.79999999999995 -6.200000000000003), (106.79999999999995 -6.150000000000003))",106.74999999999996,-6.158333333333336,80.8577779134114,2018-12-01
56,JAKARTA BARAT,12,2019,"MULTIPOINT ((106.69999999999996 -6.150000000000003), (106.69999999999996 -6.100000000000003), (106.74999999999996 -6.200000000000003), (106.74999999999996 -6.150000000000003), (106.79999999999995 -6.200000000000003), (106.79999999999995 -6.150000000000003))",106.74999999999996,-6.158333333333336,82.37423299153653,2019-12-01
57,JAKARTA BARAT,12,2020,"MULTIPOINT ((106.69999999999996 -6.150000000000003), (106.69999999999996 -6.100000000000003), (106.74999999999996 -6.200000000000003), (106.74999999999996 -6.150000000000003), (106.79999999999995 -6.200000000000003), (106.79999999999995 -6.150000000000003))",106.74999999999996,-6.158333333333336,83.04466654459645,2020-12-01
58,JAKARTA BARAT,12,2021,"MULTIPOINT ((106.69999999999996 -6.150000000000003), (106.69999999999996 -6.100000000000003), (106.74999999999996 -6.200000000000003), (106.74999999999996 -6.150000000000003), (106.79999999999995 -6.200000000000003), (106.79999999999995 -6.150000000000003))",106.74999999999996,-6.158333333333336,83.56459350585936,2021-12-01
59,JAKARTA BARAT,12,2022,"MULTIPOINT ((106.69999999999996 -6.150000000000003), (106.69999999999996 -6.100000000000003), (106.74999999999996 -6.200000000000003), (106.74999999999996 -6.150000000000003), (106.79999999999995 -6.200000000000003), (106.79999999999995 -6.150000000000003))",106.74999999999996,-6.158333333333336,83.02156982421879,2022-12-01
60,JAKARTA PUSAT,1,2018,POINT (106.84999999999997 -6.200000000000003),106.84999999999997,-6.200000000000003,81.77712402343761,2018-01-01
61,JAKARTA PUSAT,1,2019,POINT (106.84999999999997 -6.200000000000003),106.84999999999997,-6.200000000000003,83.8856933593749,2019-01-01
62,JAKARTA PUSAT,1,2020,POINT (106.84999999999997 -6.200000000000003),106.84999999999997,-6.200000000000003,86.0410644531251,2020-01-01
63,JAKARTA PUSAT,1,2021,POINT (106.84999999999997 -6.200000000000003),106.84999999999997,-6.200000000000003,86.03822631835953,2021-01-01
64,JAKARTA PUSAT,1,2022,POINT (106.84999999999997 -6.200000000000003),106.84999999999997,-6.200000000000003,83.46480712890639,2022-01-01
65,JAKARTA PUSAT,2,2018,POINT (106.84999999999997 -6.200000000000003),106.84999999999997,-6.200000000000003,85.84272460937484,2018-02-01
66,JAKARTA PUSAT,2,2019,POINT (106.84999999999997 -6.200000000000003),106.84999999999997,-6.200000000000003,84.73095703125013,2019-02-01
67,JAKARTA PUSAT,2,2020,POINT (106.84999999999997 -6.200000000000003),106.84999999999997,-6.200000000000003,86.44782714843727,2020-02-01
68,JAKARTA PUSAT,2,2021,POINT (106.84999999999997 -6.200000000000003),106.84999999999997,-6.200000000000003,86.85421752929669,2021-02-01
69,JAKARTA PUSAT,2,2022,POINT (106.84999999999997 -6.200000000000003),106.84999999999997,-6.200000000000003,83.64860839843743,2022-02-01
70,JAKARTA PUSAT,3,2018,POINT (106.84999999999997 -6.200000000000003),106.84999999999997,-6.200000000000003,83.77357177734383,2018-03-01
71,JAKARTA PUSAT,3,2019,POINT (106.84999999999997 -6.200000000000003),106.84999999999997,-6.200000000000003,83.94481201171885,2019-03-01
72,JAKARTA PUSAT,3,2020,POINT (106.84999999999997 -6.200000000000003),106.84999999999997,-6.200000000000003,84.51853637695305,2020-03-01
73,JAKARTA PUSAT,3,2021,POINT (106.84999999999997 -6.200000000000003),106.84999999999997,-6.200000000000003,82.97490844726555,2021-03-01
74,JAKARTA PUSAT,3,2022,POINT (106.84999999999997 -6.200000000000003),106.84999999999997,-6.200000000000003,82.73186645507822,2022-03-01
75,JAKARTA PUSAT,4,2018,POINT (106.84999999999997 -6.200000000000003),106.84999999999997,-6.200000000000003,83.59251098632824,2018-04-01
76,JAKARTA PUSAT,4,2019,POINT (106.84999999999997 -6.200000000000003),106.84999999999997,-6.200000000000003,84.12138671874999,2019-04-01
77,JAKARTA PUSAT,4,2020,POINT (106.84999999999997 -6.200000000000003),106.84999999999997,-6.200000000000003,84.51002807617216,2020-04-01
78,JAKARTA PUSAT,4,2021,POINT (106.84999999999997 -6.200000000000003),106.84999999999997,-6.200000000000003,81.48869628906255,2021-04-01
79,JAKARTA PUSAT,4,2022,POINT (106.84999999999997 -6.200000000000003),106.84999999999997,-6.200000000000003,82.13812866210958,2022-04-01
80,JAKARTA PUSAT,5,2018,POINT (106.84999999999997 -6.200000000000003),106.84999999999997,-6.200000000000003,80.21781616210916,2018-05-01
81,JAKARTA PUSAT,5,2019,POINT (106.84999999999997 -6.200000000000003),106.84999999999997,-6.200000000000003,80.8370483398437,2019-05-01
82,JAKARTA PUSAT,5,2020,POINT (106.84999999999997 -6.200000000000003),106.84999999999997,-6.200000000000003,83.64716796875003,2020-05-01
83,JAKARTA PUSAT,5,2021,POINT (106.84999999999997 -6.200000000000003),106.84999999999997,-6.200000000000003,81.19916992187513,2021-05-01
84,JAKARTA PUSAT,5,2022,POINT (106.84999999999997 -6.200000000000003),106.84999999999997,-6.200000000000003,83.51417846679709,2022-05-01
85,JAKARTA PUSAT,6,2018,POINT (106.84999999999997 -6.200000000000003),106.84999999999997,-6.200000000000003,79.39576416015598,2018-06-01
86,JAKARTA PUSAT,6,2019,POINT (106.84999999999997 -6.200000000000003),106.84999999999997,-6.200000000000003,74.90488281249952,2019-06-01
87,JAKARTA PUSAT,6,2020,POINT (106.84999999999997 -6.200000000000003),106.84999999999997,-6.200000000000003,80.90009765624986,2020-06-01
88,JAKARTA PUSAT,6,2021,POINT (106.84999999999997 -6.200000000000003),106.84999999999997,-6.200000000000003,83.70742797851561,2021-06-01
89,JAKARTA PUSAT,6,2022,POINT (106.84999999999997 -6.200000000000003),106.84999999999997,-6.200000000000003,83.62476806640616,2022-06-01
90,JAKARTA PUSAT,7,2018,POINT (106.84999999999997 -6.200000000000003),106.84999999999997,-6.200000000000003,71.87464599609312,2018-07-01
91,JAKARTA PUSAT,7,2019,POINT (106.84999999999997 -6.200000000000003),106.84999999999997,-6.200000000000003,71.41096191406206,2019-07-01
92,JAKARTA PUSAT,7,2020,POINT (106.84999999999997 -6.200000000000003),106.84999999999997,-6.200000000000003,77.46544799804667,2020-07-01
93,JAKARTA PUSAT,7,2021,POINT (106.84999999999997 -6.200000000000003),106.84999999999997,-6.200000000000003,78.02808837890638,2021-07-01
94,JAKARTA PUSAT,7,2022,POINT (106.84999999999997 -6.200000000000003),106.84999999999997,-6.200000000000003,81.43462524414076,2022-07-01
95,JAKARTA PUSAT,8,2018,POINT (106.84999999999997 -6.200000000000003),106.84999999999997,-6.200000000000003,70.43990478515582,2018-08-01
96,JAKARTA PUSAT,8,2019,POINT (106.84999999999997 -6.200000000000003),106.84999999999997,-6.200000000000003,69.97391357421861,2019-08-01
97,JAKARTA PUSAT,8,2020,POINT (106.84999999999997 -6.200000000000003),106.84999999999997,-6.200000000000003,74.91954956054657,2020-08-01
98,JAKARTA PUSAT,8,2021,POINT (106.84999999999997 -6.200000000000003),106.84999999999997,-6.200000000000003,78.75578613281246,2021-08-01
99,JAKARTA PUSAT,8,2022,POINT (106.84999999999997 -6.200000000000003),106.84999999999997,-6.200000000000003,79.7502014160159,2022-08-01
100,JAKARTA PUSAT,9,2018,POINT (106.84999999999997 -6.200000000000003),106.84999999999997,-6.200000000000003,69.13188476562426,2018-09-01
101,JAKARTA PUSAT,9,2019,POINT (106.84999999999997 -6.200000000000003),106.84999999999997,-6.200000000000003,69.07149658203109,2019-09-01
102,JAKARTA PUSAT,9,2020,POINT (106.84999999999997 -6.200000000000003),106.84999999999997,-6.200000000000003,74.42985229492166,2020-09-01
103,JAKARTA PUSAT,9,2021,POINT (106.84999999999997 -6.200000000000003),106.84999999999997,-6.200000000000003,79.24213256835942,2021-09-01
104,JAKARTA PUSAT,9,2022,POINT (106.84999999999997 -6.200000000000003),106.84999999999997,-6.200000000000003,80.49128417968772,2022-09-01
105,JAKARTA PUSAT,10,2018,POINT (106.84999999999997 -6.200000000000003),106.84999999999997,-6.200000000000003,73.1739685058588,2018-10-01
106,JAKARTA PUSAT,10,2019,POINT (106.84999999999997 -6.200000000000003),106.84999999999997,-6.200000000000003,69.3523010253898,2019-10-01
107,JAKARTA PUSAT,10,2020,POINT (106.84999999999997 -6.200000000000003),106.84999999999997,-6.200000000000003,78.27996215820264,2020-10-01
108,JAKARTA PUSAT,10,2021,POINT (106.84999999999997 -6.200000000000003),106.84999999999997,-6.200000000000003,79.5725585937498,2021-10-01
109,JAKARTA PUSAT,10,2022,POINT (106.84999999999997 -6.200000000000003),106.84999999999997,-6.200000000000003,82.88791503906228,2022-10-01
110,JAKARTA PUSAT,11,2018,POINT (106.84999999999997 -6.200000000000003),106.84999999999997,-6.200000000000003,82.10829467773436,2018-11-01
111,JAKARTA PUSAT,11,2019,POINT (106.84999999999997 -6.200000000000003),106.84999999999997,-6.200000000000003,75.7246948242178,2019-11-01
112,JAKARTA PUSAT,11,2020,POINT (106.84999999999997 -6.200000000000003),106.84999999999997,-6.200000000000003,81.41886596679682,2020-11-01
113,JAKARTA PUSAT,11,2021,POINT (106.84999999999997 -6.200000000000003),106.84999999999997,-6.200000000000003,81.74925537109344,2021-11-01
114,JAKARTA PUSAT,11,2022,POINT (106.84999999999997 -6.200000000000003),106.84999999999997,-6.200000000000003,82.238122558594,2022-11-01
115,JAKARTA PUSAT,12,2018,POINT (106.84999999999997 -6.200000000000003),106.84999999999997,-6.200000000000003,80.86126708984379,2018-12-01
116,JAKARTA PUSAT,12,2019,POINT (106.84999999999997 -6.200000000000003),106.84999999999997,-6.200000000000003,82.81606445312491,2019-12-01
117,JAKARTA PUSAT,12,2020,POINT (106.84999999999997 -6.200000000000003),106.84999999999997,-6.200000000000003,83.00504150390623,2020-12-01
118,JAKARTA PUSAT,12,2021,POINT (106.84999999999997 -6.200000000000003),106.84999999999997,-6.200000000000003,83.64268188476557,2021-12-01
119,JAKARTA PUSAT,12,2022,POINT (106.84999999999997 -6.200000000000003),106.84999999999997,-6.200000000000003,83.18475952148445,2022-12-01
120,JAKARTA SELATAN,1,2018,"MULTIPOINT ((106.74999999999996 -6.250000000000003), (106.79999999999995 -6.350000000000002), (106.79999999999995 -6.3000000000000025), (106.79999999999995 -6.250000000000003), (106.84999999999997 -6.3000000000000025), (106.84999999999997 -6.250000000000003))",106.8083333333333,-6.283333333333336,82.01547241210947,2018-01-01
121,JAKARTA SELATAN,1,2019,"MULTIPOINT ((106.74999999999996 -6.250000000000003), (106.79999999999995 -6.350000000000002), (106.79999999999995 -6.3000000000000025), (106.79999999999995 -6.250000000000003), (106.84999999999997 -6.3000000000000025), (106.84999999999997 -6.250000000000003))",106.8083333333333,-6.283333333333336,84.29902140299475,2019-01-01
122,JAKARTA SELATAN,1,2020,"MULTIPOINT ((106.74999999999996 -6.250000000000003), (106.79999999999995 -6.350000000000002), (106.79999999999995 -6.3000000000000025), (106.79999999999995 -6.250000000000003), (106.84999999999997 -6.3000000000000025), (106.84999999999997 -6.250000000000003))",106.8083333333333,-6.283333333333336,86.42279052734371,2020-01-01
123,JAKARTA SELATAN,1,2021,"MULTIPOINT ((106.74999999999996 -6.250000000000003), (106.79999999999995 -6.350000000000002), (106.79999999999995 -6.3000000000000025), (106.79999999999995 -6.250000000000003), (106.84999999999997 -6.3000000000000025), (106.84999999999997 -6.250000000000003))",106.8083333333333,-6.283333333333336,86.41425069173185,2021-01-01
124,JAKARTA SELATAN,1,2022,"MULTIPOINT ((106.74999999999996 -6.250000000000003), (106.79999999999995 -6.350000000000002), (106.79999999999995 -6.3000000000000025), (106.79999999999995 -6.250000000000003), (106.84999999999997 -6.3000000000000025), (106.84999999999997 -6.250000000000003))",106.8083333333333,-6.283333333333336,83.5532328287761,2022-01-01
125,JAKARTA SELATAN,2,2018,"MULTIPOINT ((106.74999999999996 -6.250000000000003), (106.79999999999995 -6.350000000000002), (106.79999999999995 -6.3000000000000025), (106.79999999999995 -6.250000000000003), (106.84999999999997 -6.3000000000000025), (106.84999999999997 -6.250000000000003))",106.8083333333333,-6.283333333333336,86.04963684082021,2018-02-01
126,JAKARTA SELATAN,2,2019,"MULTIPOINT ((106.74999999999996 -6.250000000000003), (106.79999999999995 -6.350000000000002), (106.79999999999995 -6.3000000000000025), (106.79999999999995 -6.250000000000003), (106.84999999999997 -6.3000000000000025), (106.84999999999997 -6.250000000000003))",106.8083333333333,-6.283333333333336,84.99999491373696,2019-02-01
127,JAKARTA SELATAN,2,2020,"MULTIPOINT ((106.74999999999996 -6.250000000000003), (106.79999999999995 -6.350000000000002), (106.79999999999995 -6.3000000000000025), (106.79999999999995 -6.250000000000003), (106.84999999999997 -6.3000000000000025), (106.84999999999997 -6.250000000000003))",106.8083333333333,-6.283333333333336,86.90752665201813,2020-02-01
128,JAKARTA SELATAN,2,2021,"MULTIPOINT ((106.74999999999996 -6.250000000000003), (106.79999999999995 -6.350000000000002), (106.79999999999995 -6.3000000000000025), (106.79999999999995 -6.250000000000003), (106.84999999999997 -6.3000000000000025), (106.84999999999997 -6.250000000000003))",106.8083333333333,-6.283333333333336,87.12861124674471,2021-02-01
129,JAKARTA SELATAN,2,2022,"MULTIPOINT ((106.74999999999996 -6.250000000000003), (106.79999999999995 -6.350000000000002), (106.79999999999995 -6.3000000000000025), (106.79999999999995 -6.250000000000003), (106.84999999999997 -6.3000000000000025), (106.84999999999997 -6.250000000000003))",106.8083333333333,-6.283333333333336,84.03237406412761,2022-02-01
130,JAKARTA SELATAN,3,2018,"MULTIPOINT ((106.74999999999996 -6.250000000000003), (106.79999999999995 -6.350000000000002), (106.79999999999995 -6.3000000000000025), (106.79999999999995 -6.250000000000003), (106.84999999999997 -6.3000000000000025), (106.84999999999997 -6.250000000000003))",106.8083333333333,-6.283333333333336,83.94305928548168,2018-03-01
131,JAKARTA SELATAN,3,2019,"MULTIPOINT ((106.74999999999996 -6.250000000000003), (106.79999999999995 -6.350000000000002), (106.79999999999995 -6.3000000000000025), (106.79999999999995 -6.250000000000003), (106.84999999999997 -6.3000000000000025), (106.84999999999997 -6.250000000000003))",106.8083333333333,-6.283333333333336,84.11181640624979,2019-03-01
132,JAKARTA SELATAN,3,2020,"MULTIPOINT ((106.74999999999996 -6.250000000000003), (106.79999999999995 -6.350000000000002), (106.79999999999995 -6.3000000000000025), (106.79999999999995 -6.250000000000003), (106.84999999999997 -6.3000000000000025), (106.84999999999997 -6.250000000000003))",106.8083333333333,-6.283333333333336,84.84382120768231,2020-03-01
133,JAKARTA SELATAN,3,2021,"MULTIPOINT ((106.74999999999996 -6.250000000000003), (106.79999999999995 -6.350000000000002), (106.79999999999995 -6.3000000000000025), (106.79999999999995 -6.250000000000003), (106.84999999999997 -6.3000000000000025), (106.84999999999997 -6.250000000000003))",106.8083333333333,-6.283333333333336,83.14095560709632,2021-03-01
134,JAKARTA SELATAN,3,2022,"MULTIPOINT ((106.74999999999996 -6.250000000000003), (106.79999999999995 -6.350000000000002), (106.79999999999995 -6.3000000000000025), (106.79999999999995 -6.250000000000003), (106.84999999999997 -6.3000000000000025), (106.84999999999997 -6.250000000000003))",106.8083333333333,-6.283333333333336,82.91973876953126,2022-03-01
135,JAKARTA SELATAN,4,2018,"MULTIPOINT ((106.74999999999996 -6.250000000000003), (106.79999999999995 -6.350000000000002), (106.79999999999995 -6.3000000000000025), (106.79999999999995 -6.250000000000003), (106.84999999999997 -6.3000000000000025), (106.84999999999997 -6.250000000000003))",106.8083333333333,-6.283333333333336,83.81354777018235,2018-04-01
136,JAKARTA SELATAN,4,2019,"MULTIPOINT ((106.74999999999996 -6.250000000000003), (106.79999999999995 -6.350000000000002), (106.79999999999995 -6.3000000000000025), (106.79999999999995 -6.250000000000003), (106.84999999999997 -6.3000000000000025), (106.84999999999997 -6.250000000000003))",106.8083333333333,-6.283333333333336,84.35215759277341,2019-04-01
137,JAKARTA SELATAN,4,2020,"MULTIPOINT ((106.74999999999996 -6.250000000000003), (106.79999999999995 -6.350000000000002), (106.79999999999995 -6.3000000000000025), (106.79999999999995 -6.250000000000003), (106.84999999999997 -6.3000000000000025), (106.84999999999997 -6.250000000000003))",106.8083333333333,-6.283333333333336,84.89725748697914,2020-04-01
138,JAKARTA SELATAN,4,2021,"MULTIPOINT ((106.74999999999996 -6.250000000000003), (106.79999999999995 -6.350000000000002), (106.79999999999995 -6.3000000000000025), (106.79999999999995 -6.250000000000003), (106.84999999999997 -6.3000000000000025), (106.84999999999997 -6.250000000000003))",106.8083333333333,-6.283333333333336,81.7409973144531,2021-04-01
139,JAKARTA SELATAN,4,2022,"MULTIPOINT ((106.74999999999996 -6.250000000000003), (106.79999999999995 -6.350000000000002), (106.79999999999995 -6.3000000000000025), (106.79999999999995 -6.250000000000003), (106.84999999999997 -6.3000000000000025), (106.84999999999997 -6.250000000000003))",106.8083333333333,-6.283333333333336,82.63916524251306,2022-04-01
140,JAKARTA SELATAN,5,2018,"MULTIPOINT ((106.74999999999996 -6.250000000000003), (106.79999999999995 -6.350000000000002), (106.79999999999995 -6.3000000000000025), (106.79999999999995 -6.250000000000003), (106.84999999999997 -6.3000000000000025), (106.84999999999997 -6.250000000000003))",106.8083333333333,-6.283333333333336,80.17424011230476,2018-05-01
141,JAKARTA SELATAN,5,2019,"MULTIPOINT ((106.74999999999996 -6.250000000000003), (106.79999999999995 -6.350000000000002), (106.79999999999995 -6.3000000000000025), (106.79999999999995 -6.250000000000003), (106.84999999999997 -6.3000000000000025), (106.84999999999997 -6.250000000000003))",106.8083333333333,-6.283333333333336,80.99267069498708,2019-05-01
142,JAKARTA SELATAN,5,2020,"MULTIPOINT ((106.74999999999996 -6.250000000000003), (106.79999999999995 -6.350000000000002), (106.79999999999995 -6.3000000000000025), (106.79999999999995 -6.250000000000003), (106.84999999999997 -6.3000000000000025), (106.84999999999997 -6.250000000000003))",106.8083333333333,-6.283333333333336,83.9520111083984,2020-05-01
143,JAKARTA SELATAN,5,2021,"MULTIPOINT ((106.74999999999996 -6.250000000000003), (106.79999999999995 -6.350000000000002), (106.79999999999995 -6.3000000000000025), (106.79999999999995 -6.250000000000003), (106.84999999999997 -6.3000000000000025), (106.84999999999997 -6.250000000000003))",106.8083333333333,-6.283333333333336,81.49474080403635,2021-05-01
144,JAKARTA SELATAN,5,2022,"MULTIPOINT ((106.74999999999996 -6.250000000000003), (106.79999999999995 -6.350000000000002), (106.79999999999995 -6.3000000000000025), (106.79999999999995 -6.250000000000003), (106.84999999999997 -6.3000000000000025), (106.84999999999997 -6.250000000000003))",106.8083333333333,-6.283333333333336,83.93674723307295,2022-05-01
145,JAKARTA SELATAN,6,2018,"MULTIPOINT ((106.74999999999996 -6.250000000000003), (106.79999999999995 -6.350000000000002), (106.79999999999995 -6.3000000000000025), (106.79999999999995 -6.250000000000003), (106.84999999999997 -6.3000000000000025), (106.84999999999997 -6.250000000000003))",106.8083333333333,-6.283333333333336,79.21704610188796,2018-06-01
146,JAKARTA SELATAN,6,2019,"MULTIPOINT ((106.74999999999996 -6.250000000000003), (106.79999999999995 -6.350000000000002), (106.79999999999995 -6.3000000000000025), (106.79999999999995 -6.250000000000003), (106.84999999999997 -6.3000000000000025), (106.84999999999997 -6.250000000000003))",106.8083333333333,-6.283333333333336,74.69914245605456,2019-06-01
147,JAKARTA SELATAN,6,2020,"MULTIPOINT ((106.74999999999996 -6.250000000000003), (106.79999999999995 -6.350000000000002), (106.79999999999995 -6.3000000000000025), (106.79999999999995 -6.250000000000003), (106.84999999999997 -6.3000000000000025), (106.84999999999997 -6.250000000000003))",106.8083333333333,-6.283333333333336,81.2392832438153,2020-06-01
148,JAKARTA SELATAN,6,2021,"MULTIPOINT ((106.74999999999996 -6.250000000000003), (106.79999999999995 -6.350000000000002), (106.79999999999995 -6.3000000000000025), (106.79999999999995 -6.250000000000003), (106.84999999999997 -6.3000000000000025), (106.84999999999997 -6.250000000000003))",106.8083333333333,-6.283333333333336,84.13217671712246,2021-06-01
149,JAKARTA SELATAN,6,2022,"MULTIPOINT ((106.74999999999996 -6.250000000000003), (106.79999999999995 -6.350000000000002), (106.79999999999995 -6.3000000000000025), (106.79999999999995 -6.250000000000003), (106.84999999999997 -6.3000000000000025), (106.84999999999997 -6.250000000000003))",106.8083333333333,-6.283333333333336,84.11900329589845,2022-06-01
150,JAKARTA SELATAN,7,2018,"MULTIPOINT ((106.74999999999996 -6.250000000000003), (106.79999999999995 -6.350000000000002), (106.79999999999995 -6.3000000000000025), (106.79999999999995 -6.250000000000003), (106.84999999999997 -6.3000000000000025), (106.84999999999997 -6.250000000000003))",106.8083333333333,-6.283333333333336,70.85765075683554,2018-07-01
151,JAKARTA SELATAN,7,2019,"MULTIPOINT ((106.74999999999996 -6.250000000000003), (106.79999999999995 -6.350000000000002), (106.79999999999995 -6.3000000000000025), (106.79999999999995 -6.250000000000003), (106.84999999999997 -6.3000000000000025), (106.84999999999997 -6.250000000000003))",106.8083333333333,-6.283333333333336,70.55372111002583,2019-07-01
152,JAKARTA SELATAN,7,2020,"MULTIPOINT ((106.74999999999996 -6.250000000000003), (106.79999999999995 -6.350000000000002), (106.79999999999995 -6.3000000000000025), (106.79999999999995 -6.250000000000003), (106.84999999999997 -6.3000000000000025), (106.84999999999997 -6.250000000000003))",106.8083333333333,-6.283333333333336,77.35538228352867,2020-07-01
153,JAKARTA SELATAN,7,2021,"MULTIPOINT ((106.74999999999996 -6.250000000000003), (106.79999999999995 -6.350000000000002), (106.79999999999995 -6.3000000000000025), (106.79999999999995 -6.250000000000003), (106.84999999999997 -6.3000000000000025), (106.84999999999997 -6.250000000000003))",106.8083333333333,-6.283333333333336,78.07397969563804,2021-07-01
154,JAKARTA SELATAN,7,2022,"MULTIPOINT ((106.74999999999996 -6.250000000000003), (106.79999999999995 -6.350000000000002), (106.79999999999995 -6.3000000000000025), (106.79999999999995 -6.250000000000003), (106.84999999999997 -6.3000000000000025), (106.84999999999997 -6.250000000000003))",106.8083333333333,-6.283333333333336,81.70036824544287,2022-07-01
155,JAKARTA SELATAN,8,2018,"MULTIPOINT ((106.74999999999996 -6.250000000000003), (106.79999999999995 -6.350000000000002), (106.79999999999995 -6.3000000000000025), (106.79999999999995 -6.250000000000003), (106.84999999999997 -6.3000000000000025), (106.84999999999997 -6.250000000000003))",106.8083333333333,-6.283333333333336,69.46562194824168,2018-08-01
156,JAKARTA SELATAN,8,2019,"MULTIPOINT ((106.74999999999996 -6.250000000000003), (106.79999999999995 -6.350000000000002), (106.79999999999995 -6.3000000000000025), (106.79999999999995 -6.250000000000003), (106.84999999999997 -6.3000000000000025), (106.84999999999997 -6.250000000000003))",106.8083333333333,-6.283333333333336,69.09007263183587,2019-08-01
157,JAKARTA SELATAN,8,2020,"MULTIPOINT ((106.74999999999996 -6.250000000000003), (106.79999999999995 -6.350000000000002), (106.79999999999995 -6.3000000000000025), (106.79999999999995 -6.250000000000003), (106.84999999999997 -6.3000000000000025), (106.84999999999997 -6.250000000000003))",106.8083333333333,-6.283333333333336,74.60863749186193,2020-08-01
158,JAKARTA SELATAN,8,2021,"MULTIPOINT ((106.74999999999996 -6.250000000000003), (106.79999999999995 -6.350000000000002), (106.79999999999995 -6.3000000000000025), (106.79999999999995 -6.250000000000003), (106.84999999999997 -6.3000000000000025), (106.84999999999997 -6.250000000000003))",106.8083333333333,-6.283333333333336,79.3603973388674,2021-08-01
159,JAKARTA SELATAN,8,2022,"MULTIPOINT ((106.74999999999996 -6.250000000000003), (106.79999999999995 -6.350000000000002), (106.79999999999995 -6.3000000000000025), (106.79999999999995 -6.250000000000003), (106.84999999999997 -6.3000000000000025), (106.84999999999997 -6.250000000000003))",106.8083333333333,-6.283333333333336,80.16188049316426,2022-08-01
160,JAKARTA SELATAN,9,2018,"MULTIPOINT ((106.74999999999996 -6.250000000000003), (106.79999999999995 -6.350000000000002), (106.79999999999995 -6.3000000000000025), (106.79999999999995 -6.250000000000003), (106.84999999999997 -6.3000000000000025), (106.84999999999997 -6.250000000000003))",106.8083333333333,-6.283333333333336,68.33463541666617,2018-09-01
161,JAKARTA SELATAN,9,2019,"MULTIPOINT ((106.74999999999996 -6.250000000000003), (106.79999999999995 -6.350000000000002), (106.79999999999995 -6.3000000000000025), (106.79999999999995 -6.250000000000003), (106.84999999999997 -6.3000000000000025), (106.84999999999997 -6.250000000000003))",106.8083333333333,-6.283333333333336,68.11966451009108,2019-09-01
162,JAKARTA SELATAN,9,2020,"MULTIPOINT ((106.74999999999996 -6.250000000000003), (106.79999999999995 -6.350000000000002), (106.79999999999995 -6.3000000000000025), (106.79999999999995 -6.250000000000003), (106.84999999999997 -6.3000000000000025), (106.84999999999997 -6.250000000000003))",106.8083333333333,-6.283333333333336,74.41561381022136,2020-09-01
163,JAKARTA SELATAN,9,2021,"MULTIPOINT ((106.74999999999996 -6.250000000000003), (106.79999999999995 -6.350000000000002), (106.79999999999995 -6.3000000000000025), (106.79999999999995 -6.250000000000003), (106.84999999999997 -6.3000000000000025), (106.84999999999997 -6.250000000000003))",106.8083333333333,-6.283333333333336,79.73533630371112,2021-09-01
164,JAKARTA SELATAN,9,2022,"MULTIPOINT ((106.74999999999996 -6.250000000000003), (106.79999999999995 -6.350000000000002), (106.79999999999995 -6.3000000000000025), (106.79999999999995 -6.250000000000003), (106.84999999999997 -6.3000000000000025), (106.84999999999997 -6.250000000000003))",106.8083333333333,-6.283333333333336,81.0453389485679,2022-09-01
165,JAKARTA SELATAN,10,2018,"MULTIPOINT ((106.74999999999996 -6.250000000000003), (106.79999999999995 -6.350000000000002), (106.79999999999995 -6.3000000000000025), (106.79999999999995 -6.250000000000003), (106.84999999999997 -6.3000000000000025), (106.84999999999997 -6.250000000000003))",106.8083333333333,-6.283333333333336,72.98998514811173,2018-10-01
166,JAKARTA SELATAN,10,2019,"MULTIPOINT ((106.74999999999996 -6.250000000000003), (106.79999999999995 -6.350000000000002), (106.79999999999995 -6.3000000000000025), (106.79999999999995 -6.250000000000003), (106.84999999999997 -6.3000000000000025), (106.84999999999997 -6.250000000000003))",106.8083333333333,-6.283333333333336,68.55995686848928,2019-10-01
167,JAKARTA SELATAN,10,2020,"MULTIPOINT ((106.74999999999996 -6.250000000000003), (106.79999999999995 -6.350000000000002), (106.79999999999995 -6.3000000000000025), (106.79999999999995 -6.250000000000003), (106.84999999999997 -6.3000000000000025), (106.84999999999997 -6.250000000000003))",106.8083333333333,-6.283333333333336,78.83002217610654,2020-10-01
168,JAKARTA SELATAN,10,2021,"MULTIPOINT ((106.74999999999996 -6.250000000000003), (106.79999999999995 -6.350000000000002), (106.79999999999995 -6.3000000000000025), (106.79999999999995 -6.250000000000003), (106.84999999999997 -6.3000000000000025), (106.84999999999997 -6.250000000000003))",106.8083333333333,-6.283333333333336,80.20740763346353,2021-10-01
169,JAKARTA SELATAN,10,2022,"MULTIPOINT ((106.74999999999996 -6.250000000000003), (106.79999999999995 -6.350000000000002), (106.79999999999995 -6.3000000000000025), (106.79999999999995 -6.250000000000003), (106.84999999999997 -6.3000000000000025), (106.84999999999997 -6.250000000000003))",106.8083333333333,-6.283333333333336,83.17477416992186,2022-10-01
170,JAKARTA SELATAN,11,2018,"MULTIPOINT ((106.74999999999996 -6.250000000000003), (106.79999999999995 -6.350000000000002), (106.79999999999995 -6.3000000000000025), (106.79999999999995 -6.250000000000003), (106.84999999999997 -6.3000000000000025), (106.84999999999997 -6.250000000000003))",106.8083333333333,-6.283333333333336,82.4014333089192,2018-11-01
171,JAKARTA SELATAN,11,2019,"MULTIPOINT ((106.74999999999996 -6.250000000000003), (106.79999999999995 -6.350000000000002), (106.79999999999995 -6.3000000000000025), (106.79999999999995 -6.250000000000003), (106.84999999999997 -6.3000000000000025), (106.84999999999997 -6.250000000000003))",106.8083333333333,-6.283333333333336,75.09509277343678,2019-11-01
172,JAKARTA SELATAN,11,2020,"MULTIPOINT ((106.74999999999996 -6.250000000000003), (106.79999999999995 -6.350000000000002), (106.79999999999995 -6.3000000000000025), (106.79999999999995 -6.250000000000003), (106.84999999999997 -6.3000000000000025), (106.84999999999997 -6.250000000000003))",106.8083333333333,-6.283333333333336,81.73450215657539,2020-11-01
173,JAKARTA SELATAN,11,2021,"MULTIPOINT ((106.74999999999996 -6.250000000000003), (106.79999999999995 -6.350000000000002), (106.79999999999995 -6.3000000000000025), (106.79999999999995 -6.250000000000003), (106.84999999999997 -6.3000000000000025), (106.84999999999997 -6.250000000000003))",106.8083333333333,-6.283333333333336,82.29898071289061,2021-11-01
174,JAKARTA SELATAN,11,2022,"MULTIPOINT ((106.74999999999996 -6.250000000000003), (106.79999999999995 -6.350000000000002), (106.79999999999995 -6.3000000000000025), (106.79999999999995 -6.250000000000003), (106.84999999999997 -6.3000000000000025), (106.84999999999997 -6.250000000000003))",106.8083333333333,-6.283333333333336,82.52971903483062,2022-11-01
175,JAKARTA SELATAN,12,2018,"MULTIPOINT ((106.74999999999996 -6.250000000000003), (106.79999999999995 -6.350000000000002), (106.79999999999995 -6.3000000000000025), (106.79999999999995 -6.250000000000003), (106.84999999999997 -6.3000000000000025), (106.84999999999997 -6.250000000000003))",106.8083333333333,-6.283333333333336,81.02153015136712,2018-12-01
176,JAKARTA SELATAN,12,2019,"MULTIPOINT ((106.74999999999996 -6.250000000000003), (106.79999999999995 -6.350000000000002), (106.79999999999995 -6.3000000000000025), (106.79999999999995 -6.250000000000003), (106.84999999999997 -6.3000000000000025), (106.84999999999997 -6.250000000000003))",106.8083333333333,-6.283333333333336,83.3117370605468,2019-12-01
177,JAKARTA SELATAN,12,2020,"MULTIPOINT ((106.74999999999996 -6.250000000000003), (106.79999999999995 -6.350000000000002), (106.79999999999995 -6.3000000000000025), (106.79999999999995 -6.250000000000003), (106.84999999999997 -6.3000000000000025), (106.84999999999997 -6.250000000000003))",106.8083333333333,-6.283333333333336,83.18682861328124,2020-12-01
178,JAKARTA SELATAN,12,2021,"MULTIPOINT ((106.74999999999996 -6.250000000000003), (106.79999999999995 -6.350000000000002), (106.79999999999995 -6.3000000000000025), (106.79999999999995 -6.250000000000003), (106.84999999999997 -6.3000000000000025), (106.84999999999997 -6.250000000000003))",106.8083333333333,-6.283333333333336,83.90416463216141,2021-12-01
179,JAKARTA SELATAN,12,2022,"MULTIPOINT ((106.74999999999996 -6.250000000000003), (106.79999999999995 -6.350000000000002), (106.79999999999995 -6.3000000000000025), (106.79999999999995 -6.250000000000003), (106.84999999999997 -6.3000000000000025), (106.84999999999997 -6.250000000000003))",106.8083333333333,-6.283333333333336,83.51971435546874,2022-12-01
180,JAKARTA TIMUR,1,2018,"MULTIPOINT ((106.89999999999996 -6.350000000000002), (106.89999999999996 -6.3000000000000025), (106.89999999999996 -6.250000000000003), (106.89999999999996 -6.200000000000003), (106.94999999999996 -6.200000000000003))",106.90999999999997,-6.2600000000000025,81.97994262695318,2018-01-01
181,JAKARTA TIMUR,1,2019,"MULTIPOINT ((106.89999999999996 -6.350000000000002), (106.89999999999996 -6.3000000000000025), (106.89999999999996 -6.250000000000003), (106.89999999999996 -6.200000000000003), (106.94999999999996 -6.200000000000003))",106.90999999999997,-6.2600000000000025,84.25601318359384,2019-01-01
182,JAKARTA TIMUR,1,2020,"MULTIPOINT ((106.89999999999996 -6.350000000000002), (106.89999999999996 -6.3000000000000025), (106.89999999999996 -6.250000000000003), (106.89999999999996 -6.200000000000003), (106.94999999999996 -6.200000000000003))",106.90999999999997,-6.2600000000000025,86.3512670898437,2020-01-01
183,JAKARTA TIMUR,1,2021,"MULTIPOINT ((106.89999999999996 -6.350000000000002), (106.89999999999996 -6.3000000000000025), (106.89999999999996 -6.250000000000003), (106.89999999999996 -6.200000000000003), (106.94999999999996 -6.200000000000003))",106.90999999999997,-6.2600000000000025,86.37867797851555,2021-01-01
184,JAKARTA TIMUR,1,2022,"MULTIPOINT ((106.89999999999996 -6.350000000000002), (106.89999999999996 -6.3000000000000025), (106.89999999999996 -6.250000000000003), (106.89999999999996 -6.200000000000003), (106.94999999999996 -6.200000000000003))",106.90999999999997,-6.2600000000000025,83.68485595703123,2022-01-01
185,JAKARTA TIMUR,2,2018,"MULTIPOINT ((106.89999999999996 -6.350000000000002), (106.89999999999996 -6.3000000000000025), (106.89999999999996 -6.250000000000003), (106.89999999999996 -6.200000000000003), (106.94999999999996 -6.200000000000003))",106.90999999999997,-6.2600000000000025,86.19705200195301,2018-02-01
186,JAKARTA TIMUR,2,2019,"MULTIPOINT ((106.89999999999996 -6.350000000000002), (106.89999999999996 -6.3000000000000025), (106.89999999999996 -6.250000000000003), (106.89999999999996 -6.200000000000003), (106.94999999999996 -6.200000000000003))",106.90999999999997,-6.2600000000000025,84.95882446289063,2019-02-01
187,JAKARTA TIMUR,2,2020,"MULTIPOINT ((106.89999999999996 -6.350000000000002), (106.89999999999996 -6.3000000000000025), (106.89999999999996 -6.250000000000003), (106.89999999999996 -6.200000000000003), (106.94999999999996 -6.200000000000003))",106.90999999999997,-6.2600000000000025,86.96668945312496,2020-02-01
188,JAKARTA TIMUR,2,2021,"MULTIPOINT ((106.89999999999996 -6.350000000000002), (106.89999999999996 -6.3000000000000025), (106.89999999999996 -6.250000000000003), (106.89999999999996 -6.200000000000003), (106.94999999999996 -6.200000000000003))",106.90999999999997,-6.2600000000000025,87.24236450195303,2021-02-01
189,JAKARTA TIMUR,2,2022,"MULTIPOINT ((106.89999999999996 -6.350000000000002), (106.89999999999996 -6.3000000000000025), (106.89999999999996 -6.250000000000003), (106.89999999999996 -6.200000000000003), (106.94999999999996 -6.200000000000003))",106.90999999999997,-6.2600000000000025,83.99795532226558,2022-02-01
190,JAKARTA TIMUR,3,2018,"MULTIPOINT ((106.89999999999996 -6.350000000000002), (106.89999999999996 -6.3000000000000025), (106.89999999999996 -6.250000000000003), (106.89999999999996 -6.200000000000003), (106.94999999999996 -6.200000000000003))",106.90999999999997,-6.2600000000000025,84.0645959472655,2018-03-01
191,JAKARTA TIMUR,3,2019,"MULTIPOINT ((106.89999999999996 -6.350000000000002), (106.89999999999996 -6.3000000000000025), (106.89999999999996 -6.250000000000003), (106.89999999999996 -6.200000000000003), (106.94999999999996 -6.200000000000003))",106.90999999999997,-6.2600000000000025,84.27899047851554,2019-03-01
192,JAKARTA TIMUR,3,2020,"MULTIPOINT ((106.89999999999996 -6.350000000000002), (106.89999999999996 -6.3000000000000025), (106.89999999999996 -6.250000000000003), (106.89999999999996 -6.200000000000003), (106.94999999999996 -6.200000000000003))",106.90999999999997,-6.2600000000000025,84.92820556640606,2020-03-01
193,JAKARTA TIMUR,3,2021,"MULTIPOINT ((106.89999999999996 -6.350000000000002), (106.89999999999996 -6.3000000000000025), (106.89999999999996 -6.250000000000003), (106.89999999999996 -6.200000000000003), (106.94999999999996 -6.200000000000003))",106.90999999999997,-6.2600000000000025,83.26199584960932,2021-03-01
194,JAKARTA TIMUR,3,2022,"MULTIPOINT ((106.89999999999996 -6.350000000000002), (106.89999999999996 -6.3000000000000025), (106.89999999999996 -6.250000000000003), (106.89999999999996 -6.200000000000003), (106.94999999999996 -6.200000000000003))",106.90999999999997,-6.2600000000000025,83.0044519042969,2022-03-01
195,JAKARTA TIMUR,4,2018,"MULTIPOINT ((106.89999999999996 -6.350000000000002), (106.89999999999996 -6.3000000000000025), (106.89999999999996 -6.250000000000003), (106.89999999999996 -6.200000000000003), (106.94999999999996 -6.200000000000003))",106.90999999999997,-6.2600000000000025,83.70105957031258,2018-04-01
196,JAKARTA TIMUR,4,2019,"MULTIPOINT ((106.89999999999996 -6.350000000000002), (106.89999999999996 -6.3000000000000025), (106.89999999999996 -6.250000000000003), (106.89999999999996 -6.200000000000003), (106.94999999999996 -6.200000000000003))",106.90999999999997,-6.2600000000000025,84.46510498046871,2019-04-01
197,JAKARTA TIMUR,4,2020,"MULTIPOINT ((106.89999999999996 -6.350000000000002), (106.89999999999996 -6.3000000000000025), (106.89999999999996 -6.250000000000003), (106.89999999999996 -6.200000000000003), (106.94999999999996 -6.200000000000003))",106.90999999999997,-6.2600000000000025,84.87039428710939,2020-04-01
198,JAKARTA TIMUR,4,2021,"MULTIPOINT ((106.89999999999996 -6.350000000000002), (106.89999999999996 -6.3000000000000025), (106.89999999999996 -6.250000000000003), (106.89999999999996 -6.200000000000003), (106.94999999999996 -6.200000000000003))",106.90999999999997,-6.2600000000000025,81.6902404785157,2021-04-01
199,JAKARTA TIMUR,4,2022,"MULTIPOINT ((106.89999999999996 -6.350000000000002), (106.89999999999996 -6.3000000000000025), (106.89999999999996 -6.250000000000003), (106.89999999999996 -6.200000000000003), (106.94999999999996 -6.200000000000003))",106.90999999999997,-6.2600000000000025,82.55715820312508,2022-04-01
200,JAKARTA TIMUR,5,2018,"MULTIPOINT ((106.89999999999996 -6.350000000000002), (106.89999999999996 -6.3000000000000025), (106.89999999999996 -6.250000000000003), (106.89999999999996 -6.200000000000003), (106.94999999999996 -6.200000000000003))",106.90999999999997,-6.2600000000000025,80.17780029296866,2018-05-01
201,JAKARTA TIMUR,5,2019,"MULTIPOINT ((106.89999999999996 -6.350000000000002), (106.89999999999996 -6.3000000000000025), (106.89999999999996 -6.250000000000003), (106.89999999999996 -6.200000000000003), (106.94999999999996 -6.200000000000003))",106.90999999999997,-6.2600000000000025,80.85066040039084,2019-05-01
202,JAKARTA TIMUR,5,2020,"MULTIPOINT ((106.89999999999996 -6.350000000000002), (106.89999999999996 -6.3000000000000025), (106.89999999999996 -6.250000000000003), (106.89999999999996 -6.200000000000003), (106.94999999999996 -6.200000000000003))",106.90999999999997,-6.2600000000000025,83.91896606445306,2020-05-01
203,JAKARTA TIMUR,5,2021,"MULTIPOINT ((106.89999999999996 -6.350000000000002), (106.89999999999996 -6.3000000000000025), (106.89999999999996 -6.250000000000003), (106.89999999999996 -6.200000000000003), (106.94999999999996 -6.200000000000003))",106.90999999999997,-6.2600000000000025,81.54355468750003,2021-05-01
204,JAKARTA TIMUR,5,2022,"MULTIPOINT ((106.89999999999996 -6.350000000000002), (106.89999999999996 -6.3000000000000025), (106.89999999999996 -6.250000000000003), (106.89999999999996 -6.200000000000003), (106.94999999999996 -6.200000000000003))",106.90999999999997,-6.2600000000000025,83.78887329101576,2022-05-01
205,JAKARTA TIMUR,6,2018,"MULTIPOINT ((106.89999999999996 -6.350000000000002), (106.89999999999996 -6.3000000000000025), (106.89999999999996 -6.250000000000003), (106.89999999999996 -6.200000000000003), (106.94999999999996 -6.200000000000003))",106.90999999999997,-6.2600000000000025,79.66820312499976,2018-06-01
206,JAKARTA TIMUR,6,2019,"MULTIPOINT ((106.89999999999996 -6.350000000000002), (106.89999999999996 -6.3000000000000025), (106.89999999999996 -6.250000000000003), (106.89999999999996 -6.200000000000003), (106.94999999999996 -6.200000000000003))",106.90999999999997,-6.2600000000000025,75.16810424804665,2019-06-01
207,JAKARTA TIMUR,6,2020,"MULTIPOINT ((106.89999999999996 -6.350000000000002), (106.89999999999996 -6.3000000000000025), (106.89999999999996 -6.250000000000003), (106.89999999999996 -6.200000000000003), (106.94999999999996 -6.200000000000003))",106.90999999999997,-6.2600000000000025,81.07438842773433,2020-06-01
208,JAKARTA TIMUR,6,2021,"MULTIPOINT ((106.89999999999996 -6.350000000000002), (106.89999999999996 -6.3000000000000025), (106.89999999999996 -6.250000000000003), (106.89999999999996 -6.200000000000003), (106.94999999999996 -6.200000000000003))",106.90999999999997,-6.2600000000000025,84.04538940429688,2021-06-01
209,JAKARTA TIMUR,6,2022,"MULTIPOINT ((106.89999999999996 -6.350000000000002), (106.89999999999996 -6.3000000000000025), (106.89999999999996 -6.250000000000003), (106.89999999999996 -6.200000000000003), (106.94999999999996 -6.200000000000003))",106.90999999999997,-6.2600000000000025,83.87068237304692,2022-06-01
210,JAKARTA TIMUR,7,2018,"MULTIPOINT ((106.89999999999996 -6.350000000000002), (106.89999999999996 -6.3000000000000025), (106.89999999999996 -6.250000000000003), (106.89999999999996 -6.200000000000003), (106.94999999999996 -6.200000000000003))",106.90999999999997,-6.2600000000000025,72.42914794921808,2018-07-01
211,JAKARTA TIMUR,7,2019,"MULTIPOINT ((106.89999999999996 -6.350000000000002), (106.89999999999996 -6.3000000000000025), (106.89999999999996 -6.250000000000003), (106.89999999999996 -6.200000000000003), (106.94999999999996 -6.200000000000003))",106.90999999999997,-6.2600000000000025,71.43036376953086,2019-07-01
212,JAKARTA TIMUR,7,2020,"MULTIPOINT ((106.89999999999996 -6.350000000000002), (106.89999999999996 -6.3000000000000025), (106.89999999999996 -6.250000000000003), (106.89999999999996 -6.200000000000003), (106.94999999999996 -6.200000000000003))",106.90999999999997,-6.2600000000000025,77.72401489257796,2020-07-01
213,JAKARTA TIMUR,7,2021,"MULTIPOINT ((106.89999999999996 -6.350000000000002), (106.89999999999996 -6.3000000000000025), (106.89999999999996 -6.250000000000003), (106.89999999999996 -6.200000000000003), (106.94999999999996 -6.200000000000003))",106.90999999999997,-6.2600000000000025,78.23474853515614,2021-07-01
214,JAKARTA TIMUR,7,2022,"MULTIPOINT ((106.89999999999996 -6.350000000000002), (106.89999999999996 -6.3000000000000025), (106.89999999999996 -6.250000000000003), (106.89999999999996 -6.200000000000003), (106.94999999999996 -6.200000000000003))",106.90999999999997,-6.2600000000000025,81.49351562500004,2022-07-01
215,JAKARTA TIMUR,8,2018,"MULTIPOINT ((106.89999999999996 -6.350000000000002), (106.89999999999996 -6.3000000000000025), (106.89999999999996 -6.250000000000003), (106.89999999999996 -6.200000000000003), (106.94999999999996 -6.200000000000003))",106.90999999999997,-6.2600000000000025,71.12969238281181,2018-08-01
216,JAKARTA TIMUR,8,2019,"MULTIPOINT ((106.89999999999996 -6.350000000000002), (106.89999999999996 -6.3000000000000025), (106.89999999999996 -6.250000000000003), (106.89999999999996 -6.200000000000003), (106.94999999999996 -6.200000000000003))",106.90999999999997,-6.2600000000000025,69.84541381835912,2019-08-01
217,JAKARTA TIMUR,8,2020,"MULTIPOINT ((106.89999999999996 -6.350000000000002), (106.89999999999996 -6.3000000000000025), (106.89999999999996 -6.250000000000003), (106.89999999999996 -6.200000000000003), (106.94999999999996 -6.200000000000003))",106.90999999999997,-6.2600000000000025,75.23275512695284,2020-08-01
218,JAKARTA TIMUR,8,2021,"MULTIPOINT ((106.89999999999996 -6.350000000000002), (106.89999999999996 -6.3000000000000025), (106.89999999999996 -6.250000000000003), (106.89999999999996 -6.200000000000003), (106.94999999999996 -6.200000000000003))",106.90999999999997,-6.2600000000000025,79.0052270507814,2021-08-01
219,JAKARTA TIMUR,8,2022,"MULTIPOINT ((106.89999999999996 -6.350000000000002), (106.89999999999996 -6.3000000000000025), (106.89999999999996 -6.250000000000003), (106.89999999999996 -6.200000000000003), (106.94999999999996 -6.200000000000003))",106.90999999999997,-6.2600000000000025,79.8287866210939,2022-08-01
220,JAKARTA TIMUR,9,2018,"MULTIPOINT ((106.89999999999996 -6.350000000000002), (106.89999999999996 -6.3000000000000025), (106.89999999999996 -6.250000000000003), (106.89999999999996 -6.200000000000003), (106.94999999999996 -6.200000000000003))",106.90999999999997,-6.2600000000000025,69.8134875488275,2018-09-01
221,JAKARTA TIMUR,9,2019,"MULTIPOINT ((106.89999999999996 -6.350000000000002), (106.89999999999996 -6.3000000000000025), (106.89999999999996 -6.250000000000003), (106.89999999999996 -6.200000000000003), (106.94999999999996 -6.200000000000003))",106.90999999999997,-6.2600000000000025,68.73131225585922,2019-09-01
222,JAKARTA TIMUR,9,2020,"MULTIPOINT ((106.89999999999996 -6.350000000000002), (106.89999999999996 -6.3000000000000025), (106.89999999999996 -6.250000000000003), (106.89999999999996 -6.200000000000003), (106.94999999999996 -6.200000000000003))",106.90999999999997,-6.2600000000000025,74.96572143554675,2020-09-01
223,JAKARTA TIMUR,9,2021,"MULTIPOINT ((106.89999999999996 -6.350000000000002), (106.89999999999996 -6.3000000000000025), (106.89999999999996 -6.250000000000003), (106.89999999999996 -6.200000000000003), (106.94999999999996 -6.200000000000003))",106.90999999999997,-6.2600000000000025,79.22582885742206,2021-09-01
224,JAKARTA TIMUR,9,2022,"MULTIPOINT ((106.89999999999996 -6.350000000000002), (106.89999999999996 -6.3000000000000025), (106.89999999999996 -6.250000000000003), (106.89999999999996 -6.200000000000003), (106.94999999999996 -6.200000000000003))",106.90999999999997,-6.2600000000000025,80.55247070312515,2022-09-01
225,JAKARTA TIMUR,10,2018,"MULTIPOINT ((106.89999999999996 -6.350000000000002), (106.89999999999996 -6.3000000000000025), (106.89999999999996 -6.250000000000003), (106.89999999999996 -6.200000000000003), (106.94999999999996 -6.200000000000003))",106.90999999999997,-6.2600000000000025,73.89265380859331,2018-10-01
226,JAKARTA TIMUR,10,2019,"MULTIPOINT ((106.89999999999996 -6.350000000000002), (106.89999999999996 -6.3000000000000025), (106.89999999999996 -6.250000000000003), (106.89999999999996 -6.200000000000003), (106.94999999999996 -6.200000000000003))",106.90999999999997,-6.2600000000000025,69.73634643554635,2019-10-01
227,JAKARTA TIMUR,10,2020,"MULTIPOINT ((106.89999999999996 -6.350000000000002), (106.89999999999996 -6.3000000000000025), (106.89999999999996 -6.250000000000003), (106.89999999999996 -6.200000000000003), (106.94999999999996 -6.200000000000003))",106.90999999999997,-6.2600000000000025,79.2566174316404,2020-10-01
228,JAKARTA TIMUR,10,2021,"MULTIPOINT ((106.89999999999996 -6.350000000000002), (106.89999999999996 -6.3000000000000025), (106.89999999999996 -6.250000000000003), (106.89999999999996 -6.200000000000003), (106.94999999999996 -6.200000000000003))",106.90999999999997,-6.2600000000000025,80.16790405273429,2021-10-01
229,JAKARTA TIMUR,10,2022,"MULTIPOINT ((106.89999999999996 -6.350000000000002), (106.89999999999996 -6.3000000000000025), (106.89999999999996 -6.250000000000003), (106.89999999999996 -6.200000000000003), (106.94999999999996 -6.200000000000003))",106.90999999999997,-6.2600000000000025,83.16368286132808,2022-10-01
230,JAKARTA TIMUR,11,2018,"MULTIPOINT ((106.89999999999996 -6.350000000000002), (106.89999999999996 -6.3000000000000025), (106.89999999999996 -6.250000000000003), (106.89999999999996 -6.200000000000003), (106.94999999999996 -6.200000000000003))",106.90999999999997,-6.2600000000000025,82.56404052734365,2018-11-01
231,JAKARTA TIMUR,11,2019,"MULTIPOINT ((106.89999999999996 -6.350000000000002), (106.89999999999996 -6.3000000000000025), (106.89999999999996 -6.250000000000003), (106.89999999999996 -6.200000000000003), (106.94999999999996 -6.200000000000003))",106.90999999999997,-6.2600000000000025,76.89059692382718,2019-11-01
232,JAKARTA TIMUR,11,2020,"MULTIPOINT ((106.89999999999996 -6.350000000000002), (106.89999999999996 -6.3000000000000025), (106.89999999999996 -6.250000000000003), (106.89999999999996 -6.200000000000003), (106.94999999999996 -6.200000000000003))",106.90999999999997,-6.2600000000000025,81.8781970214842,2020-11-01
233,JAKARTA TIMUR,11,2021,"MULTIPOINT ((106.89999999999996 -6.350000000000002), (106.89999999999996 -6.3000000000000025), (106.89999999999996 -6.250000000000003), (106.89999999999996 -6.200000000000003), (106.94999999999996 -6.200000000000003))",106.90999999999997,-6.2600000000000025,82.23363891601548,2021-11-01
234,JAKARTA TIMUR,11,2022,"MULTIPOINT ((106.89999999999996 -6.350000000000002), (106.89999999999996 -6.3000000000000025), (106.89999999999996 -6.250000000000003), (106.89999999999996 -6.200000000000003), (106.94999999999996 -6.200000000000003))",106.90999999999997,-6.2600000000000025,82.58657226562502,2022-11-01
235,JAKARTA TIMUR,12,2018,"MULTIPOINT ((106.89999999999996 -6.350000000000002), (106.89999999999996 -6.3000000000000025), (106.89999999999996 -6.250000000000003), (106.89999999999996 -6.200000000000003), (106.94999999999996 -6.200000000000003))",106.90999999999997,-6.2600000000000025,81.08244018554683,2018-12-01
236,JAKARTA TIMUR,12,2019,"MULTIPOINT ((106.89999999999996 -6.350000000000002), (106.89999999999996 -6.3000000000000025), (106.89999999999996 -6.250000000000003), (106.89999999999996 -6.200000000000003), (106.94999999999996 -6.200000000000003))",106.90999999999997,-6.2600000000000025,83.44163330078113,2019-12-01
237,JAKARTA TIMUR,12,2020,"MULTIPOINT ((106.89999999999996 -6.350000000000002), (106.89999999999996 -6.3000000000000025), (106.89999999999996 -6.250000000000003), (106.89999999999996 -6.200000000000003), (106.94999999999996 -6.200000000000003))",106.90999999999997,-6.2600000000000025,83.2204028320313,2020-12-01
238,JAKARTA TIMUR,12,2021,"MULTIPOINT ((106.89999999999996 -6.350000000000002), (106.89999999999996 -6.3000000000000025), (106.89999999999996 -6.250000000000003), (106.89999999999996 -6.200000000000003), (106.94999999999996 -6.200000000000003))",106.90999999999997,-6.2600000000000025,83.898348388672,2021-12-01
239,JAKARTA TIMUR,12,2022,"MULTIPOINT ((106.89999999999996 -6.350000000000002), (106.89999999999996 -6.3000000000000025), (106.89999999999996 -6.250000000000003), (106.89999999999996 -6.200000000000003), (106.94999999999996 -6.200000000000003))",106.90999999999997,-6.2600000000000025,83.61429199218743,2022-12-01
240,JAKARTA UTARA,1,2018,"MULTIPOINT ((106.79999999999995 -6.100000000000003), (106.84999999999997 -6.150000000000003), (106.89999999999996 -6.150000000000003), (106.89999999999996 -6.100000000000003), (106.94999999999996 -6.150000000000003), (106.94999999999996 -6.100000000000003))",106.89166666666664,-6.1250000000000036,81.90591837565104,2018-01-01
241,JAKARTA UTARA,1,2019,"MULTIPOINT ((106.79999999999995 -6.100000000000003), (106.84999999999997 -6.150000000000003), (106.89999999999996 -6.150000000000003), (106.89999999999996 -6.100000000000003), (106.94999999999996 -6.150000000000003), (106.94999999999996 -6.100000000000003))",106.89166666666664,-6.1250000000000036,83.71051228841135,2019-01-01
242,JAKARTA UTARA,1,2020,"MULTIPOINT ((106.79999999999995 -6.100000000000003), (106.84999999999997 -6.150000000000003), (106.89999999999996 -6.150000000000003), (106.89999999999996 -6.100000000000003), (106.94999999999996 -6.150000000000003), (106.94999999999996 -6.100000000000003))",106.89166666666664,-6.1250000000000036,85.75088806152355,2020-01-01
243,JAKARTA UTARA,1,2021,"MULTIPOINT ((106.79999999999995 -6.100000000000003), (106.84999999999997 -6.150000000000003), (106.89999999999996 -6.150000000000003), (106.89999999999996 -6.100000000000003), (106.94999999999996 -6.150000000000003), (106.94999999999996 -6.100000000000003))",106.89166666666664,-6.1250000000000036,85.72125549316411,2021-01-01
244,JAKARTA UTARA,1,2022,"MULTIPOINT ((106.79999999999995 -6.100000000000003), (106.84999999999997 -6.150000000000003), (106.89999999999996 -6.150000000000003), (106.89999999999996 -6.100000000000003), (106.94999999999996 -6.150000000000003), (106.94999999999996 -6.100000000000003))",106.89166666666664,-6.1250000000000036,83.47285868326817,2022-01-01
245,JAKARTA UTARA,2,2018,"MULTIPOINT ((106.79999999999995 -6.100000000000003), (106.84999999999997 -6.150000000000003), (106.89999999999996 -6.150000000000003), (106.89999999999996 -6.100000000000003), (106.94999999999996 -6.150000000000003), (106.94999999999996 -6.100000000000003))",106.89166666666664,-6.1250000000000036,85.72419942220057,2018-02-01
246,JAKARTA UTARA,2,2019,"MULTIPOINT ((106.79999999999995 -6.100000000000003), (106.84999999999997 -6.150000000000003), (106.89999999999996 -6.150000000000003), (106.89999999999996 -6.100000000000003), (106.94999999999996 -6.150000000000003), (106.94999999999996 -6.100000000000003))",106.89166666666664,-6.1250000000000036,84.46781412760426,2019-02-01
247,JAKARTA UTARA,2,2020,"MULTIPOINT ((106.79999999999995 -6.100000000000003), (106.84999999999997 -6.150000000000003), (106.89999999999996 -6.150000000000003), (106.89999999999996 -6.100000000000003), (106.94999999999996 -6.150000000000003), (106.94999999999996 -6.100000000000003))",106.89166666666664,-6.1250000000000036,86.03388163248701,2020-02-01
248,JAKARTA UTARA,2,2021,"MULTIPOINT ((106.79999999999995 -6.100000000000003), (106.84999999999997 -6.150000000000003), (106.89999999999996 -6.150000000000003), (106.89999999999996 -6.100000000000003), (106.94999999999996 -6.150000000000003), (106.94999999999996 -6.100000000000003))",106.89166666666664,-6.1250000000000036,86.66602071126296,2021-02-01
249,JAKARTA UTARA,2,2022,"MULTIPOINT ((106.79999999999995 -6.100000000000003), (106.84999999999997 -6.150000000000003), (106.89999999999996 -6.150000000000003), (106.89999999999996 -6.100000000000003), (106.94999999999996 -6.150000000000003), (106.94999999999996 -6.100000000000003))",106.89166666666664,-6.1250000000000036,83.3881561279298,2022-02-01
250,JAKARTA UTARA,3,2018,"MULTIPOINT ((106.79999999999995 -6.100000000000003), (106.84999999999997 -6.150000000000003), (106.89999999999996 -6.150000000000003), (106.89999999999996 -6.100000000000003), (106.94999999999996 -6.150000000000003), (106.94999999999996 -6.100000000000003))",106.89166666666664,-6.1250000000000036,83.61494649251303,2018-03-01
251,JAKARTA UTARA,3,2019,"MULTIPOINT ((106.79999999999995 -6.100000000000003), (106.84999999999997 -6.150000000000003), (106.89999999999996 -6.150000000000003), (106.89999999999996 -6.100000000000003), (106.94999999999996 -6.150000000000003), (106.94999999999996 -6.100000000000003))",106.89166666666664,-6.1250000000000036,83.83976542154959,2019-03-01
252,JAKARTA UTARA,3,2020,"MULTIPOINT ((106.79999999999995 -6.100000000000003), (106.84999999999997 -6.150000000000003), (106.89999999999996 -6.150000000000003), (106.89999999999996 -6.100000000000003), (106.94999999999996 -6.150000000000003), (106.94999999999996 -6.100000000000003))",106.89166666666664,-6.1250000000000036,84.30428263346361,2020-03-01
253,JAKARTA UTARA,3,2021,"MULTIPOINT ((106.79999999999995 -6.100000000000003), (106.84999999999997 -6.150000000000003), (106.89999999999996 -6.150000000000003), (106.89999999999996 -6.100000000000003), (106.94999999999996 -6.150000000000003), (106.94999999999996 -6.100000000000003))",106.89166666666664,-6.1250000000000036,82.90529785156252,2021-03-01
254,JAKARTA UTARA,3,2022,"MULTIPOINT ((106.79999999999995 -6.100000000000003), (106.84999999999997 -6.150000000000003), (106.89999999999996 -6.150000000000003), (106.89999999999996 -6.100000000000003), (106.94999999999996 -6.150000000000003), (106.94999999999996 -6.100000000000003))",106.89166666666664,-6.1250000000000036,82.65115763346354,2022-03-01
255,JAKARTA UTARA,4,2018,"MULTIPOINT ((106.79999999999995 -6.100000000000003), (106.84999999999997 -6.150000000000003), (106.89999999999996 -6.150000000000003), (106.89999999999996 -6.100000000000003), (106.94999999999996 -6.150000000000003), (106.94999999999996 -6.100000000000003))",106.89166666666664,-6.1250000000000036,83.49428507486992,2018-04-01
256,JAKARTA UTARA,4,2019,"MULTIPOINT ((106.79999999999995 -6.100000000000003), (106.84999999999997 -6.150000000000003), (106.89999999999996 -6.150000000000003), (106.89999999999996 -6.100000000000003), (106.94999999999996 -6.150000000000003), (106.94999999999996 -6.100000000000003))",106.89166666666664,-6.1250000000000036,83.94344380696609,2019-04-01
257,JAKARTA UTARA,4,2020,"MULTIPOINT ((106.79999999999995 -6.100000000000003), (106.84999999999997 -6.150000000000003), (106.89999999999996 -6.150000000000003), (106.89999999999996 -6.100000000000003), (106.94999999999996 -6.150000000000003), (106.94999999999996 -6.100000000000003))",106.89166666666664,-6.1250000000000036,84.19154663085938,2020-04-01
258,JAKARTA UTARA,4,2021,"MULTIPOINT ((106.79999999999995 -6.100000000000003), (106.84999999999997 -6.150000000000003), (106.89999999999996 -6.150000000000003), (106.89999999999996 -6.100000000000003), (106.94999999999996 -6.150000000000003), (106.94999999999996 -6.100000000000003))",106.89166666666664,-6.1250000000000036,81.39601440429686,2021-04-01
259,JAKARTA UTARA,4,2022,"MULTIPOINT ((106.79999999999995 -6.100000000000003), (106.84999999999997 -6.150000000000003), (106.89999999999996 -6.150000000000003), (106.89999999999996 -6.100000000000003), (106.94999999999996 -6.150000000000003), (106.94999999999996 -6.100000000000003))",106.89166666666664,-6.1250000000000036,81.80991719563805,2022-04-01
260,JAKARTA UTARA,5,2018,"MULTIPOINT ((106.79999999999995 -6.100000000000003), (106.84999999999997 -6.150000000000003), (106.89999999999996 -6.150000000000003), (106.89999999999996 -6.100000000000003), (106.94999999999996 -6.150000000000003), (106.94999999999996 -6.100000000000003))",106.89166666666664,-6.1250000000000036,80.52937520345044,2018-05-01
261,JAKARTA UTARA,5,2019,"MULTIPOINT ((106.79999999999995 -6.100000000000003), (106.84999999999997 -6.150000000000003), (106.89999999999996 -6.150000000000003), (106.89999999999996 -6.100000000000003), (106.94999999999996 -6.150000000000003), (106.94999999999996 -6.100000000000003))",106.89166666666664,-6.1250000000000036,80.85502827962235,2019-05-01
262,JAKARTA UTARA,5,2020,"MULTIPOINT ((106.79999999999995 -6.100000000000003), (106.84999999999997 -6.150000000000003), (106.89999999999996 -6.150000000000003), (106.89999999999996 -6.100000000000003), (106.94999999999996 -6.150000000000003), (106.94999999999996 -6.100000000000003))",106.89166666666664,-6.1250000000000036,83.45987141927101,2020-05-01
263,JAKARTA UTARA,5,2021,"MULTIPOINT ((106.79999999999995 -6.100000000000003), (106.84999999999997 -6.150000000000003), (106.89999999999996 -6.150000000000003), (106.89999999999996 -6.100000000000003), (106.94999999999996 -6.150000000000003), (106.94999999999996 -6.100000000000003))",106.89166666666664,-6.1250000000000036,81.15157267252613,2021-05-01
264,JAKARTA UTARA,5,2022,"MULTIPOINT ((106.79999999999995 -6.100000000000003), (106.84999999999997 -6.150000000000003), (106.89999999999996 -6.150000000000003), (106.89999999999996 -6.100000000000003), (106.94999999999996 -6.150000000000003), (106.94999999999996 -6.100000000000003))",106.89166666666664,-6.1250000000000036,83.25731201171881,2022-05-01
265,JAKARTA UTARA,6,2018,"MULTIPOINT ((106.79999999999995 -6.100000000000003), (106.84999999999997 -6.150000000000003), (106.89999999999996 -6.150000000000003), (106.89999999999996 -6.100000000000003), (106.94999999999996 -6.150000000000003), (106.94999999999996 -6.100000000000003))",106.89166666666664,-6.1250000000000036,79.96092936197897,2018-06-01
266,JAKARTA UTARA,6,2019,"MULTIPOINT ((106.79999999999995 -6.100000000000003), (106.84999999999997 -6.150000000000003), (106.89999999999996 -6.150000000000003), (106.89999999999996 -6.100000000000003), (106.94999999999996 -6.150000000000003), (106.94999999999996 -6.100000000000003))",106.89166666666664,-6.1250000000000036,75.75523478190064,2019-06-01
267,JAKARTA UTARA,6,2020,"MULTIPOINT ((106.79999999999995 -6.100000000000003), (106.84999999999997 -6.150000000000003), (106.89999999999996 -6.150000000000003), (106.89999999999996 -6.100000000000003), (106.94999999999996 -6.150000000000003), (106.94999999999996 -6.100000000000003))",106.89166666666664,-6.1250000000000036,80.86588236490901,2020-06-01
268,JAKARTA UTARA,6,2021,"MULTIPOINT ((106.79999999999995 -6.100000000000003), (106.84999999999997 -6.150000000000003), (106.89999999999996 -6.150000000000003), (106.89999999999996 -6.100000000000003), (106.94999999999996 -6.150000000000003), (106.94999999999996 -6.100000000000003))",106.89166666666664,-6.1250000000000036,83.43988037109393,2021-06-01
269,JAKARTA UTARA,6,2022,"MULTIPOINT ((106.79999999999995 -6.100000000000003), (106.84999999999997 -6.150000000000003), (106.89999999999996 -6.150000000000003), (106.89999999999996 -6.100000000000003), (106.94999999999996 -6.150000000000003), (106.94999999999996 -6.100000000000003))",106.89166666666664,-6.1250000000000036,83.22667134602877,2022-06-01
270,JAKARTA UTARA,7,2018,"MULTIPOINT ((106.79999999999995 -6.100000000000003), (106.84999999999997 -6.150000000000003), (106.89999999999996 -6.150000000000003), (106.89999999999996 -6.100000000000003), (106.94999999999996 -6.150000000000003), (106.94999999999996 -6.100000000000003))",106.89166666666664,-6.1250000000000036,73.58475952148368,2018-07-01
271,JAKARTA UTARA,7,2019,"MULTIPOINT ((106.79999999999995 -6.100000000000003), (106.84999999999997 -6.150000000000003), (106.89999999999996 -6.150000000000003), (106.89999999999996 -6.100000000000003), (106.94999999999996 -6.150000000000003), (106.94999999999996 -6.100000000000003))",106.89166666666664,-6.1250000000000036,72.87189432779893,2019-07-01
272,JAKARTA UTARA,7,2020,"MULTIPOINT ((106.79999999999995 -6.100000000000003), (106.84999999999997 -6.150000000000003), (106.89999999999996 -6.150000000000003), (106.89999999999996 -6.100000000000003), (106.94999999999996 -6.150000000000003), (106.94999999999996 -6.100000000000003))",106.89166666666664,-6.1250000000000036,78.08133850097614,2020-07-01
273,JAKARTA UTARA,7,2021,"MULTIPOINT ((106.79999999999995 -6.100000000000003), (106.84999999999997 -6.150000000000003), (106.89999999999996 -6.150000000000003), (106.89999999999996 -6.100000000000003), (106.94999999999996 -6.150000000000003), (106.94999999999996 -6.100000000000003))",106.89166666666664,-6.1250000000000036,78.2942576090494,2021-07-01
274,JAKARTA UTARA,7,2022,"MULTIPOINT ((106.79999999999995 -6.100000000000003), (106.84999999999997 -6.150000000000003), (106.89999999999996 -6.150000000000003), (106.89999999999996 -6.100000000000003), (106.94999999999996 -6.150000000000003), (106.94999999999996 -6.100000000000003))",106.89166666666664,-6.1250000000000036,81.37550760904963,2022-07-01
275,JAKARTA UTARA,8,2018,"MULTIPOINT ((106.79999999999995 -6.100000000000003), (106.84999999999997 -6.150000000000003), (106.89999999999996 -6.150000000000003), (106.89999999999996 -6.100000000000003), (106.94999999999996 -6.150000000000003), (106.94999999999996 -6.100000000000003))",106.89166666666664,-6.1250000000000036,72.07616577148357,2018-08-01
276,JAKARTA UTARA,8,2019,"MULTIPOINT ((106.79999999999995 -6.100000000000003), (106.84999999999997 -6.150000000000003), (106.89999999999996 -6.150000000000003), (106.89999999999996 -6.100000000000003), (106.94999999999996 -6.150000000000003), (106.94999999999996 -6.100000000000003))",106.89166666666664,-6.1250000000000036,71.68311157226518,2019-08-01
277,JAKARTA UTARA,8,2020,"MULTIPOINT ((106.79999999999995 -6.100000000000003), (106.84999999999997 -6.150000000000003), (106.89999999999996 -6.150000000000003), (106.89999999999996 -6.100000000000003), (106.94999999999996 -6.150000000000003), (106.94999999999996 -6.100000000000003))",106.89166666666664,-6.1250000000000036,76.05557657877559,2020-08-01
278,JAKARTA UTARA,8,2021,"MULTIPOINT ((106.79999999999995 -6.100000000000003), (106.84999999999997 -6.150000000000003), (106.89999999999996 -6.150000000000003), (106.89999999999996 -6.100000000000003), (106.94999999999996 -6.150000000000003), (106.94999999999996 -6.100000000000003))",106.89166666666664,-6.1250000000000036,78.58107808430991,2021-08-01
279,JAKARTA UTARA,8,2022,"MULTIPOINT ((106.79999999999995 -6.100000000000003), (106.84999999999997 -6.150000000000003), (106.89999999999996 -6.150000000000003), (106.89999999999996 -6.100000000000003), (106.94999999999996 -6.150000000000003), (106.94999999999996 -6.100000000000003))",106.89166666666664,-6.1250000000000036,79.77985432942707,2022-08-01
280,JAKARTA UTARA,9,2018,"MULTIPOINT ((106.79999999999995 -6.100000000000003), (106.84999999999997 -6.150000000000003), (106.89999999999996 -6.150000000000003), (106.89999999999996 -6.100000000000003), (106.94999999999996 -6.150000000000003), (106.94999999999996 -6.100000000000003))",106.89166666666664,-6.1250000000000036,70.82703959147064,2018-09-01
281,JAKARTA UTARA,9,2019,"MULTIPOINT ((106.79999999999995 -6.100000000000003), (106.84999999999997 -6.150000000000003), (106.89999999999996 -6.150000000000003), (106.89999999999996 -6.100000000000003), (106.94999999999996 -6.150000000000003), (106.94999999999996 -6.100000000000003))",106.89166666666664,-6.1250000000000036,70.9428141276038,2019-09-01
282,JAKARTA UTARA,9,2020,"MULTIPOINT ((106.79999999999995 -6.100000000000003), (106.84999999999997 -6.150000000000003), (106.89999999999996 -6.150000000000003), (106.89999999999996 -6.100000000000003), (106.94999999999996 -6.150000000000003), (106.94999999999996 -6.100000000000003))",106.89166666666664,-6.1250000000000036,75.2931284586585,2020-09-01
283,JAKARTA UTARA,9,2021,"MULTIPOINT ((106.79999999999995 -6.100000000000003), (106.84999999999997 -6.150000000000003), (106.89999999999996 -6.150000000000003), (106.89999999999996 -6.100000000000003), (106.94999999999996 -6.150000000000003), (106.94999999999996 -6.100000000000003))",106.89166666666664,-6.1250000000000036,79.20995686848964,2021-09-01
284,JAKARTA UTARA,9,2022,"MULTIPOINT ((106.79999999999995 -6.100000000000003), (106.84999999999997 -6.150000000000003), (106.89999999999996 -6.150000000000003), (106.89999999999996 -6.100000000000003), (106.94999999999996 -6.150000000000003), (106.94999999999996 -6.100000000000003))",106.89166666666664,-6.1250000000000036,80.35657450358087,2022-09-01
285,JAKARTA UTARA,10,2018,"MULTIPOINT ((106.79999999999995 -6.100000000000003), (106.84999999999997 -6.150000000000003), (106.89999999999996 -6.150000000000003), (106.89999999999996 -6.100000000000003), (106.94999999999996 -6.150000000000003), (106.94999999999996 -6.100000000000003))",106.89166666666664,-6.1250000000000036,74.2073852539058,2018-10-01
286,JAKARTA UTARA,10,2019,"MULTIPOINT ((106.79999999999995 -6.100000000000003), (106.84999999999997 -6.150000000000003), (106.89999999999996 -6.150000000000003), (106.89999999999996 -6.100000000000003), (106.94999999999996 -6.150000000000003), (106.94999999999996 -6.100000000000003))",106.89166666666664,-6.1250000000000036,71.24939575195256,2019-10-01
287,JAKARTA UTARA,10,2020,"MULTIPOINT ((106.79999999999995 -6.100000000000003), (106.84999999999997 -6.150000000000003), (106.89999999999996 -6.150000000000003), (106.89999999999996 -6.100000000000003), (106.94999999999996 -6.150000000000003), (106.94999999999996 -6.100000000000003))",106.89166666666664,-6.1250000000000036,78.27271931966133,2020-10-01
288,JAKARTA UTARA,10,2021,"MULTIPOINT ((106.79999999999995 -6.100000000000003), (106.84999999999997 -6.150000000000003), (106.89999999999996 -6.150000000000003), (106.89999999999996 -6.100000000000003), (106.94999999999996 -6.150000000000003), (106.94999999999996 -6.100000000000003))",106.89166666666664,-6.1250000000000036,79.24429626464833,2021-10-01
289,JAKARTA UTARA,10,2022,"MULTIPOINT ((106.79999999999995 -6.100000000000003), (106.84999999999997 -6.150000000000003), (106.89999999999996 -6.150000000000003), (106.89999999999996 -6.100000000000003), (106.94999999999996 -6.150000000000003), (106.94999999999996 -6.100000000000003))",106.89166666666664,-6.1250000000000036,82.7173522949219,2022-10-01
290,JAKARTA UTARA,11,2018,"MULTIPOINT ((106.79999999999995 -6.100000000000003), (106.84999999999997 -6.150000000000003), (106.89999999999996 -6.150000000000003), (106.89999999999996 -6.100000000000003), (106.94999999999996 -6.150000000000003), (106.94999999999996 -6.100000000000003))",106.89166666666664,-6.1250000000000036,81.99826354980468,2018-11-01
291,JAKARTA UTARA,11,2019,"MULTIPOINT ((106.79999999999995 -6.100000000000003), (106.84999999999997 -6.150000000000003), (106.89999999999996 -6.150000000000003), (106.89999999999996 -6.100000000000003), (106.94999999999996 -6.150000000000003), (106.94999999999996 -6.100000000000003))",106.89166666666664,-6.1250000000000036,76.65361429850184,2019-11-01
292,JAKARTA UTARA,11,2020,"MULTIPOINT ((106.79999999999995 -6.100000000000003), (106.84999999999997 -6.150000000000003), (106.89999999999996 -6.150000000000003), (106.89999999999996 -6.100000000000003), (106.94999999999996 -6.150000000000003), (106.94999999999996 -6.100000000000003))",106.89166666666664,-6.1250000000000036,81.27635904947913,2020-11-01
293,JAKARTA UTARA,11,2021,"MULTIPOINT ((106.79999999999995 -6.100000000000003), (106.84999999999997 -6.150000000000003), (106.89999999999996 -6.150000000000003), (106.89999999999996 -6.100000000000003), (106.94999999999996 -6.150000000000003), (106.94999999999996 -6.100000000000003))",106.89166666666664,-6.1250000000000036,81.30352071126306,2021-11-01
294,JAKARTA UTARA,11,2022,"MULTIPOINT ((106.79999999999995 -6.100000000000003), (106.84999999999997 -6.150000000000003), (106.89999999999996 -6.150000000000003), (106.89999999999996 -6.100000000000003), (106.94999999999996 -6.150000000000003), (106.94999999999996 -6.100000000000003))",106.89166666666664,-6.1250000000000036,82.04586181640617,2022-11-01
295,JAKARTA UTARA,12,2018,"MULTIPOINT ((106.79999999999995 -6.100000000000003), (106.84999999999997 -6.150000000000003), (106.89999999999996 -6.150000000000003), (106.89999999999996 -6.100000000000003), (106.94999999999996 -6.150000000000003), (106.94999999999996 -6.100000000000003))",106.89166666666664,-6.1250000000000036,80.90794372558595,2018-12-01
296,JAKARTA UTARA,12,2019,"MULTIPOINT ((106.79999999999995 -6.100000000000003), (106.84999999999997 -6.150000000000003), (106.89999999999996 -6.150000000000003), (106.89999999999996 -6.100000000000003), (106.94999999999996 -6.150000000000003), (106.94999999999996 -6.100000000000003))",106.89166666666664,-6.1250000000000036,82.43336385091139,2019-12-01
297,JAKARTA UTARA,12,2020,"MULTIPOINT ((106.79999999999995 -6.100000000000003), (106.84999999999997 -6.150000000000003), (106.89999999999996 -6.150000000000003), (106.89999999999996 -6.100000000000003), (106.94999999999996 -6.150000000000003), (106.94999999999996 -6.100000000000003))",106.89166666666664,-6.1250000000000036,83.09985453287766,2020-12-01
298,JAKARTA UTARA,12,2021,"MULTIPOINT ((106.79999999999995 -6.100000000000003), (106.84999999999997 -6.150000000000003), (106.89999999999996 -6.150000000000003), (106.89999999999996 -6.100000000000003), (106.94999999999996 -6.150000000000003), (106.94999999999996 -6.100000000000003))",106.89166666666664,-6.1250000000000036,83.48794759114588,2021-12-01
299,JAKARTA UTARA,12,2022,"MULTIPOINT ((106.79999999999995 -6.100000000000003), (106.84999999999997 -6.150000000000003), (106.89999999999996 -6.150000000000003), (106.89999999999996 -6.100000000000003), (106.94999999999996 -6.150000000000003), (106.94999999999996 -6.100000000000003))",106.89166666666664,-6.1250000000000036,83.00658772786463,2022-12-01
