,Unnamed: 0,KABKOT,month,year,longitude,latitude,pm2p5,time,RH,t2m,tp,ispa,pm10,so2,ispa_balita,ispa_5y
0,0,JAKARTA BARAT,1,2018,106.75,-6.1583333333333,32.990346933992,2018-01-01,81.91416015625,27.059569905599,7.2565670777113,35036,47.294950308399,3.2822438886783,13522,21514
1,1,JAKARTA BARAT,2,2018,106.75,-6.1583333333333,39.145520572208,2018-02-01,85.607633463542,26.742241007487,9.9654021859167,36413,55.981318394238,3.6084572830091,12937,23476
2,2,JAKARTA BARAT,3,2018,106.75,-6.1583333333333,44.443064572716,2018-03-01,83.613396199544,27.245900878906,7.3438091917583,40051,63.225958143083,4.5578990238175,12937,27114
3,3,JAKARTA BARAT,4,2018,106.75,-6.1583333333333,61.214024091625,2018-04-01,83.669416300456,27.659838663737,6.2086105036239,33071,86.88739590923,5.5012543681235,10849,22222
4,4,JAKARTA BARAT,5,2018,106.75,-6.1583333333333,68.229752411892,2018-05-01,80.346158854167,28.083251342773,2.8957998317977,32266,96.986573433119,6.0987578460058,9575,22691
5,5,JAKARTA BARAT,6,2018,106.75,-6.1583333333333,69.658520608979,2018-06-01,79.28447265625,27.914377237956,2.9690043752392,18771,99.033803301217,5.9875171794453,5312,13459
6,6,JAKARTA BARAT,7,2018,106.75,-6.1583333333333,70.590475643605,2018-07-01,71.597501627604,27.755633748372,0.41187152887387,30119,100.39019228161,6.2146895981916,9407,20712
7,7,JAKARTA BARAT,8,2018,106.75,-6.1583333333333,58.169737936116,2018-08-01,69.812394205729,27.940795898438,0.54353006184104,33742,82.657440689557,5.0355581546008,10101,23641
8,8,JAKARTA BARAT,9,2018,106.75,-6.1583333333333,60.512664184189,2018-09-01,68.862454223632,28.232472941081,1.298459880054,29095,85.480134403879,4.9296790787253,9580,19515
9,9,JAKARTA BARAT,10,2018,106.75,-6.1583333333333,60.236799251317,2018-10-01,72.790447998047,28.678559977214,2.0870867868265,31587,85.233572515935,4.5130657435009,11785,19802
10,10,JAKARTA BARAT,11,2018,106.75,-6.1583333333333,58.301313547757,2018-11-01,81.832079060872,27.74208597819,7.5334919554492,23324,82.774921651799,4.7327537357613,8081,15243
11,11,JAKARTA BARAT,12,2018,106.75,-6.1583333333333,41.82069469838,2018-12-01,80.857777913411,27.643994954427,5.5453307429951,27855,59.635686100949,3.9593333097228,10036,17819
12,12,JAKARTA PUSAT,1,2018,106.85,-6.2,34.557882990782,2018-01-01,81.777124023438,26.999471435547,7.3935982584953,22406,49.510017389546,3.4452363809357,6749,15657
13,13,JAKARTA PUSAT,2,2018,106.85,-6.2,40.627225974532,2018-02-01,85.842724609375,26.642867431641,10.252039581537,20639,58.066596354915,3.7356062366368,6461,14178
14,14,JAKARTA PUSAT,3,2018,106.85,-6.2,46.5734815099,2018-03-01,83.773571777344,27.1612890625,8.209702596068,22843,66.23721239644,4.7194483221818,7274,15569
15,15,JAKARTA PUSAT,4,2018,106.85,-6.2,62.300256982914,2018-04-01,83.592510986328,27.605231933594,6.3811561092733,20692,88.420573831628,5.5828675360322,5890,14802
16,16,JAKARTA PUSAT,5,2018,106.85,-6.2,69.280524096865,2018-05-01,80.217816162109,27.999857177734,2.7451891824603,17264,98.45955953362,6.2052844642877,4769,12495
17,17,JAKARTA PUSAT,6,2018,106.85,-6.2,70.30925235796,2018-06-01,79.395764160156,27.811636962891,2.7928175032139,14509,99.943866160858,6.0682152116029,3330,11179
18,18,JAKARTA PUSAT,7,2018,106.85,-6.2,70.718540795176,2018-07-01,71.874645996093,27.580784912109,0.37058282643558,14526,100.56898695155,6.2579954757124,3372,11154
19,19,JAKARTA PUSAT,8,2018,106.85,-6.2,58.37065423009,2018-08-01,70.439904785156,27.757995605469,0.51678832620382,16739,82.935078715708,5.0598257676586,4308,12431
20,20,JAKARTA PUSAT,9,2018,106.85,-6.2,60.891256564352,2018-09-01,69.131884765624,28.090422363281,1.3100055232644,15979,86.000025672681,4.9760608079297,4378,11601
21,21,JAKARTA PUSAT,10,2018,106.85,-6.2,60.951651465284,2018-10-01,73.173968505859,28.553499755859,2.223944813013,16230,86.236684223215,4.5645713997762,5122,11108
22,22,JAKARTA PUSAT,11,2018,106.85,-6.2,59.563827600566,2018-11-01,82.108294677734,27.65779296875,8.4332302585241,16461,84.550540826456,4.8300952857866,4489,11972
23,23,JAKARTA PUSAT,12,2018,106.85,-6.2,43.462529806248,2018-12-01,80.861267089844,27.60421875,5.6021462380886,18520,61.945170190351,4.0889739380566,4824,13696
24,24,JAKARTA SELATAN,1,2018,106.80833333333,-6.2833333333333,34.897924846658,2018-01-01,82.015472412109,26.702516682943,7.7242753158013,37528,49.998110303779,3.5927845654193,11162,26366
25,25,JAKARTA SELATAN,2,2018,106.80833333333,-6.2833333333333,41.936882456807,2018-02-01,86.04963684082,26.391271972656,10.031364578754,39327,59.891940170272,3.9743705166649,12072,27255
26,26,JAKARTA SELATAN,3,2018,106.80833333333,-6.2833333333333,48.286059459476,2018-03-01,83.943059285482,26.894177246094,8.4948097666101,39955,68.660733809622,4.9893788064399,10341,29614
27,27,JAKARTA SELATAN,4,2018,106.80833333333,-6.2833333333333,66.374051844855,2018-04-01,83.813547770182,27.33210144043,6.5930646533767,40984,94.193268572617,6.0434844221335,10968,30016
28,28,JAKARTA SELATAN,5,2018,106.80833333333,-6.2833333333333,73.863864111544,2018-05-01,80.174240112305,27.720999145508,2.7516621164978,29200,104.9549375804,6.7134287150814,8810,20390
29,29,JAKARTA SELATAN,6,2018,106.80833333333,-6.2833333333333,74.502329505678,2018-06-01,79.217046101888,27.55964050293,2.8006566377978,28978,105.89171054084,6.5485082441914,9457,19521
30,30,JAKARTA SELATAN,7,2018,106.80833333333,-6.2833333333333,74.644462647971,2018-07-01,70.857650756836,27.39687093099,0.4522854772707,31563,106.14970378736,6.7058344004627,8651,22912
31,31,JAKARTA SELATAN,8,2018,106.80833333333,-6.2833333333333,60.73135197947,2018-08-01,69.465621948242,27.608063761393,0.61653396114709,31873,86.293346596773,5.3911011590291,8030,23843
32,32,JAKARTA SELATAN,9,2018,106.80833333333,-6.2833333333333,63.181351630773,2018-09-01,68.334635416666,27.884841918945,1.6083645013472,28003,89.24362685144,5.2474743721942,8341,19662
33,33,JAKARTA SELATAN,10,2018,106.80833333333,-6.2833333333333,62.742290170744,2018-10-01,72.989985148112,28.315149943034,2.7347842541834,31272,88.792385325813,4.8204391795892,9489,21783
34,34,JAKARTA SELATAN,11,2018,106.80833333333,-6.2833333333333,61.562082659394,2018-11-01,82.401433308919,27.389500935872,9.3263783802586,27721,87.397235282172,5.1037898354966,8340,19381
35,35,JAKARTA SELATAN,12,2018,106.80833333333,-6.2833333333333,44.594415167983,2018-12-01,81.021530151367,27.343577067057,5.9982324639956,31136,63.547329679873,4.2975660278446,8773,22363
36,36,JAKARTA TIMUR,1,2018,106.91,-6.26,35.632930746931,2018-01-01,81.979942626953,26.768200439453,7.7347327768802,40245,51.029630894797,3.5539398793294,12888,27357
37,37,JAKARTA TIMUR,2,2018,106.91,-6.26,41.733172157166,2018-02-01,86.197052001953,26.407529296875,10.535441070795,45518,59.612273534052,3.8296794418509,14246,31272
38,38,JAKARTA TIMUR,3,2018,106.91,-6.26,48.058654152546,2018-03-01,84.064595947266,26.938956542969,9.2161913812156,51498,68.332885315196,4.8264371220169,16183,35315
39,39,JAKARTA TIMUR,4,2018,106.91,-6.26,63.396866960849,2018-04-01,83.701059570313,27.405257324219,6.7616955190896,42761,89.965476981037,5.6750941648875,11662,31099
40,40,JAKARTA TIMUR,5,2018,106.91,-6.26,70.391734797209,2018-05-01,80.177800292969,27.778407958984,2.7290087342263,37976,100.02715012784,6.3319718330173,9904,28072
41,41,JAKARTA TIMUR,6,2018,106.91,-6.26,70.924530469087,2018-06-01,79.668203125,27.565483154297,2.8015643879771,29413,100.81304773024,6.1671073226291,6909,22504
42,42,JAKARTA TIMUR,7,2018,106.91,-6.26,70.748453173528,2018-07-01,72.429147949218,27.262646484375,0.41722100973131,37028,100.62092070484,6.3070931707114,9837,27191
43,43,JAKARTA TIMUR,8,2018,106.91,-6.26,58.210876329846,2018-08-01,71.129692382812,27.439567138672,0.60658159852028,43278,82.712822662147,5.0738531264121,11257,32021
44,44,JAKARTA TIMUR,9,2018,106.91,-6.26,60.77084006669,2018-09-01,69.813487548827,27.770170166016,1.5742332190275,42914,85.817028928701,4.9813180428444,12337,30577
45,45,JAKARTA TIMUR,10,2018,106.91,-6.26,60.947633352331,2018-10-01,73.892653808593,28.258418701172,2.7984038218855,38139,86.234438773167,4.577353090421,12732,25407
46,46,JAKARTA TIMUR,11,2018,106.91,-6.26,59.936693674804,2018-11-01,82.564040527344,27.422258544922,9.9155489355322,34205,85.074809501596,4.8803300560301,9894,24311
47,47,JAKARTA TIMUR,12,2018,106.91,-6.26,44.331121924479,2018-12-01,81.082440185547,27.404537841797,5.9997784718871,38139,63.163507792711,4.1667906394191,9935,28204
48,48,JAKARTA UTARA,1,2018,106.89166666667,-6.125,33.761881059746,2018-01-01,81.905918375651,27.128073527018,7.232007815813,26403,48.386130485016,3.2288428128924,8883,17520
49,49,JAKARTA UTARA,2,2018,106.89166666667,-6.125,38.778215720983,2018-02-01,85.724199422201,26.738907267253,10.769561969985,25032,55.486437581859,3.4291672978742,8124,16908
50,50,JAKARTA UTARA,3,2018,106.89166666667,-6.125,44.143798418143,2018-03-01,83.614946492513,27.292353922526,7.9279740403093,26816,62.80017800601,4.3651801981008,8476,18340
51,51,JAKARTA UTARA,4,2018,106.89166666667,-6.125,57.537680664411,2018-04-01,83.49428507487,27.730522867839,6.3906150249143,26586,81.67092576154,5.0522116323505,6883,19703
52,52,JAKARTA UTARA,5,2018,106.89166666667,-6.125,64.021590896839,2018-05-01,80.52937520345,28.127111409505,2.9242910817266,19846,91.022277059793,5.6298138715292,4953,14893
53,53,JAKARTA UTARA,6,2018,106.89166666667,-6.125,65.33710828865,2018-06-01,79.960929361979,27.902243652344,2.9123063137134,18805,92.907599875188,5.5207204363332,4500,14305
54,54,JAKARTA UTARA,7,2018,106.89166666667,-6.125,65.919234785779,2018-07-01,73.584759521484,27.58291809082,0.35243752722941,26908,93.766878978369,5.7275942175797,7967,18941
55,55,JAKARTA UTARA,8,2018,106.89166666667,-6.125,55.104168994705,2018-08-01,72.076165771484,27.70690612793,0.51836486905814,25225,78.309292433294,4.6451031170338,6761,18464
56,56,JAKARTA UTARA,9,2018,106.89166666667,-6.125,57.558777057192,2018-09-01,70.827039591471,28.078198038737,1.2231129718324,24981,81.287524616633,4.6010420488975,6775,18206
57,57,JAKARTA UTARA,10,2018,106.89166666667,-6.125,58.064376956917,2018-10-01,74.207385253906,28.563857421875,2.104285787791,27639,82.138543186814,4.2093392644982,8820,18819
58,58,JAKARTA UTARA,11,2018,106.89166666667,-6.125,56.467083643005,2018-11-01,81.998263549805,27.761381835937,7.8546111223596,26389,80.151852292056,4.4657098730629,8149,18240
59,59,JAKARTA UTARA,12,2018,106.89166666667,-6.125,41.536174962707,2018-12-01,80.907943725586,27.704403889974,5.3507110911111,26416,59.224383562256,3.8042871259039,8200,18216
60,60,JAKARTA BARAT,1,2019,106.75,-6.1583333333333,39.819253315877,2019-01-01,83.683022054036,27.294819539388,7.8810961948086,32123,56.890549007506,3.794545676634,10721,21402
61,61,JAKARTA BARAT,2,2019,106.75,-6.1583333333333,46.254848288364,2019-02-01,84.657730102539,27.398811035156,8.9074237241099,54772,65.680620069644,3.9212956121267,19499,35273
62,62,JAKARTA BARAT,3,2019,106.75,-6.1583333333333,45.538663989338,2019-03-01,83.801897176107,27.355988972982,8.9416125416754,42963,64.698469285238,4.7851078983857,13776,29187
63,63,JAKARTA BARAT,4,2019,106.75,-6.1583333333333,55.692244757605,2019-04-01,83.959998575846,27.85996073405,8.8440060243009,30789,78.555560494051,5.5407105045146,10181,20608
64,64,JAKARTA BARAT,5,2019,106.75,-6.1583333333333,62.194586592944,2019-05-01,81.014142862956,28.127581380208,2.699439637363,24875,88.426441148136,6.2812067114355,7365,17510
65,65,JAKARTA BARAT,6,2019,106.75,-6.1583333333333,65.69465882104,2019-06-01,74.713133748372,28.238690388997,0.94174919649963,17621,93.415772348177,6.2869309737948,5596,12025
66,66,JAKARTA BARAT,7,2019,106.75,-6.1583333333333,55.367640365845,2019-07-01,71.218341064453,27.796818033854,0.74217104663454,28729,78.886313580206,5.6802358992039,9605,19124
67,67,JAKARTA BARAT,8,2019,106.75,-6.1583333333333,55.068800328684,2019-08-01,70.110670979818,27.697650960286,0.69643132388596,34113,77.813340178226,4.9745683241646,11177,22936
68,68,JAKARTA BARAT,9,2019,106.75,-6.1583333333333,54.267243104632,2019-09-01,69.303437296549,28.085700073242,0.33729707201324,29918,76.964260988059,4.8154999645564,9518,20400
69,69,JAKARTA BARAT,10,2019,106.75,-6.1583333333333,61.492225165161,2019-10-01,69.097467041015,28.822052408854,1.1383194103837,28980,86.463261674336,4.7372284159255,10039,18941
70,70,JAKARTA BARAT,11,2019,106.75,-6.1583333333333,54.839554680293,2019-11-01,74.389776611327,28.603513997396,2.7881067804992,25739,77.440815905068,4.4921912504265,8114,17625
71,71,JAKARTA BARAT,12,2019,106.75,-6.1583333333333,49.725305904462,2019-12-01,82.374232991537,27.599281005859,10.483941963563,29467,70.611261197623,4.3291014783653,8277,21190
72,72,JAKARTA PUSAT,1,2019,106.85,-6.2,41.412656509957,2019-01-01,83.885693359375,27.203696289063,8.0507733672856,21361,59.136782878018,3.9356209883664,6038,15323
73,73,JAKARTA PUSAT,2,2019,106.85,-6.2,47.517154205442,2019-02-01,84.73095703125,27.334819335937,9.4992918148635,32186,67.461583839191,4.0209766869774,9609,22577
74,74,JAKARTA PUSAT,3,2019,106.85,-6.2,47.473178194461,2019-03-01,83.944812011719,27.263217773437,9.537777341902,28328,67.441772569528,4.9475996910204,7282,21046
75,75,JAKARTA PUSAT,4,2019,106.85,-6.2,57.300450867123,2019-04-01,84.12138671875,27.778266601563,9.9525062739845,31259,80.838975999125,5.6691263617391,5336,25923
76,76,JAKARTA PUSAT,5,2019,106.85,-6.2,63.127918501494,2019-05-01,80.837048339844,28.074031982422,2.7367127686739,16486,89.738606140108,6.3831377812835,3857,12629
77,77,JAKARTA PUSAT,6,2019,106.85,-6.2,66.012881904481,2019-06-01,74.9048828125,28.100249023438,0.87882559746507,15666,93.858061731568,6.3443771974672,3787,11879
78,78,JAKARTA PUSAT,7,2019,106.85,-6.2,55.689710372065,2019-07-01,71.410961914062,27.633392333984,0.70502147078516,15666,79.322963604986,5.7374626798374,4738,10928
79,79,JAKARTA PUSAT,8,2019,106.85,-6.2,55.323392125218,2019-08-01,69.973913574219,27.591663818359,0.6351368129254,22183,78.162485420328,5.0016291849951,5651,16532
80,80,JAKARTA PUSAT,9,2019,106.85,-6.2,54.680698913975,2019-09-01,69.071496582031,27.987557373047,0.28665769845249,19978,77.537094410238,4.8586856418635,5742,14236
81,81,JAKARTA PUSAT,10,2019,106.85,-6.2,60.904232848103,2019-10-01,69.35230102539,28.725626220703,1.328571178019,19401,85.632198854788,4.7773174667104,5167,14234
82,82,JAKARTA PUSAT,11,2019,106.85,-6.2,55.12840842196,2019-11-01,75.724694824218,28.390573730469,3.2680098339913,17659,77.837594668988,4.5952812715246,4568,13091
83,83,JAKARTA PUSAT,12,2019,106.85,-6.2,51.115167079748,2019-12-01,82.816064453125,27.477592773437,10.881078988314,19945,72.577854398996,4.4544809895318,5455,14490
84,84,JAKARTA SELATAN,1,2019,106.80833333333,-6.2833333333333,43.010489846217,2019-01-01,84.299021402995,26.922787475586,8.0620622262358,35626,61.358271031943,4.1906253591076,9822,25804
85,85,JAKARTA SELATAN,2,2019,106.80833333333,-6.2833333333333,50.278382366129,2019-02-01,84.999994913737,27.107136027018,10.103604694207,56465,71.358256148457,4.3127944870815,15230,41235
86,86,JAKARTA SELATAN,3,2019,106.80833333333,-6.2833333333333,49.422489515708,2019-03-01,84.11181640625,26.97448425293,9.4115403791265,43211,70.20562363063,5.2483888204958,11113,32098
87,87,JAKARTA SELATAN,4,2019,106.80833333333,-6.2833333333333,60.268036428113,2019-04-01,84.352157592773,27.528972371419,10.218411156286,35486,85.034506996312,6.0746337801393,9351,26135
88,88,JAKARTA SELATAN,5,2019,106.80833333333,-6.2833333333333,66.795660918434,2019-05-01,80.992670694987,27.798782348633,2.9201918902496,29867,94.944069075867,6.8417476649372,7756,22111
89,89,JAKARTA SELATAN,6,2019,106.80833333333,-6.2833333333333,69.849280645882,2019-06-01,74.699142456055,27.818139648438,1.03410401692,26099,99.29673461251,6.8318961856263,7125,18974
90,90,JAKARTA SELATAN,7,2019,106.80833333333,-6.2833333333333,58.796096403926,2019-07-01,70.553721110026,27.443687947591,0.78195746367179,29074,83.725636127834,6.1655025531992,7729,21345
91,91,JAKARTA SELATAN,8,2019,106.80833333333,-6.2833333333333,57.623508572155,2019-08-01,69.090072631836,27.408357747396,0.85163249944655,30594,81.41391675635,5.3318696478706,8307,22287
92,92,JAKARTA SELATAN,9,2019,106.80833333333,-6.2833333333333,56.868045224103,2019-09-01,68.119664510091,27.827104695638,0.42744772508744,29516,80.63093958683,5.1674684063958,8424,21092
93,93,JAKARTA SELATAN,10,2019,106.80833333333,-6.2833333333333,61.817773398964,2019-10-01,68.559956868489,28.503818766276,1.6331093696256,27220,86.914956071778,5.0258833370518,8198,19022
94,94,JAKARTA SELATAN,11,2019,106.80833333333,-6.2833333333333,55.617868927666,2019-11-01,75.095092773437,28.144668579102,3.4534641541538,24329,78.522775047595,4.7977132994003,7689,16640
95,95,JAKARTA SELATAN,12,2019,106.80833333333,-6.2833333333333,53.434171924198,2019-12-01,83.311737060547,27.161426798503,11.796619494756,30175,75.832927386937,4.7506352931136,7797,22378
96,96,JAKARTA TIMUR,1,2019,106.91,-6.26,42.677912541459,2019-01-01,84.256013183594,26.970911376953,8.3543058633803,44990,60.904880937092,4.0499025450154,9935,35055
97,97,JAKARTA TIMUR,2,2019,106.91,-6.26,48.559310589743,2019-02-01,84.958824462891,27.137468994141,10.517966043204,56817,68.926058887087,4.0960557856837,11232,45585
98,98,JAKARTA TIMUR,3,2019,106.91,-6.26,48.919540236151,2019-03-01,84.278990478516,27.024175048828,10.106060385704,53780,69.489169559252,5.0649400801155,18951,34829
99,99,JAKARTA TIMUR,4,2019,106.91,-6.26,58.461179411514,2019-04-01,84.465104980469,27.565156738281,10.988985352218,37461,82.481224974156,5.7721372408245,15024,22437
100,100,JAKARTA TIMUR,5,2019,106.91,-6.26,63.861789278975,2019-05-01,80.850660400391,27.880447021484,2.9556597471237,149379,90.776722342887,6.4799225818569,9832,139547
101,101,JAKARTA TIMUR,6,2019,106.91,-6.26,66.308017610577,2019-06-01,75.168104248047,27.823635986328,0.94862154871229,24453,94.273975030037,6.4180240765993,65972,-41519
102,102,JAKARTA TIMUR,7,2019,106.91,-6.26,55.959117503336,2019-07-01,71.430363769531,27.3681875,0.72477399557832,36772,79.698764186751,5.8045235186819,6798,29974
103,103,JAKARTA TIMUR,8,2019,106.91,-6.26,55.290405999387,2019-08-01,69.845413818359,27.358002929688,0.66766463220128,41803,78.109361122478,5.020689067702,10026,31777
104,104,JAKARTA TIMUR,9,2019,106.91,-6.26,54.717605230423,2019-09-01,68.731312255859,27.784454589844,0.36856114119294,39595,77.584327099109,4.882561409483,10778,28817
105,105,JAKARTA TIMUR,10,2019,106.91,-6.26,60.071969560483,2019-10-01,69.736346435546,28.465048095703,1.6963020339608,36256,84.451287642415,4.7776389396415,11413,24843
106,106,JAKARTA TIMUR,11,2019,106.91,-6.26,54.851802791116,2019-11-01,76.890596923827,28.032628173828,4.0305353030559,36946,77.432938481319,4.6368491351286,10384,26562
107,107,JAKARTA TIMUR,12,2019,106.91,-6.26,52.119040082251,2019-12-01,83.441633300781,27.203453857422,11.552197501063,39260,73.983624761335,4.5461898170465,10081,29179
108,108,JAKARTA UTARA,1,2019,106.89166666667,-6.125,39.312808885781,2019-01-01,83.710512288411,27.325972086589,8.1156723325451,30302,56.210450388111,3.6198757946059,8312,21990
109,109,JAKARTA UTARA,2,2019,106.89166666667,-6.125,44.140258938323,2019-02-01,84.467814127604,27.414910685221,9.0458802754679,38082,62.693749928795,3.6594471537149,10865,27217
110,110,JAKARTA UTARA,3,2019,106.89166666667,-6.125,44.879860771927,2019-03-01,83.83976542155,27.415079345703,9.5530321883656,37218,63.765638693209,4.5657842329737,9914,27304
111,111,JAKARTA UTARA,4,2019,106.89166666667,-6.125,53.537990953127,2019-04-01,83.943443806966,27.890827636719,9.5319227067129,29455,75.518510923209,5.1806519294901,8469,20986
112,112,JAKARTA UTARA,5,2019,106.89166666667,-6.125,58.664937691886,2019-05-01,80.855028279622,28.209719238281,2.6672851853073,25449,83.419796861823,5.8402696553639,7007,18442
113,113,JAKARTA UTARA,6,2019,106.89166666667,-6.125,61.409522936393,2019-06-01,75.755234781901,28.191311442057,0.8370020737251,19297,87.345935643809,5.7806611354599,5713,13584
114,114,JAKARTA UTARA,7,2019,106.89166666667,-6.125,51.880798716851,2019-07-01,72.871894327799,27.648888142904,0.6669229269028,23121,73.949057958583,5.2338923140054,7482,15639
115,115,JAKARTA UTARA,8,2019,106.89166666667,-6.125,52.189672579634,2019-08-01,71.683111572265,27.566807250977,0.52155212188765,26521,73.747378967051,4.5875728199586,9772,16749
116,116,JAKARTA UTARA,9,2019,106.89166666667,-6.125,51.602708370051,2019-09-01,70.942814127604,27.936733398438,0.28753869856399,27496,73.199888309796,4.4615001515402,8907,18589
117,117,JAKARTA UTARA,10,2019,106.89166666667,-6.125,59.193688063275,2019-10-01,71.249395751953,28.680398152669,1.1505047231912,29526,83.22627448148,4.4247672936601,9244,20282
118,118,JAKARTA UTARA,11,2019,106.89166666667,-6.125,53.878898030509,2019-11-01,76.653614298502,28.457737833659,3.2147798128424,27389,76.078216879852,4.2934022616461,8184,19205
119,119,JAKARTA UTARA,12,2019,106.89166666667,-6.125,48.068403122573,2019-12-01,82.433363850911,27.634280192057,10.058319568634,31251,68.288061532387,4.0795902210774,9133,22118
120,120,JAKARTA BARAT,1,2020,106.75,-6.1583333333333,39.201529276056,2020-01-01,85.895006306966,27.189461466471,14.475729682793,30245,56.16434430126,3.8866757465252,2173,28072
121,121,JAKARTA BARAT,2,2020,106.75,-6.1583333333333,38.279911876376,2020-02-01,86.136421712239,27.077354532878,13.691263496875,33209,55.080459191201,3.5636897164788,2167,31042
122,122,JAKARTA BARAT,3,2020,106.75,-6.1583333333333,46.589305617356,2020-03-01,84.389783732096,27.503462524414,11.113327058653,31334,66.366610344598,4.7425370912074,2497,28837
123,123,JAKARTA BARAT,4,2020,106.75,-6.1583333333333,50.980974836258,2020-04-01,84.418225097656,27.748621419271,7.6772123823564,12593,72.526713399412,5.5375696356006,3038,9555
124,124,JAKARTA BARAT,5,2020,106.75,-6.1583333333333,55.668934959069,2020-05-01,83.599454752604,27.996995239258,5.8892780294021,7176,79.210486681407,6.2289710788419,2770,4406
125,125,JAKARTA BARAT,6,2020,106.75,-6.1583333333333,59.317031069699,2020-06-01,81.033557128906,27.838000488281,2.0508146161835,8235,84.539088863128,6.0609668969314,2775,5460
126,126,JAKARTA BARAT,7,2020,106.75,-6.1583333333333,61.032023908799,2020-07-01,77.495667521159,27.559046630859,1.6562249821922,7186,87.066969334002,6.3852409809683,1798,5388
127,127,JAKARTA BARAT,8,2020,106.75,-6.1583333333333,57.818921009004,2020-08-01,74.841335042318,27.963108317057,1.5849335988364,7620,82.341018986891,5.6431896481384,2150,5470
128,128,JAKARTA BARAT,9,2020,106.75,-6.1583333333333,54.832567312325,2020-09-01,74.389147949219,28.158529663086,1.9451159176728,8463,77.914990285816,5.3556200873901,3318,5145
129,129,JAKARTA BARAT,10,2020,106.75,-6.1583333333333,57.30486439247,2020-10-01,77.815013631185,27.879629313151,6.0483522992582,7417,81.083541352771,5.235849869664,2973,4444
130,130,JAKARTA BARAT,11,2020,106.75,-6.1583333333333,49.371696451632,2020-11-01,81.095034790039,27.72835917155,4.9232592123249,9439,70.102749969436,4.8496719022593,4136,5303
131,131,JAKARTA BARAT,12,2020,106.75,-6.1583333333333,30.068708509128,2020-12-01,83.044666544596,26.942380981445,9.0826746759315,11080,43.204622404023,3.4417327487775,5635,5445
132,132,JAKARTA PUSAT,1,2020,106.85,-6.2,40.53318801193,2020-01-01,86.041064453125,27.104393310547,15.409508198499,27982,58.036066796774,4.0252705328314,6739,21243
133,133,JAKARTA PUSAT,2,2020,106.85,-6.2,39.454070742314,2020-02-01,86.447827148437,26.959560546875,14.579104036092,28165,56.726724473322,3.6677961222614,7495,20670
134,134,JAKARTA PUSAT,3,2020,106.85,-6.2,48.197477866552,2020-03-01,84.518536376953,27.426655273438,10.993788577616,30524,68.643786986419,4.8897777308439,7944,22580
135,135,JAKARTA PUSAT,4,2020,106.85,-6.2,52.437516894581,2020-04-01,84.510028076172,27.681580810547,7.8131307289004,9251,74.584196336029,5.6850403739549,1919,7332
136,136,JAKARTA PUSAT,5,2020,106.85,-6.2,56.947162268747,2020-05-01,83.64716796875,27.908977050781,6.0599226504563,4126,81.01211465809,6.3609024662538,833,3293
137,137,JAKARTA PUSAT,6,2020,106.85,-6.2,60.173134267909,2020-06-01,80.90009765625,27.762005615234,1.9301420450211,5291,85.739143382096,6.1653672107139,1015,4276
138,138,JAKARTA PUSAT,7,2020,106.85,-6.2,61.478641081674,2020-07-01,77.465447998047,27.456694335938,1.5308443456889,4588,87.68737679077,6.472520103237,852,3736
139,139,JAKARTA PUSAT,8,2020,106.85,-6.2,58.034311460158,2020-08-01,74.919549560547,27.846728515625,1.520049981773,4410,82.632260761293,5.6846003300143,713,3697
140,140,JAKARTA PUSAT,9,2020,106.85,-6.2,55.115275093462,2020-09-01,74.429852294922,28.065869140625,1.9501545652747,3158,78.31073855158,5.4061435007632,670,2488
141,141,JAKARTA PUSAT,10,2020,106.85,-6.2,57.814672646355,2020-10-01,78.279962158203,27.760706787109,6.5107808634639,3774,81.808915375349,5.2943312345251,739,3035
142,142,JAKARTA PUSAT,11,2020,106.85,-6.2,50.52768560887,2020-11-01,81.418865966797,27.625072021484,5.7442533224818,4382,71.727944626806,4.9579509744062,1154,3228
143,143,JAKARTA PUSAT,12,2020,106.85,-6.2,31.601573763732,2020-12-01,83.005041503906,26.88337890625,9.3253401666879,3940,45.368805903223,3.6152096389555,948,2992
144,144,JAKARTA SELATAN,1,2020,106.80833333333,-6.2833333333333,42.214722470766,2020-01-01,86.422790527344,26.826158650716,15.172972343862,32716,60.385266441464,4.3019263977867,2396,30320
145,145,JAKARTA SELATAN,2,2020,106.80833333333,-6.2833333333333,41.410277118459,2020-02-01,86.907526652018,26.659938557943,14.389887824654,33735,59.470513348438,3.9373232154112,2278,31457
146,146,JAKARTA SELATAN,3,2020,106.80833333333,-6.2833333333333,50.405126906917,2020-03-01,84.843821207682,27.143388875326,11.565384734422,36113,71.774359695138,5.220659657682,2871,33242
147,147,JAKARTA SELATAN,4,2020,106.80833333333,-6.2833333333333,55.208347819284,2020-04-01,84.897257486979,27.402661132813,8.2744714493553,15007,78.515343426844,6.1080878125749,3309,11698
148,148,JAKARTA SELATAN,5,2020,106.80833333333,-6.2833333333333,60.420351087764,2020-05-01,83.952011108398,27.614613850911,6.0540432731309,8326,85.941585462972,6.8421153682397,3007,5319
149,149,JAKARTA SELATAN,6,2020,106.80833333333,-6.2833333333333,63.976357880494,2020-06-01,81.239283243815,27.449940999349,1.9616842269898,10438,91.137728406053,6.6505118821689,3000,7438
150,150,JAKARTA SELATAN,7,2020,106.80833333333,-6.2833333333333,65.293037865289,2020-07-01,77.355382283529,27.172853597005,1.6040059427421,11058,93.099440038696,6.9659298101418,2089,8969
151,151,JAKARTA SELATAN,8,2020,106.80833333333,-6.2833333333333,61.747522018942,2020-08-01,74.608637491862,27.579372151693,1.8956881326935,9279,87.899537243926,6.1345641771978,2133,7146
152,152,JAKARTA SELATAN,9,2020,106.80833333333,-6.2833333333333,57.527681835485,2020-09-01,74.415613810221,27.742294311523,2.3939218372107,9638,81.723271577122,5.7346776467596,2898,6740
153,153,JAKARTA SELATAN,10,2020,106.80833333333,-6.2833333333333,59.642838601271,2020-10-01,78.830022176107,27.41972249349,7.7553723938764,7908,84.419118989093,5.5807490746593,2806,5102
154,154,JAKARTA SELATAN,11,2020,106.80833333333,-6.2833333333333,52.706075518809,2020-11-01,81.734502156575,27.309040323893,5.9944304016726,11271,74.816639490198,5.2650534548611,5432,5839
155,155,JAKARTA SELATAN,12,2020,106.80833333333,-6.2833333333333,31.995001417706,2020-12-01,83.186828613281,26.591934204102,9.6902548956374,12667,45.920657371387,3.780718211896,4645,8022
156,156,JAKARTA TIMUR,1,2020,106.91,-6.26,41.579220385539,2020-01-01,86.351267089844,26.873399169922,16.16721534729,45918,59.49346031997,4.1397177162393,10439,35479
157,157,JAKARTA TIMUR,2,2020,106.91,-6.26,40.469503489978,2020-02-01,86.966689453125,26.695110107422,15.226897880435,48845,58.139867185503,3.7587100325189,1875,46970
158,158,JAKARTA TIMUR,3,2020,106.91,-6.26,49.37223872048,2020-03-01,84.928205566406,27.194627685547,11.459258146584,44751,70.304396115736,5.0007741310368,1677,43074
159,159,JAKARTA TIMUR,4,2020,106.91,-6.26,53.618143364058,2020-04-01,84.870394287109,27.465695068359,8.3251051306724,12036,76.25089885958,5.8147194014013,2380,9656
160,160,JAKARTA TIMUR,5,2020,106.91,-6.26,58.010812755546,2020-05-01,83.918966064453,27.674377929688,6.47077524662,30669,82.514289270346,6.4903915965402,2822,27847
161,161,JAKARTA TIMUR,6,2020,106.91,-6.26,61.02731507222,2020-06-01,81.074388427734,27.525955566406,1.9422496929765,9744,86.948250813162,6.2857216226521,2819,6925
162,162,JAKARTA TIMUR,7,2020,106.91,-6.26,61.920241878493,2020-07-01,77.724014892578,27.189498779297,1.5220865085721,9235,88.312998030917,6.5708857169091,3081,6154
163,163,JAKARTA TIMUR,8,2020,106.91,-6.26,58.314248529239,2020-08-01,75.232755126953,27.564996582031,1.6052805930377,8043,83.027341770979,5.7386921393478,2205,5838
164,164,JAKARTA TIMUR,9,2020,106.91,-6.26,55.020373715151,2020-09-01,74.965721435547,27.766890136719,2.2886404916644,8591,78.171437764675,5.423420611507,2163,6428
165,165,JAKARTA TIMUR,10,2020,106.91,-6.26,57.648250443225,2020-10-01,79.25661743164,27.442759521484,7.4787326306105,7718,81.586688871483,5.3026118806871,3277,4441
166,166,JAKARTA TIMUR,11,2020,106.91,-6.26,51.178546312869,2020-11-01,81.878197021484,27.359536865234,6.6419082358476,11678,72.6415577151,5.0286882544937,2966,8712
167,167,JAKARTA TIMUR,12,2020,106.91,-6.26,32.664590521906,2020-12-01,83.220402832031,26.660910888672,9.7019179090857,12874,46.863079107062,3.7372841046279,4378,8496
168,168,JAKARTA UTARA,1,2020,106.89166666667,-6.125,38.323078637406,2020-01-01,85.750888061524,27.228753458659,15.41069842875,20709,54.941999621466,3.6854166812484,1460,19249
169,169,JAKARTA UTARA,2,2020,106.89166666667,-6.125,37.073960638247,2020-02-01,86.033881632487,27.118930460612,14.5724581182,31907,53.384342132053,3.3466952807596,1857,30050
170,170,JAKARTA UTARA,3,2020,106.89166666667,-6.125,45.256423296299,2020-03-01,84.304282633464,27.568191731771,10.550036747009,31663,64.474875913274,4.4755892157929,2394,29269
171,171,JAKARTA UTARA,4,2020,106.89166666667,-6.125,48.98390594674,2020-04-01,84.191546630859,27.819948527018,7.5410156262418,10716,69.686982738423,5.1827595498306,2529,8187
172,172,JAKARTA UTARA,5,2020,106.89166666667,-6.125,52.753241838054,2020-05-01,83.459871419271,28.066302286784,6.261203624308,6584,75.068424101075,5.7993050086026,2151,4433
173,173,JAKARTA UTARA,6,2020,106.89166666667,-6.125,55.711041883437,2020-06-01,80.865882364909,27.923843383789,2.0326141019662,6598,79.425782525771,5.6109393114622,2076,4522
174,174,JAKARTA UTARA,7,2020,106.89166666667,-6.125,56.9685920166,2020-07-01,78.081338500976,27.559616902669,1.5261613453428,6174,81.310184939634,5.8987298672174,1236,4938
175,175,JAKARTA UTARA,8,2020,106.89166666667,-6.125,53.652549504415,2020-08-01,76.055576578776,27.90310160319,1.2772236391903,5787,76.438204234347,5.1579868725665,1777,4010
176,176,JAKARTA UTARA,9,2020,106.89166666667,-6.125,51.789593575634,2020-09-01,75.293128458659,28.156162516276,1.7758747749031,5790,73.612675980508,4.9741409779309,1720,4070
177,177,JAKARTA UTARA,10,2020,106.89166666667,-6.125,54.994910000754,2020-10-01,78.272719319661,27.901595255534,5.6126128137112,4599,77.804777682329,4.9073659538158,2035,2564
178,178,JAKARTA UTARA,11,2020,106.89166666667,-6.125,47.544361966425,2020-11-01,81.276359049479,27.786063435872,5.3929272169866,6035,67.503314726578,4.5648483518112,2667,3368
179,179,JAKARTA UTARA,12,2020,106.89166666667,-6.125,30.788003098574,2020-12-01,83.099854532878,27.019763997396,9.1428842023014,6555,44.22603077931,3.3829745770782,3361,3194
180,180,JAKARTA BARAT,1,2021,106.75,-6.1583333333333,38.770220498721,2021-01-01,85.869056193034,26.542721557617,10.499981592099,8616,55.754457746933,3.8833365627903,2173,6443
181,181,JAKARTA BARAT,2,2021,106.75,-6.1583333333333,36.977891515219,2021-02-01,86.575352986653,26.619530029297,14.319913672904,8972,53.218091541475,3.2854641072142,2167,6805
182,182,JAKARTA BARAT,3,2021,106.75,-6.1583333333333,46.071524208496,2021-03-01,82.873561604818,27.24802347819,7.6179551240057,10102,65.535046827294,5.0298521037103,2497,7605
183,183,JAKARTA BARAT,4,2021,106.75,-6.1583333333333,59.903050183428,2021-04-01,81.508938598633,27.478947957357,5.2162580316266,10829,84.901759426338,5.9977052441103,3038,7791
184,184,JAKARTA BARAT,5,2021,106.75,-6.1583333333333,64.211863257668,2021-05-01,81.105680338542,28.064320678711,3.830758649856,9698,91.328419363398,6.4213748514773,2770,6928
185,185,JAKARTA BARAT,6,2021,106.75,-6.1583333333333,59.504221921161,2021-06-01,83.643585205078,27.183846028646,4.8226602748036,13915,84.523922983711,5.9353470770764,2775,11140
186,186,JAKARTA BARAT,7,2021,106.75,-6.1583333333333,62.782235388742,2021-07-01,78.059792073568,27.390769856771,1.5891003546615,10176,89.350735645866,6.4255739825837,1798,8378
187,187,JAKARTA BARAT,8,2021,106.75,-6.1583333333333,63.652269241112,2021-08-01,78.923087565104,27.48551167806,5.2942725829781,7727,90.285926000652,5.7127441671564,2150,5577
188,188,JAKARTA BARAT,9,2021,106.75,-6.1583333333333,57.234406720181,2021-09-01,79.649743652344,27.658139241536,5.2389685623349,9994,81.076106880968,5.3314351214019,3318,6676
189,189,JAKARTA BARAT,10,2021,106.75,-6.1583333333333,60.191037560584,2021-10-01,79.203483072917,27.924237467448,4.2671536592146,9287,85.212999489196,5.2797485848629,2973,6314
190,190,JAKARTA BARAT,11,2021,106.75,-6.1583333333333,40.761925478428,2021-11-01,81.591488647461,27.380654500326,7.640647565325,13709,58.225237136413,4.3463745541562,4136,9573
191,191,JAKARTA BARAT,12,2021,106.75,-6.1583333333333,42.689376885797,2021-12-01,83.564593505859,27.251652628581,7.6483008886376,16993,60.820364768213,4.3876809835015,5635,11358
192,192,JAKARTA PUSAT,1,2021,106.85,-6.2,40.178701710876,2021-01-01,86.03822631836,26.427697753906,10.889165177941,4559,57.737047439351,4.0284238353663,695,3864
193,193,JAKARTA PUSAT,2,2021,106.85,-6.2,38.091979549885,2021-02-01,86.854217529297,26.498713378906,14.592087119817,5538,54.788488187777,3.3865934516849,1005,4533
194,194,JAKARTA PUSAT,3,2021,106.85,-6.2,47.974575908919,2021-03-01,82.974908447266,27.151129150391,8.1388159841297,5965,68.225756031381,5.199071393397,1658,4307
195,195,JAKARTA PUSAT,4,2021,106.85,-6.2,61.49780557981,2021-04-01,81.488696289063,27.397418212891,5.3794157877563,6284,87.156478087991,6.1448560505402,1582,4702
196,196,JAKARTA PUSAT,5,2021,106.85,-6.2,65.181098539333,2021-05-01,81.199169921875,27.980268554687,3.708481527865,5513,92.689335626045,6.5420630427815,1554,3959
197,197,JAKARTA PUSAT,6,2021,106.85,-6.2,60.506848681049,2021-06-01,83.707427978516,27.090655517578,4.8603787645697,11070,85.938392686559,6.0458608434299,1913,9157
198,198,JAKARTA PUSAT,7,2021,106.85,-6.2,63.253078638564,2021-07-01,78.028088378906,27.264926757812,1.5628378093242,7461,90.003480129517,6.5318463055761,827,6634
199,199,JAKARTA PUSAT,8,2021,106.85,-6.2,63.653211839211,2021-08-01,78.755786132812,27.379556884766,5.2463781088593,4139,90.271314358387,5.7535795099934,855,3284
200,200,JAKARTA PUSAT,9,2021,106.85,-6.2,57.556837222233,2021-09-01,79.242132568359,27.620280761719,5.1097982004286,10595,81.526211938393,5.3815501904125,2076,8519
201,201,JAKARTA PUSAT,10,2021,106.85,-6.2,60.91177882676,2021-10-01,79.57255859375,27.81060546875,4.6059698611496,10989,86.230431044499,5.3446132823602,2145,8844
202,202,JAKARTA PUSAT,11,2021,106.85,-6.2,42.553280135138,2021-11-01,81.749255371093,27.315157470703,8.7110646814104,9208,60.756466133682,4.5085417751513,2200,7008
203,203,JAKARTA PUSAT,12,2021,106.85,-6.2,44.476475107302,2021-12-01,83.642681884766,27.175307617188,7.9245611280201,16190,63.340468550166,4.5522352845072,3712,12478
204,204,JAKARTA SELATAN,1,2021,106.80833333333,-6.2833333333333,41.80670695063,2021-01-01,86.414250691732,26.095241292318,11.105528101325,9309,60.013829486196,4.2997762898932,2396,6913
205,205,JAKARTA SELATAN,2,2021,106.80833333333,-6.2833333333333,39.518563823806,2021-02-01,87.128611246745,26.211066691081,13.231073071559,8206,56.770450261744,3.6356751524955,2278,5928
206,206,JAKARTA SELATAN,3,2021,106.80833333333,-6.2833333333333,49.683052489375,2021-03-01,83.140955607096,26.862460327148,8.6446537946659,10599,70.647428581279,5.5178629645993,2871,7728
207,207,JAKARTA SELATAN,4,2021,106.80833333333,-6.2833333333333,64.110369477375,2021-04-01,81.740997314453,27.094876098633,5.5326416312405,10776,90.85940824654,6.5706370169345,3309,7467
208,208,JAKARTA SELATAN,5,2021,106.80833333333,-6.2833333333333,69.301823627892,2021-05-01,81.494740804036,27.686814371745,4.0568276618919,10150,98.534374496733,7.0833166737275,3007,7143
209,209,JAKARTA SELATAN,6,2021,106.80833333333,-6.2833333333333,64.024750296494,2021-06-01,84.132176717122,26.759356689453,4.9316115677356,13009,90.926540923736,6.5171156194318,3000,10009
210,210,JAKARTA SELATAN,7,2021,106.80833333333,-6.2833333333333,67.687421662695,2021-07-01,78.073979695638,26.928263346354,1.5440684432784,13002,96.292301697709,7.0547962381763,2089,10913
211,211,JAKARTA SELATAN,8,2021,106.80833333333,-6.2833333333333,67.487223582359,2021-08-01,79.360397338867,26.996061197917,5.8518656839929,7804,95.710916905549,6.1952407276885,2133,5671
212,212,JAKARTA SELATAN,9,2021,106.80833333333,-6.2833333333333,60.489308063079,2021-09-01,79.735336303711,27.286436971029,5.7970130195222,9214,85.678556792523,5.7393621422143,2898,6316
213,213,JAKARTA SELATAN,10,2021,106.80833333333,-6.2833333333333,63.098609417075,2021-10-01,80.207407633464,27.437437947591,4.8221071250736,8773,89.348222543424,5.664604038108,2806,5967
214,214,JAKARTA SELATAN,11,2021,106.80833333333,-6.2833333333333,43.859425398936,2021-11-01,82.298980712891,26.985085042318,9.4535031666355,21075,62.611370537584,4.7509996426437,5432,15643
215,215,JAKARTA SELATAN,12,2021,106.80833333333,-6.2833333333333,45.701047592722,2021-12-01,83.904164632161,26.880771891276,7.8688799714047,15693,65.068851837521,4.8056658833348,4645,11048
216,216,JAKARTA TIMUR,1,2021,106.91,-6.26,41.41610012572,2021-01-01,86.378677978516,26.164477050781,11.346333175897,10195,59.468358391731,4.1527735385293,6349,3846
217,217,JAKARTA TIMUR,2,2021,106.91,-6.26,39.080943855888,2021-02-01,87.242364501953,26.241350585938,14.170351058244,8785,56.166845235831,3.4811200322176,1875,6910
218,218,JAKARTA TIMUR,3,2021,106.91,-6.26,49.290199373312,2021-03-01,83.261995849609,26.910078125,9.0077936574814,10569,70.083184162684,5.3204213968839,1677,8892
219,219,JAKARTA TIMUR,4,2021,106.91,-6.26,62.542514311778,2021-04-01,81.690240478516,27.170076660156,5.7875642590223,10894,88.627988787949,6.2721520649319,2380,8514
220,220,JAKARTA TIMUR,5,2021,106.91,-6.26,66.187505813295,2021-05-01,81.5435546875,27.742037353516,3.86493267864,10348,94.108335747006,6.6854626273859,2822,7526
221,221,JAKARTA TIMUR,6,2021,106.91,-6.26,61.391554564713,2021-06-01,84.045389404297,26.837482177734,5.081139743328,15502,87.184644129935,6.1711266149077,2819,12683
222,222,JAKARTA TIMUR,7,2021,106.91,-6.26,63.950001215101,2021-07-01,78.234748535156,26.980022705078,1.6634921953082,15478,90.982446100916,6.6668032880531,3081,12397
223,223,JAKARTA TIMUR,8,2021,106.91,-6.26,63.666877164083,2021-08-01,79.005227050781,27.096190185547,5.3391204923393,8558,90.286823246783,5.8016415774203,2205,6353
224,224,JAKARTA TIMUR,9,2021,106.91,-6.26,57.635151055873,2021-09-01,79.225828857422,27.411796142578,5.4362769946458,11118,81.632662012037,5.4096873033149,2163,8955
225,225,JAKARTA TIMUR,10,2021,106.91,-6.26,60.959697226897,2021-10-01,80.167904052734,27.533670166016,5.080208621919,10671,86.302494837432,5.3711145151019,3277,7394
226,226,JAKARTA TIMUR,11,2021,106.91,-6.26,43.724863690642,2021-11-01,82.233638916015,27.0779296875,10.159353345632,17367,62.407865737413,4.6215256600254,2966,14401
227,227,JAKARTA TIMUR,12,2021,106.91,-6.26,45.596581068619,2021-12-01,83.898348388672,26.948141845703,8.2952855080364,20643,64.915972757262,4.6653173146145,4378,16265
228,228,JAKARTA UTARA,1,2021,106.89166666667,-6.125,38.16883284201,2021-01-01,85.721255493164,26.625667317708,10.735750676443,4209,54.926339733265,3.700348169275,1460,2749
229,229,JAKARTA UTARA,2,2021,106.89166666667,-6.125,36.342053429826,2021-02-01,86.666020711263,26.644664713542,15.811612463245,7401,52.355913779204,3.0946758683576,1857,5544
230,230,JAKARTA UTARA,3,2021,106.89166666667,-6.125,45.552221868108,2021-03-01,82.905297851563,27.300207519531,7.7188197709619,7252,64.794924264551,4.7927118461518,2394,4858
231,231,JAKARTA UTARA,4,2021,106.89166666667,-6.125,57.994387520448,2021-04-01,81.396014404297,27.553499348958,5.3102509304881,7647,82.190720781405,5.6370874564853,2529,5118
232,232,JAKARTA UTARA,5,2021,106.89166666667,-6.125,60.373464643407,2021-05-01,81.151572672526,28.117640380859,3.568791927149,6743,85.87985148899,5.9307097619292,2151,4592
233,233,JAKARTA UTARA,6,2021,106.89166666667,-6.125,56.286821479291,2021-06-01,83.439880371094,27.28114827474,4.9187243233124,8381,79.95706600323,5.5123337783836,2076,6305
234,234,JAKARTA UTARA,7,2021,106.89166666667,-6.125,58.248720535344,2021-07-01,78.294257609049,27.4644140625,1.654104317228,6726,82.917171601892,5.9491699783653,1236,5490
235,235,JAKARTA UTARA,8,2021,106.89166666667,-6.125,59.061216354117,2021-08-01,78.58107808431,27.604264933268,4.5723501903318,4915,83.774958075842,5.2331007215317,1777,3138
236,236,JAKARTA UTARA,9,2021,106.89166666667,-6.125,53.791922215318,2021-09-01,79.20995686849,27.773527832031,4.8570029499631,5443,76.204047796897,4.9287831023528,1720,3723
237,237,JAKARTA UTARA,10,2021,106.89166666667,-6.125,57.72457516034,2021-10-01,79.244296264648,28.014110921224,4.442771753917,6836,81.701573350697,4.9314166188221,2035,4801
238,238,JAKARTA UTARA,11,2021,106.89166666667,-6.125,40.64952744878,2021-11-01,81.303520711263,27.501947428385,8.1365564341343,10007,58.054829875765,4.1963368361531,2667,7340
239,239,JAKARTA UTARA,12,2021,106.89166666667,-6.125,42.553266241067,2021-12-01,83.487947591146,27.322513224284,8.3564429730174,11270,60.627811123087,4.2202284794812,3361,7909
240,240,JAKARTA BARAT,1,2022,106.75,-6.1583333333333,40.907131258174,2022-01-01,83.32106628418,27.176343180339,6.2112040941913,19330,57.999436168366,4.0473529409679,5922,13408
241,241,JAKARTA BARAT,2,2022,106.75,-6.1583333333333,43.454320092845,2022-02-01,83.530550130208,26.977911783854,6.5930988111843,15719,61.461499711867,3.8440803617394,4066,11653
242,242,JAKARTA BARAT,3,2022,106.75,-6.1583333333333,48.806471944927,2022-03-01,82.713242594401,27.485885823568,4.9302262502412,10907,68.619931805871,4.9301013169382,3528,7379
243,243,JAKARTA BARAT,4,2022,106.75,-6.1583333333333,52.900781065308,2022-04-01,82.040180460612,27.629629313151,5.894483961165,11881,74.81471685031,5.6308670095114,4053,7828
244,244,JAKARTA BARAT,5,2022,106.75,-6.1583333333333,58.325384831982,2022-05-01,83.533083089193,27.691723225911,4.471461152037,11827,82.926959695189,6.3635913704317,3630,8197
245,245,JAKARTA BARAT,6,2022,106.75,-6.1583333333333,63.359766577046,2022-06-01,83.679232788086,26.868193969727,4.8365921589236,16704,90.111428333964,6.2387866642302,4793,11911
246,246,JAKARTA BARAT,7,2022,106.75,-6.1583333333333,63.042980759715,2022-07-01,81.591268920898,27.301025187175,5.3408441816769,17473,89.779118997374,6.3695874506664,4705,12768
247,247,JAKARTA BARAT,8,2022,106.75,-6.1583333333333,65.014947110914,2022-08-01,80.05228881836,27.431066691081,2.6329022832216,21548,92.400351583422,5.8972652220817,5632,15916
248,248,JAKARTA BARAT,9,2022,106.75,-6.1583333333333,64.442884143053,2022-09-01,80.844282023112,27.341599121094,5.058992020786,25840,91.663545605216,5.5171937258363,7054,18786
249,249,JAKARTA BARAT,10,2022,106.75,-6.1583333333333,50.677752928428,2022-10-01,82.820362345378,27.148130900065,8.6939885063719,37264,71.979880265575,5.0053129414163,9295,27969
250,250,JAKARTA BARAT,11,2022,106.75,-6.1583333333333,47.206048316243,2022-11-01,82.119126383464,27.233694254557,5.4206330825885,38141,67.31330980219,4.8295815101194,9800,28341
251,251,JAKARTA BARAT,12,2022,106.75,-6.1583333333333,39.095235770207,2022-12-01,83.021569824219,26.963174031576,7.5833833528061,30124,56.019231464452,4.046807476431,10419,19705
252,252,JAKARTA PUSAT,1,2022,106.85,-6.2,42.582045220267,2022-01-01,83.464807128906,27.074613037109,6.387758925557,13965,60.36164252284,4.2021579492189,3620,10345
253,253,JAKARTA PUSAT,2,2022,106.85,-6.2,45.010139378595,2022-02-01,83.648608398437,26.878287353516,6.9392718747257,9365,63.673340614893,3.9704729426046,1617,7748
254,254,JAKARTA PUSAT,3,2022,106.85,-6.2,50.822329296096,2022-03-01,82.731866455078,27.407512207031,5.342451147735,6920,71.483104887212,5.1177264233975,1822,5098
255,255,JAKARTA PUSAT,4,2022,106.85,-6.2,54.618098630499,2022-04-01,82.13812866211,27.543049316406,6.2244531139731,6872,77.260410016322,5.7858325264834,1950,4922
256,256,JAKARTA PUSAT,5,2022,106.85,-6.2,59.800016944205,2022-05-01,83.514178466797,27.599074707031,4.4507504254579,8121,85.01070321169,6.5247961480498,2103,6018
257,257,JAKARTA PUSAT,6,2022,106.85,-6.2,64.619286703761,2022-06-01,83.624768066406,26.770554199219,4.8714696243405,14130,91.891473275042,6.3691120983115,3432,10698
258,258,JAKARTA PUSAT,7,2022,106.85,-6.2,63.806621686999,2022-07-01,81.434625244141,27.226319580078,4.8174609988931,10007,90.851829857761,6.4792624196204,2580,7427
259,259,JAKARTA PUSAT,8,2022,106.85,-6.2,65.235158158337,2022-08-01,79.750201416016,27.372999267578,2.5466991588474,15630,92.702622017292,5.9503418905651,3450,12180
260,260,JAKARTA PUSAT,9,2022,106.85,-6.2,64.93062462217,2022-09-01,80.491284179688,27.306472167969,4.8838590085508,19342,92.349255223687,5.592096115554,4076,15266
261,261,JAKARTA PUSAT,10,2022,106.85,-6.2,52.236130999954,2022-10-01,82.887915039062,27.099813232422,9.1090078838168,23941,74.185421527299,5.1374375723912,4978,18963
262,262,JAKARTA PUSAT,11,2022,106.85,-6.2,48.898243386238,2022-11-01,82.238122558594,27.166450195312,6.0441206023095,23637,69.705187269638,4.9804004610443,4965,18672
263,263,JAKARTA PUSAT,12,2022,106.85,-6.2,40.743920693605,2022-12-01,83.184759521484,26.868038330078,8.1466797366736,17343,58.341479345358,4.20078471995,5354,11989
264,264,JAKARTA SELATAN,1,2022,106.80833333333,-6.2833333333333,43.86629603016,2022-01-01,83.553232828776,26.796216837565,6.133702614655,23518,62.148345637681,4.4599881773618,6643,16875
265,265,JAKARTA SELATAN,2,2022,106.80833333333,-6.2833333333333,46.596923879921,2022-02-01,84.032374064128,26.540937296549,7.1703085365394,16772,65.920695687301,4.2120001475392,3299,13473
266,266,JAKARTA SELATAN,3,2022,106.80833333333,-6.2833333333333,52.105930138387,2022-03-01,82.919738769531,27.111232503255,5.7286207874614,14595,73.298084332959,5.3789376253027,3761,10834
267,267,JAKARTA SELATAN,4,2022,106.80833333333,-6.2833333333333,56.77094467613,2022-04-01,82.639165242513,27.208440144857,6.7540990809599,12134,80.319348537571,6.1488348175956,3761,8373
268,268,JAKARTA SELATAN,5,2022,106.80833333333,-6.2833333333333,62.788303973389,2022-05-01,83.936747233073,27.257637532552,4.5372565897803,13109,89.249487109397,6.9629274709562,3947,9162
269,269,JAKARTA SELATAN,6,2022,106.80833333333,-6.2833333333333,67.905380841794,2022-06-01,84.119003295898,26.409136962891,5.1187194573383,15693,96.556661811755,6.8184936941858,4279,11414
270,270,JAKARTA SELATAN,7,2022,106.80833333333,-6.2833333333333,67.994531545898,2022-07-01,81.700368245443,26.910438028971,5.2389501904451,17707,96.801422265635,6.9789029495775,4558,13149
271,271,JAKARTA SELATAN,8,2022,106.80833333333,-6.2833333333333,69.512037612383,2022-08-01,80.161880493164,27.056759643555,2.8679358772934,28987,98.778296623675,6.3957295941446,6599,22388
272,272,JAKARTA SELATAN,9,2022,106.80833333333,-6.2833333333333,67.648599777482,2022-09-01,81.045338948568,26.959005737305,5.5100604891779,34219,96.214334911595,5.9201183538275,8214,26005
273,273,JAKARTA SELATAN,10,2022,106.80833333333,-6.2833333333333,53.804381793131,2022-10-01,83.174774169922,26.810245768229,9.8931121329466,32341,76.410937562462,5.4075784827833004,7274,25067
274,274,JAKARTA SELATAN,11,2022,106.80833333333,-6.2833333333333,50.157357989189,2022-11-01,82.529719034831,26.873175048828,6.6999415867029,41589,71.490782851649,5.2324991148664,10012,31577
275,275,JAKARTA SELATAN,12,2022,106.80833333333,-6.2833333333333,41.613150355187,2022-12-01,83.519714355469,26.542023722331,8.4693692624567,30426,59.569517429913,4.4148734563515,9212,21214
276,276,JAKARTA TIMUR,1,2022,106.91,-6.26,43.821833410599,2022-01-01,83.684855957031,26.835647949219,6.538067281246,30345,62.099685391577,4.322396196769,8817,21528
277,277,JAKARTA TIMUR,2,2022,106.91,-6.26,46.182164092319,2022-02-01,83.997955322266,26.619818603516,7.4148458614944,33213,65.338007689301,4.0617507686403,5585,27628
278,278,JAKARTA TIMUR,3,2022,106.91,-6.26,52.094887194154,2022-03-01,83.004451904297,27.172538085937,6.0478333383797,12873,73.290823594381,5.2374321642743,3761,9112
279,279,JAKARTA TIMUR,4,2022,106.91,-6.26,55.776709491085,2022-04-01,82.557158203125,27.293181396484,6.8385842069983,23121,78.90947592415,5.9029681943989,6229,16892
280,280,JAKARTA TIMUR,5,2022,106.91,-6.26,60.884886688466,2022-05-01,83.788873291016,27.340154052734,4.5850675851106,16877,86.539941913582,6.6628166266685,5246,11631
281,281,JAKARTA TIMUR,6,2022,106.91,-6.26,65.508306761331,2022-06-01,83.870682373047,26.507935546875,5.1388575211167,23105,93.14875928368,6.4903923643116,6114,16991
282,282,JAKARTA TIMUR,7,2022,106.91,-6.26,64.639485392113,2022-07-01,81.493515625,26.999814453125,4.5009420737628,23072,92.032366834381,6.6002879447578,6081,16991
283,283,JAKARTA TIMUR,8,2022,106.91,-6.26,65.471733831166,2022-08-01,79.828786621094,27.149656005859,2.7008245885373,56301,93.037417405149,5.9961777827973,14678,41623
284,284,JAKARTA TIMUR,9,2022,106.91,-6.26,64.924527986085,2022-09-01,80.552470703125,27.092818115234,4.9867501333358,47310,92.341206314592,5.6274121877896,12132,35178
285,285,JAKARTA TIMUR,10,2022,106.91,-6.26,52.899463628335,2022-10-01,83.163682861328,26.890696533203,10.011915367097,87188,75.12284894388,5.2061807374211,20587,66601
286,286,JAKARTA TIMUR,11,2022,106.91,-6.26,49.73231258439,2022-11-01,82.586572265625,26.938822998047,6.8983868956564,63336,70.879135034415,5.0714739623328,15728,47608
287,287,JAKARTA TIMUR,12,2022,106.91,-6.26,41.678377940298,2022-12-01,83.614291992187,26.609103759766,8.8832320794461,42921,59.650648864817,4.3020605567593,15259,27662
288,288,JAKARTA UTARA,1,2022,106.89166666667,-6.125,40.764002693865,2022-01-01,83.472858683268,27.211864827474,6.7272457480429,15689,57.826408840592,3.87938225361,5155,10534
289,289,JAKARTA UTARA,2,2022,106.89166666667,-6.125,42.873365223449,2022-02-01,83.38815612793,27.073978271484,6.8052698764949,16061,60.653302311506,3.6602990017788,3566,12495
290,290,JAKARTA UTARA,3,2022,106.89166666667,-6.125,48.761074134478,2022-03-01,82.651157633464,27.563365478516,5.0209857585529,9000,68.573470131857,4.7623718212533,2888,6112
291,291,JAKARTA UTARA,4,2022,106.89166666667,-6.125,51.735943710835,2022-04-01,81.809917195638,27.731014200846,5.8041477017104,9807,73.167630498559,5.3422618085771,3385,6422
292,292,JAKARTA UTARA,5,2022,106.89166666667,-6.125,56.014436472889,2022-05-01,83.257312011719,27.799010620117,4.4925428430239,9452,79.640546941405,5.994600720055,3014,6438
293,293,JAKARTA UTARA,6,2022,106.89166666667,-6.125,60.462341910435,2022-06-01,83.226671346029,27.000949707031,4.8262303198377,15299,85.995406173823,5.8378024269811,4670,10629
294,294,JAKARTA UTARA,7,2022,106.89166666667,-6.125,58.946157951805,2022-07-01,81.37550760905,27.398268839518,4.5128424900276,16870,83.963743904293,5.9002974565961,4985,11885
295,295,JAKARTA UTARA,8,2022,106.89166666667,-6.125,60.172356888761,2022-08-01,79.779854329427,27.524175211589,2.4352472896378,23712,85.524501124549,5.4138894321162,6287,17425
296,296,JAKARTA UTARA,9,2022,106.89166666667,-6.125,61.185955967998,2022-09-01,80.356574503581,27.479438680013,4.5221621294818,29908,87.035939046528,5.1636046454227,7962,21946
297,297,JAKARTA UTARA,10,2022,106.89166666667,-6.125,49.726068412544,2022-10-01,82.717352294922,27.231961466471,8.5893063091983,31637,70.626910244127,4.7711408669271,8871,22766
298,298,JAKARTA UTARA,11,2022,106.89166666667,-6.125,46.806575919847,2022-11-01,82.045861816406,27.315894775391,5.5434759519993,36767,66.740500215761,4.6423007028172,10906,25861
299,299,JAKARTA UTARA,12,2022,106.89166666667,-6.125,39.195320221057,2022-12-01,83.006587727865,27.046689249674,7.9706998790302,25644,56.155258304121,3.9108188196596,9731,15913
