,KABKOT,month,year,longitude,latitude,pm2p5,time,RH,t2m,tp,ispa,so2
0,JAKARTA BARAT,1,2018,106.74999999999996,-6.158333333333336,32.9903469339916,2018-01-01,81.91416015625,27.059569905598977,7.256567077711253,35036,63.57745799296609
1,JAKARTA BARAT,2,2018,106.74999999999996,-6.158333333333336,39.14552057220812,2018-02-01,85.60763346354155,26.742241007487035,9.96540218591666,1484,69.89625058676097
2,JAKARTA BARAT,3,2018,106.74999999999996,-6.158333333333336,44.44306457271591,2018-03-01,83.61339619954417,27.245900878906298,7.343809191758339,1842,88.28705103922816
3,JAKARTA BARAT,4,2018,106.74999999999996,-6.158333333333336,61.21402409162463,2018-04-01,83.66941630045575,27.65983866373702,6.208610503623864,2402,106.55995726107682
4,JAKARTA BARAT,5,2018,106.74999999999996,-6.158333333333336,68.22975241189208,2018-05-01,80.34615885416666,28.083251342773465,2.8957998317977047,1127,118.13367132807434
5,JAKARTA BARAT,6,2018,106.74999999999996,-6.158333333333336,69.65852060897909,2018-06-01,79.28447265624986,27.91437723795577,2.969004375239229,1414,115.97892626791764
6,JAKARTA BARAT,7,2018,106.74999999999996,-6.158333333333336,70.59047564360489,2018-07-01,71.59750162760403,27.75563374837244,0.4118715288738676,1134,120.37928327972364
7,JAKARTA BARAT,8,2018,106.74999999999996,-6.158333333333336,58.169737936116455,2018-08-01,69.81239420572886,27.94079589843756,0.5435300618410409,1478,97.5393657215962
8,JAKARTA BARAT,9,2018,106.74999999999996,-6.158333333333336,60.512664184189305,2018-09-01,68.86245422363245,28.23247294108079,1.2984598800540257,1270,95.488475316399
9,JAKARTA BARAT,10,2018,106.74999999999996,-6.158333333333336,60.23679925131674,2018-10-01,72.79044799804666,28.67855997721359,2.087086786826477,1052,87.41862501950129
10,JAKARTA BARAT,11,2018,106.74999999999996,-6.158333333333336,58.3013135477565,2018-11-01,81.83207906087229,27.742085978190147,7.533491955449205,885,91.67400779214516
11,JAKARTA BARAT,12,2018,106.74999999999996,-6.158333333333336,41.8206946983796,2018-12-01,80.8577779134114,27.643994954427125,5.545330742995064,1931,76.69276132932778
12,JAKARTA PUSAT,1,2018,106.84999999999997,-6.200000000000003,34.55788299078181,2018-01-01,81.77712402343761,26.999471435546862,7.3935982584953,22406,66.73464212709015
13,JAKARTA PUSAT,2,2018,106.84999999999997,-6.200000000000003,40.62722597453212,2018-02-01,85.84272460937484,26.64286743164064,10.25203958153702,1930,72.35914107640286
14,JAKARTA PUSAT,3,2018,106.84999999999997,-6.200000000000003,46.57348150990012,2018-03-01,83.77357177734383,27.16128906249997,8.209702596068016,1930,91.41628033445998
15,JAKARTA PUSAT,4,2018,106.84999999999997,-6.200000000000003,62.30025698291405,2018-04-01,83.59251098632824,27.60523193359376,6.381156109273337,3282,108.14081411704768
16,JAKARTA PUSAT,5,2018,106.84999999999997,-6.200000000000003,69.28052409686458,2018-05-01,80.21781616210916,27.999857177734384,2.745189182460324,1982,120.1971047073894
17,JAKARTA PUSAT,6,2018,106.84999999999997,-6.200000000000003,70.30925235795978,2018-06-01,79.39576416015598,27.811636962890645,2.7928175032139007,2568,117.54205683457307
18,JAKARTA PUSAT,7,2018,106.84999999999997,-6.200000000000003,70.71854079517603,2018-07-01,71.87464599609312,27.58078491210944,0.3705828264355804,1747,121.21812332400644
19,JAKARTA PUSAT,8,2018,106.84999999999997,-6.200000000000003,58.37065423008976,2018-08-01,70.43990478515582,27.757995605468807,0.5167883262038236,996,98.00943229863884
20,JAKARTA PUSAT,9,2018,106.84999999999997,-6.200000000000003,60.8912565643521,2018-09-01,69.13188476562426,28.09042236328133,1.3100055232644094,2337,96.38689497689468
21,JAKARTA PUSAT,10,2018,106.84999999999997,-6.200000000000003,60.95165146528405,2018-10-01,73.1739685058588,28.55349975585944,2.223944813013017,1934,88.41629576223352
22,JAKARTA PUSAT,11,2018,106.84999999999997,-6.200000000000003,59.5638276005659,2018-11-01,82.10829467773436,27.657792968750016,8.433230258524073,1897,93.55952529712071
23,JAKARTA PUSAT,12,2018,106.84999999999997,-6.200000000000003,43.4625298062485,2018-12-01,80.86126708984379,27.604218749999973,5.602146238088591,1968,79.20391585702976
24,JAKARTA SELATAN,1,2018,106.8083333333333,-6.283333333333336,34.8979248466584,2018-01-01,82.01547241210947,26.70251668294269,7.724275315801306,37528,69.59266816631919
25,JAKARTA SELATAN,2,2018,106.8083333333333,-6.283333333333336,41.93688245680659,2018-02-01,86.04963684082021,26.391271972656263,10.031364578753534,4655,76.98403383226044
26,JAKARTA SELATAN,3,2018,106.8083333333333,-6.283333333333336,48.28605945947635,2018-03-01,83.94305928548168,26.89417724609375,8.494809766610134,3851,96.64486620619716
27,JAKARTA SELATAN,4,2018,106.8083333333333,-6.283333333333336,66.37405184485488,2018-04-01,83.81354777018235,27.33210144042968,6.593064653376684,5088,117.06301847485663
28,JAKARTA SELATAN,5,2018,106.8083333333333,-6.283333333333336,73.86386411154355,2018-05-01,80.17424011230476,27.72099914550781,2.751662116497801,4087,130.03991982257324
29,JAKARTA SELATAN,6,2018,106.8083333333333,-6.283333333333336,74.50232950567766,2018-06-01,79.21704610188796,27.55964050292969,2.800656637797776,3083,126.84539051097607
30,JAKARTA SELATAN,7,2018,106.8083333333333,-6.283333333333336,74.64446264797057,2018-07-01,70.85765075683554,27.39687093098964,0.4522854772707029,3043,129.89281703708988
31,JAKARTA SELATAN,8,2018,106.8083333333333,-6.283333333333336,60.73135197946991,2018-08-01,69.46562194824168,27.6080637613933,0.6165339611470858,2341,104.42627638253268
32,JAKARTA SELATAN,9,2018,106.8083333333333,-6.283333333333336,63.18135163077298,2018-09-01,68.33463541666617,27.88484191894537,1.6083645013471652,3303,101.64420828632711
33,JAKARTA SELATAN,10,2018,106.8083333333333,-6.283333333333336,62.742290170744106,2018-10-01,72.98998514811173,28.315149943033884,2.73478425418336,2841,93.3724853613437
34,JAKARTA SELATAN,11,2018,106.8083333333333,-6.283333333333336,61.56208265939446,2018-11-01,82.4014333089192,27.389500935872395,9.326378380258612,3339,98.8610215683492
35,JAKARTA SELATAN,12,2018,106.8083333333333,-6.283333333333336,44.5944151679827,2018-12-01,81.02153015136712,27.34357706705728,5.998232463995623,2918,83.24436966727312
36,JAKARTA TIMUR,1,2018,106.90999999999995,-6.2600000000000025,35.63293074693113,2018-01-01,81.97994262695318,26.768200439453107,7.734732776880238,40245,68.84024193539639
37,JAKARTA TIMUR,2,2018,106.90999999999995,-6.2600000000000025,41.73317215716553,2018-02-01,86.19705200195301,26.40752929687501,10.535441070794842,4317,74.18135035018574
38,JAKARTA TIMUR,3,2018,106.90999999999995,-6.2600000000000025,48.05865415254573,2018-03-01,84.0645959472655,26.93895654296876,9.216191381215626,5103,93.48866622592274
39,JAKARTA TIMUR,4,2018,106.90999999999995,-6.2600000000000025,63.39686696084931,2018-04-01,83.70105957031258,27.40525732421873,6.761695519089608,5767,109.92725498517112
40,JAKARTA TIMUR,5,2018,106.90999999999995,-6.2600000000000025,70.39173479720876,2018-05-01,80.17780029296866,27.77840795898437,2.72900873422626,5811,122.65105424216476
41,JAKARTA TIMUR,6,2018,106.90999999999995,-6.2600000000000025,70.92453046908663,2018-06-01,79.66820312499976,27.565483154296896,2.801564387977146,4358,119.45760889220507
42,JAKARTA TIMUR,7,2018,106.90999999999995,-6.2600000000000025,70.7484531735281,2018-07-01,72.42914794921808,27.26264648437509,0.4172210097313103,3026,122.16915156786054
43,JAKARTA TIMUR,8,2018,106.90999999999995,-6.2600000000000025,58.21087632984597,2018-08-01,71.12969238281181,27.439567138671965,0.6065815985202845,3650,98.28114392097828
44,JAKARTA TIMUR,9,2018,106.90999999999995,-6.2600000000000025,60.77084006669006,2018-09-01,69.8134875488275,27.770170166015703,1.574233219027528,3798,96.48872824806128
45,JAKARTA TIMUR,10,2018,106.90999999999995,-6.2600000000000025,60.94763335233053,2018-10-01,73.89265380859331,28.258418701171912,2.798403821885536,3826,88.66387864382526
46,JAKARTA TIMUR,11,2018,106.90999999999995,-6.2600000000000025,59.93669367480445,2018-11-01,82.56404052734365,27.42225854492188,9.915548935532184,4778,94.53257882490922
47,JAKARTA TIMUR,12,2018,106.90999999999995,-6.2600000000000025,44.33112192447897,2018-12-01,81.08244018554683,27.404537841796856,5.999778471887085,3826,80.71123470042419
48,JAKARTA UTARA,1,2018,106.89166666666664,-6.125000000000004,33.76188105974584,2018-01-01,81.90591837565104,27.12807352701821,7.232007815813008,26403,62.54307274686298
49,JAKARTA UTARA,2,2018,106.89166666666664,-6.125000000000004,38.77821572098285,2018-02-01,85.72419942220057,26.738907267252603,10.76956196998533,6953,66.42338205989877
50,JAKARTA UTARA,3,2018,106.89166666666664,-6.125000000000004,44.14379841814283,2018-03-01,83.61494649251303,27.29235392252603,7.927974040309309,8457,84.55406425883706
51,JAKARTA UTARA,4,2018,106.89166666666664,-6.125000000000004,57.53768066441109,2018-04-01,83.49428507486992,27.73052286783852,6.390615024914268,8403,97.86194558402497
52,JAKARTA UTARA,5,2018,106.89166666666664,-6.125000000000004,64.0215908968393,2018-05-01,80.52937520345044,28.127111409505204,2.924291081726558,9130,109.05017026918456
53,JAKARTA UTARA,6,2018,106.89166666666664,-6.125000000000004,65.33710828864955,2018-06-01,79.96092936197897,27.90224365234376,2.912306313713446,8576,106.93701733822552
54,JAKARTA UTARA,7,2018,106.89166666666664,-6.125000000000004,65.91923478577938,2018-07-01,73.58475952148368,27.582918090820385,0.352437527229408,7746,110.94418730582473
55,JAKARTA UTARA,8,2018,106.89166666666664,-6.125000000000004,55.10416899470525,2018-08-01,72.07616577148357,27.706906127929773,0.5183648690581372,9020,89.97620478931886
56,JAKARTA UTARA,9,2018,106.89166666666664,-6.125000000000004,57.55877705719186,2018-09-01,70.82703959147064,28.07819803873704,1.2231129718323743,8772,89.12273661218991
57,JAKARTA UTARA,10,2018,106.89166666666664,-6.125000000000004,58.06437695691657,2018-10-01,74.2073852539058,28.56385742187504,2.104285787790988,9509,81.53540667404229
58,JAKARTA UTARA,11,2018,106.89166666666664,-6.125000000000004,56.46708364300495,2018-11-01,81.99826354980468,27.7613818359375,7.854611122359607,10598,86.50133612641268
59,JAKARTA UTARA,12,2018,106.89166666666664,-6.125000000000004,41.5361749627073,2018-12-01,80.90794372558595,27.704403889973936,5.350711091111136,9376,73.68949814321283
60,JAKARTA BARAT,1,2019,106.74999999999996,-6.158333333333336,39.81925331587677,2019-01-01,83.68302205403643,27.29481953938806,7.881096194808621,1688,73.50080510188145
61,JAKARTA BARAT,2,2019,106.74999999999996,-6.158333333333336,46.25484828836395,2019-02-01,84.65773010253902,27.398811035156296,8.907423724109927,2185,75.95596656236741
62,JAKARTA BARAT,3,2019,106.74999999999996,-6.158333333333336,45.53866398933766,2019-03-01,83.80189717610678,27.355988972981795,8.941612541675381,2423,92.68811420467846
63,JAKARTA BARAT,4,2019,106.74999999999996,-6.158333333333336,55.69224475760499,2019-04-01,83.95999857584643,27.85996073404951,8.844006024300905,2188,107.32422735770768
64,JAKARTA BARAT,5,2019,106.74999999999996,-6.158333333333336,62.19458659294393,2019-05-01,81.01414286295575,28.12758138020836,2.699439637362993,1660,121.6677277453117
65,JAKARTA BARAT,6,2019,106.74999999999996,-6.158333333333336,65.69465882103998,2019-06-01,74.71313374837233,28.23869038899743,0.9417491964996336,846,121.7786073941228
66,JAKARTA BARAT,7,2019,106.74999999999996,-6.158333333333336,55.3676403658445,2019-07-01,71.21834106445282,27.79681803385424,0.7421710466345385,1019,110.02685099588685
67,JAKARTA BARAT,8,2019,106.74999999999996,-6.158333333333336,55.06880032868376,2019-08-01,70.11067097981751,27.697650960286484,0.6964313238859628,1425,96.35798538726732
68,JAKARTA BARAT,9,2019,106.74999999999996,-6.158333333333336,54.26724310463203,2019-09-01,69.30343729654918,28.08570007324224,0.3372970720132411,2718,93.27681217345253
69,JAKARTA BARAT,10,2019,106.74999999999996,-6.158333333333336,61.49222516516056,2019-10-01,69.09746704101518,28.822052408854223,1.1383194103837275,2379,91.7606828838866
70,JAKARTA BARAT,11,2019,106.74999999999996,-6.158333333333336,54.83955468029294,2019-11-01,74.38977661132743,28.60351399739589,2.78810678049917,1561,87.0142835837104
71,JAKARTA BARAT,12,2019,106.74999999999996,-6.158333333333336,49.72530590446246,2019-12-01,82.37423299153653,27.599281005859392,10.483941963563485,2928,83.85521512811313
72,JAKARTA PUSAT,1,2019,106.84999999999997,-6.200000000000003,41.412656509957415,2019-01-01,83.8856933593749,27.20369628906252,8.050773367285606,2869,76.23345081917496
73,JAKARTA PUSAT,2,2019,106.84999999999997,-6.200000000000003,47.51715420544216,2019-02-01,84.73095703125013,27.33481933593748,9.499291814863458,3271,77.8868009439544
74,JAKARTA PUSAT,3,2019,106.84999999999997,-6.200000000000003,47.47317819446078,2019-03-01,83.94481201171885,27.263217773437475,9.537777341901952,5530,95.83559972702804
75,JAKARTA PUSAT,4,2019,106.84999999999997,-6.200000000000003,57.30045086712282,2019-04-01,84.12138671874999,27.778266601562507,9.9525062739845,4112,109.81165792204884
76,JAKARTA PUSAT,5,2019,106.84999999999997,-6.200000000000003,63.12791850149425,2019-05-01,80.8370483398437,28.074031982421843,2.7367127686738733,2830,123.64214479999455
77,JAKARTA PUSAT,6,2019,106.84999999999997,-6.200000000000003,66.01288190448085,2019-06-01,74.90488281249952,28.100249023437527,0.8788255974650695,1830,122.89134764020372
78,JAKARTA PUSAT,7,2019,106.84999999999997,-6.200000000000003,55.68971037206542,2019-07-01,71.41096191406206,27.633392333984432,0.7050214707851631,1830,111.1353406039727
79,JAKARTA PUSAT,8,2019,106.84999999999997,-6.200000000000003,55.32339212521807,2019-08-01,69.97391357421861,27.5916638183594,0.6351368129254044,2536,96.88215750885816
80,JAKARTA PUSAT,9,2019,106.84999999999997,-6.200000000000003,54.68069891397517,2019-09-01,69.07149658203109,27.98755737304691,0.2866576984524916,3048,94.11332392517326
81,JAKARTA PUSAT,10,2019,106.84999999999997,-6.200000000000003,60.90423284810322,2019-10-01,69.3523010253898,28.72562622070319,1.3285711780189875,2655,92.53721260827716
82,JAKARTA PUSAT,11,2019,106.84999999999997,-6.200000000000003,55.12840842196014,2019-11-01,75.7246948242178,28.390573730468816,3.268009833991256,2526,89.0111496631847
83,JAKARTA PUSAT,12,2019,106.84999999999997,-6.200000000000003,51.11516707974828,2019-12-01,82.81606445312491,27.477592773437493,10.8810789883137,2225,86.28383130495018
84,JAKARTA SELATAN,1,2019,106.8083333333333,-6.283333333333336,43.010489846216586,2019-01-01,84.29902140299475,26.92278747558595,8.062062226235756,35626,81.17291608095798
85,JAKARTA SELATAN,2,2019,106.8083333333333,-6.283333333333336,50.278382366129016,2019-02-01,84.99999491373696,27.10713602701824,10.103604694207307,56465,83.53934675010757
86,JAKARTA SELATAN,3,2019,106.8083333333333,-6.283333333333336,49.422489515708186,2019-03-01,84.11181640624979,26.9744842529297,9.411540379126544,43211,101.66192125966133
87,JAKARTA SELATAN,4,2019,106.8083333333333,-6.283333333333336,60.268036428112914,2019-04-01,84.35215759277341,27.528972371419275,10.21841115628641,35486,117.6663852773521
88,JAKARTA SELATAN,5,2019,106.8083333333333,-6.283333333333336,66.79566091843392,2019-05-01,80.99267069498708,27.7987823486328,2.9201918902496424,29867,132.52547327955355
89,JAKARTA SELATAN,6,2019,106.8083333333333,-6.283333333333336,69.84928064588235,2019-06-01,74.69914245605456,27.818139648437512,1.0341040169199789,26099,132.3346489431229
90,JAKARTA SELATAN,7,2019,106.8083333333333,-6.283333333333336,58.79609640392553,2019-07-01,70.55372111002583,27.44368794759117,0.7819574636717915,29074,119.4265243157743
91,JAKARTA SELATAN,8,2019,106.8083333333333,-6.283333333333336,57.62350857215456,2019-08-01,69.09007263183587,27.40835774739585,0.8516324994465495,30594,103.2789549036113
92,JAKARTA SELATAN,9,2019,106.8083333333333,-6.283333333333336,56.868045224102765,2019-09-01,68.11966451009108,27.82710469563803,0.4274477250874398,29516,100.09448312809565
93,JAKARTA SELATAN,10,2019,106.8083333333333,-6.283333333333336,61.81777339896362,2019-10-01,68.55995686848928,28.50381876627605,1.6331093696256211,27220,97.35196334469384
94,JAKARTA SELATAN,11,2019,106.8083333333333,-6.283333333333336,55.61786892766602,2019-11-01,75.09509277343678,28.14466857910163,3.453464154153826,24329,92.93228233497912
95,JAKARTA SELATAN,12,2019,106.8083333333333,-6.283333333333336,53.43417192419755,2019-12-01,83.3117370605468,27.1614267985026,11.796619494756117,30175,92.02037570384648
96,JAKARTA TIMUR,1,2019,106.90999999999995,-6.2600000000000025,42.67791254145919,2019-01-01,84.25601318359384,26.970911376953108,8.35430586338029,44990,78.44709828525322
97,JAKARTA TIMUR,2,2019,106.90999999999995,-6.2600000000000025,48.55931058974319,2019-02-01,84.95882446289063,27.137468994140622,10.5179660432038,56817,79.34109209538697
98,JAKARTA TIMUR,3,2019,106.90999999999995,-6.2600000000000025,48.91954023615117,2019-03-01,84.27899047851554,27.024175048828123,10.106060385703676,53780,98.10849714464688
99,JAKARTA TIMUR,4,2019,106.90999999999995,-6.2600000000000025,58.46117941151431,2019-04-01,84.46510498046871,27.56515673828125,10.988985352217677,37461,111.80699101123972
100,JAKARTA TIMUR,5,2019,106.90999999999995,-6.2600000000000025,63.861789278974925,2019-05-01,80.85066040039084,27.88044702148433,2.9556597471236925,149379,125.51687800127816
101,JAKARTA TIMUR,6,2019,106.90999999999995,-6.2600000000000025,66.30801761057742,2019-06-01,75.16810424804665,27.823635986328146,0.9486215487122942,24453,124.31789652661784
102,JAKARTA TIMUR,7,2019,106.90999999999995,-6.2600000000000025,55.95911750333577,2019-07-01,71.43036376953086,27.36818750000008,0.7247739955783159,36772,112.43431709969109
103,JAKARTA TIMUR,8,2019,106.90999999999995,-6.2600000000000025,55.29040599938728,2019-08-01,69.84541381835912,27.35800292968753,0.667664632201277,41803,97.25134972407534
104,JAKARTA TIMUR,9,2019,106.90999999999995,-6.2600000000000025,54.71760523042254,2019-09-01,68.73131225585922,27.78445458984378,0.3685611411929441,39595,94.57580040905556
105,JAKARTA TIMUR,10,2019,106.90999999999995,-6.2600000000000025,60.07196956048311,2019-10-01,69.73634643554635,28.46504809570315,1.6963020339607624,36256,92.54343957752847
106,JAKARTA TIMUR,11,2019,106.90999999999995,-6.2600000000000025,54.85180279111555,2019-11-01,76.89059692382718,28.032628173828208,4.030535303055929,36946,89.81632416933786
107,JAKARTA TIMUR,12,2019,106.90999999999995,-6.2600000000000025,52.11904008225128,2019-12-01,83.44163330078113,27.20345385742187,11.552197501063372,39260,88.06024229896896
108,JAKARTA UTARA,1,2019,106.89166666666664,-6.125000000000004,39.31280888578057,2019-01-01,83.71051228841135,27.325972086588543,8.115672332545055,30302,70.11742852661166
109,JAKARTA UTARA,2,2019,106.89166666666664,-6.125000000000004,44.140258938323086,2019-02-01,84.46781412760426,27.414910685221344,9.045880275467924,38082,70.88393050111638
110,JAKARTA UTARA,3,2019,106.89166666666664,-6.125000000000004,44.87986077192675,2019-03-01,83.83976542154959,27.41507934570309,9.55303218836564,37218,88.43978848680838
111,JAKARTA UTARA,4,2019,106.89166666666664,-6.125000000000004,53.53799095312729,2019-04-01,83.94344380696609,27.89082763671875,9.531922706712932,29455,100.34984955245456
112,JAKARTA UTARA,5,2019,106.89166666666664,-6.125000000000004,58.66493769188648,2019-05-01,80.85502827962235,28.209719238281224,2.6672851853072648,25449,113.12672405675686
113,JAKARTA UTARA,6,2019,106.89166666666664,-6.125000000000004,61.4095229363929,2019-06-01,75.75523478190064,28.191311442057327,0.8370020737250954,19297,111.97209987319488
114,JAKARTA UTARA,7,2019,106.89166666666664,-6.125000000000004,51.8807987168509,2019-07-01,72.87189432779893,27.6488881429037,0.6669229269027959,23121,101.38112218936142
115,JAKARTA UTARA,8,2019,106.89166666666664,-6.125000000000004,52.1896725796336,2019-08-01,71.68311157226518,27.566807250976627,0.5215521218876537,26521,88.86183603133703
116,JAKARTA UTARA,9,2019,106.89166666666664,-6.125000000000004,51.602708370051005,2019-09-01,70.9428141276038,27.936733398437543,0.2875386985639909,27496,86.41979331535168
117,JAKARTA UTARA,10,2019,106.89166666666664,-6.125000000000004,59.1936880632745,2019-10-01,71.24939575195256,28.680398152669323,1.1505047231912249,29526,85.70827345027078
118,JAKARTA UTARA,11,2019,106.89166666666664,-6.125000000000004,53.87889803050944,2019-11-01,76.65361429850184,28.45773783365891,3.214779812842432,27389,83.16371701635568
119,JAKARTA UTARA,12,2019,106.89166666666664,-6.125000000000004,48.06840312257262,2019-12-01,82.43336385091139,27.63428019205729,10.058319568634076,31251,79.02215213309644
120,JAKARTA BARAT,1,2020,106.74999999999996,-6.158333333333336,39.20152927605587,2020-01-01,85.89500630696614,27.189461466471386,14.475729682792847,30245,75.2853756112827
121,JAKARTA BARAT,2,2020,106.74999999999996,-6.158333333333336,38.27991187637577,2020-02-01,86.1364217122395,27.07735453287765,13.69126349687543,33209,69.02909745096015
122,JAKARTA BARAT,3,2020,106.74999999999996,-6.158333333333336,46.58930561735639,2020-03-01,84.38978373209632,27.503462524414108,11.113327058653192,31334,91.86351256113828
123,JAKARTA BARAT,4,2020,106.74999999999996,-6.158333333333336,50.98097483625765,2020-04-01,84.41822509765625,27.74862141927088,7.677212382356436,12593,107.26338834994029
124,JAKARTA BARAT,5,2020,106.74999999999996,-6.158333333333336,55.66893495906938,2020-05-01,83.59945475260417,27.996995239257853,5.889278029402071,7176,120.65591727369691
125,JAKARTA BARAT,6,2020,106.74999999999996,-6.158333333333336,59.31703106969948,2020-06-01,81.03355712890628,27.838000488281285,2.050814616183473,8235,117.40165610958896
126,JAKARTA BARAT,7,2020,106.74999999999996,-6.158333333333336,61.03202390879893,2020-07-01,77.49566752115882,27.559046630859388,1.6562249821921782,7186,123.68288403027316
127,JAKARTA BARAT,8,2020,106.74999999999996,-6.158333333333336,57.81892100900351,2020-08-01,74.8413350423176,27.963108317057305,1.584933598836356,7620,109.3092606671978
128,JAKARTA BARAT,9,2020,106.74999999999996,-6.158333333333336,54.83256731232527,2020-09-01,74.38914794921871,28.158529663085943,1.9451159176727912,8463,103.73900376715736
129,JAKARTA BARAT,10,2020,106.74999999999996,-6.158333333333336,57.304864392469646,2020-10-01,77.8150136311849,27.87962931315106,6.048352299258242,7417,101.41904027737628
130,JAKARTA BARAT,11,2020,106.74999999999996,-6.158333333333336,49.37169645163248,2020-11-01,81.09503479003895,27.72835917154951,4.9232592123249255,9439,93.93872670739114
131,JAKARTA BARAT,12,2020,106.74999999999996,-6.158333333333336,30.06870850912783,2020-12-01,83.04466654459645,26.942380981445325,9.082674675931528,11080,66.66677635174916
132,JAKARTA PUSAT,1,2020,106.84999999999997,-6.200000000000003,40.53318801193021,2020-01-01,86.0410644531251,27.104393310546868,15.40950819849924,27982,77.96997325340837
133,JAKARTA PUSAT,2,2020,106.84999999999997,-6.200000000000003,39.45407074231398,2020-02-01,86.44782714843727,26.959560546875025,14.579104036092373,28165,71.04565102373893
134,JAKARTA PUSAT,3,2020,106.84999999999997,-6.200000000000003,48.19747786655195,2020-03-01,84.51853637695305,27.42665527343752,10.993788577616272,30524,94.71558141977368
135,JAKARTA PUSAT,4,2020,106.84999999999997,-6.200000000000003,52.43751689458093,2020-04-01,84.51002807617216,27.681580810546848,7.813130728900386,9251,110.11991424835036
136,JAKARTA PUSAT,5,2020,106.84999999999997,-6.200000000000003,56.94716226874716,2020-05-01,83.64716796875003,27.908977050781232,6.05992265045625,4126,123.21144407963178
137,JAKARTA PUSAT,6,2020,106.84999999999997,-6.200000000000003,60.173134267909326,2020-06-01,80.90009765624986,27.762005615234383,1.930142045021072,5291,119.42390271559358
138,JAKARTA PUSAT,7,2020,106.84999999999997,-6.200000000000003,61.47864108167415,2020-07-01,77.46544799804667,27.456694335937527,1.5308443456888596,4588,125.37349110211252
139,JAKARTA PUSAT,8,2020,106.84999999999997,-6.200000000000003,58.03431146015833,2020-08-01,74.91954956054657,27.846728515625045,1.520049981773,4410,110.11139054441604
140,JAKARTA PUSAT,9,2020,106.84999999999997,-6.200000000000003,55.11527509346194,2020-09-01,74.42985229492166,28.06586914062501,1.9501545652747367,3158,104.71764834700284
141,JAKARTA PUSAT,10,2020,106.84999999999997,-6.200000000000003,57.814672646354666,2020-10-01,78.27996215820264,27.760706787109427,6.510780863463895,3774,102.5518313325
142,JAKARTA PUSAT,11,2020,106.84999999999997,-6.200000000000003,50.52768560887037,2020-11-01,81.41886596679682,27.62507202148436,5.744253322481779,4382,96.03610532836542
143,JAKARTA PUSAT,12,2020,106.84999999999997,-6.200000000000003,31.601573763732056,2020-12-01,83.00504150390623,26.883378906250016,9.32534016668792,3940,70.0270445317249
144,JAKARTA SELATAN,1,2020,106.8083333333333,-6.283333333333336,42.21472247076552,2020-01-01,86.42279052734371,26.82615865071615,15.172972343861574,32716,83.32883055629675
145,JAKARTA SELATAN,2,2020,106.8083333333333,-6.283333333333336,41.41027711845884,2020-02-01,86.90752665201813,26.659938557942723,14.389887824654169,33735,76.26642316130055
146,JAKARTA SELATAN,3,2020,106.8083333333333,-6.283333333333336,50.405126906917324,2020-03-01,84.84382120768231,27.14338887532552,11.565384734422002,36113,101.1248040484599
147,JAKARTA SELATAN,4,2020,106.8083333333333,-6.283333333333336,55.20834781928383,2020-04-01,84.89725748697914,27.4026611328125,8.274471449355275,15007,118.3143939001132
148,JAKARTA SELATAN,5,2020,106.8083333333333,-6.283333333333336,60.42035108776352,2020-05-01,83.9520111083984,27.614613850911457,6.054043273130912,8326,132.53259573664664
149,JAKARTA SELATAN,6,2020,106.8083333333333,-6.283333333333336,63.97635788049397,2020-06-01,81.2392832438153,27.44994099934894,1.9616842269897805,10438,128.82121321903784
150,JAKARTA SELATAN,7,2020,106.8083333333333,-6.283333333333336,65.29303786528912,2020-07-01,77.35538228352867,27.1728535970052,1.604005942742081,11058,134.93089633402346
151,JAKARTA SELATAN,8,2020,106.8083333333333,-6.283333333333336,61.74752201894222,2020-08-01,74.60863749186193,27.57937215169272,1.89568813269349,9279,118.82724426002198
152,JAKARTA SELATAN,9,2020,106.8083333333333,-6.283333333333336,57.52768183548539,2020-09-01,74.41561381022136,27.742294311523427,2.393921837210712,9638,111.08139417905012
153,JAKARTA SELATAN,10,2020,106.8083333333333,-6.283333333333336,59.642838601270746,2020-10-01,78.83002217610654,27.4197224934896,7.755372393876375,7908,108.09977926603902
154,JAKARTA SELATAN,11,2020,106.8083333333333,-6.283333333333336,52.706075518808575,2020-11-01,81.73450215657539,27.30904032389324,5.994430401672602,11271,101.98471722707428
155,JAKARTA SELATAN,12,2020,106.8083333333333,-6.283333333333336,31.99500141770568,2020-12-01,83.18682861328124,26.591934204101545,9.690254895637423,12667,73.23296545061125
156,JAKARTA TIMUR,1,2020,106.90999999999995,-6.2600000000000025,41.579220385538505,2020-01-01,86.3512670898437,26.873399169921868,16.167215347289517,45918,80.18682892968192
157,JAKARTA TIMUR,2,2020,106.90999999999995,-6.2600000000000025,40.46950348997808,2020-02-01,86.96668945312496,26.69511010742189,15.22689788043454,48845,72.80666437509461
158,JAKARTA TIMUR,3,2020,106.90999999999995,-6.2600000000000025,49.372238720479984,2020-03-01,84.92820556640606,27.19462768554688,11.459258146584062,44751,96.86559501107804
159,JAKARTA TIMUR,4,2020,106.90999999999995,-6.2600000000000025,53.6181433640578,2020-04-01,84.87039428710939,27.465695068359366,8.325105130672398,12036,112.63181257147129
160,JAKARTA TIMUR,5,2020,106.90999999999995,-6.2600000000000025,58.010812755546056,2020-05-01,83.91896606445306,27.674377929687505,6.470775246619982,30669,125.71966407197496
161,JAKARTA TIMUR,6,2020,106.90999999999995,-6.2600000000000025,61.02731507221988,2020-06-01,81.07438842773433,27.525955566406253,1.942249692976499,9744,121.7551821173663
162,JAKARTA TIMUR,7,2020,106.90999999999995,-6.2600000000000025,61.92024187849306,2020-07-01,77.72401489257796,27.1894987792969,1.522086508572148,9235,127.2788448428158
163,JAKARTA TIMUR,8,2020,106.90999999999995,-6.2600000000000025,58.31424852923929,2020-08-01,75.23275512695284,27.56499658203128,1.6052805930377274,8043,111.15915538222325
164,JAKARTA TIMUR,9,2020,106.90999999999995,-6.2600000000000025,55.02037371515058,2020-09-01,74.96572143554675,27.76689013671876,2.2886404916644443,8591,105.05230805536374
165,JAKARTA TIMUR,10,2020,106.90999999999995,-6.2600000000000025,57.64825044322519,2020-10-01,79.2566174316404,27.44275952148439,7.478732630610494,7718,102.71222844233404
166,JAKARTA TIMUR,11,2020,106.90999999999995,-6.2600000000000025,51.17854631286934,2020-11-01,81.8781970214842,27.35953686523437,6.641908235847561,11678,97.4062949321342
167,JAKARTA TIMUR,12,2020,106.90999999999995,-6.2600000000000025,32.664590521905744,2020-12-01,83.2204028320313,26.660910888671857,9.701917909085711,12874,72.39164158073413
168,JAKARTA UTARA,1,2020,106.89166666666664,-6.125000000000004,38.32307863740598,2020-01-01,85.75088806152355,27.22875345865884,15.410698428749733,20709,71.38696336578234
169,JAKARTA UTARA,2,2020,106.89166666666664,-6.125000000000004,37.0739606382468,2020-02-01,86.03388163248701,27.118930460611978,14.572458118199991,31907,64.82588919174768
170,JAKARTA UTARA,3,2020,106.89166666666664,-6.125000000000004,45.2564232962992,2020-03-01,84.30428263346361,27.56819173177081,10.55003674700876,31663,86.69270018061535
171,JAKARTA UTARA,4,2020,106.89166666666664,-6.125000000000004,48.983905946740286,2020-04-01,84.19154663085938,27.81994852701821,7.541015626241768,10716,100.39067441136518
172,JAKARTA UTARA,5,2020,106.89166666666664,-6.125000000000004,52.75324183805449,2020-05-01,83.45987141927101,28.06630228678382,6.261203624307982,6584,112.3332339332333
173,JAKARTA UTARA,6,2020,106.89166666666664,-6.125000000000004,55.71104188343747,2020-06-01,80.86588236490901,27.923843383789023,2.03261410196624,6598,108.6845677757395
174,JAKARTA UTARA,7,2020,106.89166666666664,-6.125000000000004,56.96859201660035,2020-07-01,78.08133850097614,27.5596169026693,1.5261613453428435,6174,114.25910537558418
175,JAKARTA UTARA,8,2020,106.89166666666664,-6.125000000000004,53.65254950441513,2020-08-01,76.05557657877559,27.903101603190134,1.2772236391902736,5787,99.91082468003864
176,JAKARTA UTARA,9,2020,106.89166666666664,-6.125000000000004,51.78959357563363,2020-09-01,75.2931284586585,28.15616251627605,1.7758747749030948,5790,96.3497076394386
177,JAKARTA UTARA,10,2020,106.89166666666664,-6.125000000000004,54.99491000075409,2020-10-01,78.27271931966133,27.90159525553385,5.612612813711195,4599,95.05626740932702
178,JAKARTA UTARA,11,2020,106.89166666666664,-6.125000000000004,47.54436196642456,2020-11-01,81.27635904947913,27.78606343587237,5.392927216986578,6035,88.4216603563849
179,JAKARTA UTARA,12,2020,106.89166666666664,-6.125000000000004,30.78800309857425,2020-12-01,83.09985453287766,27.019763997395795,9.142884202301442,6555,65.5286235149532
180,JAKARTA BARAT,1,2021,106.74999999999996,-6.158333333333336,38.77022049872058,2021-01-01,85.86905619303394,26.5427215576172,10.499981592098708,8616,75.22069522163595
181,JAKARTA BARAT,2,2021,106.74999999999996,-6.158333333333336,36.97789151521925,2021-02-01,86.57535298665346,26.619530029296925,14.319913672903626,8972,63.63983401243231
182,JAKARTA BARAT,3,2021,106.74999999999996,-6.158333333333336,46.07152420849646,2021-03-01,82.87356160481762,27.24802347819013,7.617955124005662,10102,97.4288388311206
183,JAKARTA BARAT,4,2021,106.74999999999996,-6.158333333333336,59.90305018342807,2021-04-01,81.50893859863292,27.47894795735679,5.2162580316265625,10829,116.17627030304504
184,JAKARTA BARAT,5,2021,106.74999999999996,-6.158333333333336,64.21186325766837,2021-05-01,81.10568033854169,28.06432067871096,3.8307586498559503,9698,124.38280143809716
185,JAKARTA BARAT,6,2021,106.74999999999996,-6.158333333333336,59.50422192116073,2021-06-01,83.64358520507831,27.18384602864584,4.822660274803625,13915,114.96838512461916
186,JAKARTA BARAT,7,2021,106.74999999999996,-6.158333333333336,62.78223538874156,2021-07-01,78.0597920735678,27.390769856770845,1.5891003546615454,10176,124.46413911152337
187,JAKARTA BARAT,8,2021,106.74999999999996,-6.158333333333336,63.65226924111163,2021-08-01,78.9230875651045,27.48551167805988,5.294272582978103,7727,110.656540047119
188,JAKARTA BARAT,9,2021,106.74999999999996,-6.158333333333336,57.234406720180914,2021-09-01,79.64974365234379,27.658139241536475,5.23896856233486,9994,103.2705380737695
189,JAKARTA BARAT,10,2021,106.74999999999996,-6.158333333333336,60.19103756058352,2021-10-01,79.20348307291675,27.92423746744792,4.267153659214559,9287,102.26936365862446
190,JAKARTA BARAT,11,2021,106.74999999999996,-6.158333333333336,40.7619254784282,2021-11-01,81.591488647461,27.380654500325523,7.640647565325037,13709,84.18979667895285
191,JAKARTA BARAT,12,2021,106.74999999999996,-6.158333333333336,42.6893768857968,2021-12-01,83.56459350585936,27.251652628580768,7.648300888637574,16993,84.98990717214112
192,JAKARTA PUSAT,1,2021,106.84999999999997,-6.200000000000003,40.17870171087643,2021-01-01,86.03822631835953,26.427697753906216,10.889165177941196,4559,78.03105310190577
193,JAKARTA PUSAT,2,2021,106.84999999999997,-6.200000000000003,38.09197954988507,2021-02-01,86.85421752929669,26.498713378906245,14.592087119817386,5538,65.59872155035008
194,JAKARTA PUSAT,3,2021,106.84999999999997,-6.200000000000003,47.97457590891931,2021-03-01,82.97490844726555,27.1511291503906,8.138815984129714,5965,100.70663677866652
195,JAKARTA PUSAT,4,2021,106.84999999999997,-6.200000000000003,61.49780557980997,2021-04-01,81.48869628906255,27.397418212890614,5.379415787756331,6284,119.02659908168972
196,JAKARTA PUSAT,5,2021,106.84999999999997,-6.200000000000003,65.18109853933267,2021-05-01,81.19916992187513,27.980268554687484,3.708481527865008,5513,126.720546186242
197,JAKARTA PUSAT,6,2021,106.84999999999997,-6.200000000000003,60.50684868104948,2021-06-01,83.70742797851561,27.09065551757812,4.860378764569697,11070,117.10905004053744
198,JAKARTA PUSAT,7,2021,106.84999999999997,-6.200000000000003,63.25307863856383,2021-07-01,78.02808837890638,27.264926757812475,1.562837809324224,7461,126.5226467605655
199,JAKARTA PUSAT,8,2021,106.84999999999997,-6.200000000000003,63.65321183921112,2021-08-01,78.75578613281246,27.37955688476564,5.246378108859259,4139,111.44752553811364
200,JAKARTA PUSAT,9,2021,106.84999999999997,-6.200000000000003,57.55683722223269,2021-09-01,79.24213256835942,27.62028076171873,5.10979820042861,10595,104.24127297431336
201,JAKARTA PUSAT,10,2021,106.84999999999997,-6.200000000000003,60.91177882675996,2021-10-01,79.5725585937498,27.81060546875,4.605969861149648,10989,103.52580063291082
202,JAKARTA PUSAT,11,2021,106.84999999999997,-6.200000000000003,42.553280135137925,2021-11-01,81.74925537109344,27.315157470703127,8.711064681410397,9208,87.33099520969337
203,JAKARTA PUSAT,12,2021,106.84999999999997,-6.200000000000003,44.47647510730224,2021-12-01,83.64268188476557,27.17530761718752,7.924561128020075,16190,88.17734372913887
204,JAKARTA SELATAN,1,2021,106.8083333333333,-6.283333333333336,41.806706950629774,2021-01-01,86.41425069173185,26.09524129231769,11.105528101324891,9309,83.28718270838553
205,JAKARTA SELATAN,2,2021,106.8083333333333,-6.283333333333336,39.51856382380618,2021-02-01,87.12861124674471,26.21106669108075,13.23107307155891,8206,70.42346398485567
206,JAKARTA SELATAN,3,2021,106.8083333333333,-6.283333333333336,49.68305248937467,2021-03-01,83.14095560709632,26.862460327148444,8.64465379466594,10599,106.88166776784456
207,JAKARTA SELATAN,4,2021,106.8083333333333,-6.283333333333336,64.11036947737466,2021-04-01,81.7409973144531,27.094876098632813,5.532641631240549,10776,127.27402749446276
208,JAKARTA SELATAN,5,2021,106.8083333333333,-6.283333333333336,69.3018236278919,2021-05-01,81.49474080403635,27.68681437174481,4.05682766189187,10150,137.20469396810267
209,JAKARTA SELATAN,6,2021,106.8083333333333,-6.283333333333336,64.02475029649415,2021-06-01,84.13217671712246,26.75935668945312,4.931611567735623,13009,126.23731160226832
210,JAKARTA SELATAN,7,2021,106.8083333333333,-6.283333333333336,67.68742166269483,2021-07-01,78.07397969563804,26.928263346354168,1.5440684432784393,13002,136.65224970902318
211,JAKARTA SELATAN,8,2021,106.8083333333333,-6.283333333333336,67.48722358235925,2021-08-01,79.3603973388674,26.99606119791665,5.851865683992853,7804,120.00255632421266
212,JAKARTA SELATAN,9,2021,106.8083333333333,-6.283333333333336,60.489308063078816,2021-09-01,79.73533630371112,27.28643697102862,5.79701301952219,9214,111.17213341814733
213,JAKARTA SELATAN,10,2021,106.8083333333333,-6.283333333333336,63.0986094170749,2021-10-01,80.20740763346353,27.43743794759113,4.822107125073551,8773,109.724059970637
214,JAKARTA SELATAN,11,2021,106.8083333333333,-6.283333333333336,43.85942539893593,2021-11-01,82.29898071289061,26.98508504231769,9.453503166635477,21075,92.02743319796592
215,JAKARTA SELATAN,12,2021,106.8083333333333,-6.283333333333336,45.70104759272248,2021-12-01,83.90416463216141,26.880771891276044,7.86887997140474,15693,93.08632484010086
216,JAKARTA TIMUR,1,2021,106.90999999999995,-6.2600000000000025,41.41610012572031,2021-01-01,86.37867797851555,26.16447705078125,11.346333175897453,10195,80.43972177413704
217,JAKARTA TIMUR,2,2021,106.90999999999995,-6.2600000000000025,39.0809438558885,2021-02-01,87.24236450195303,26.241350585937504,14.170351058244345,8785,67.42971275845942
218,JAKARTA TIMUR,3,2021,106.90999999999995,-6.2600000000000025,49.29019937331218,2021-03-01,83.26199584960932,26.910078124999995,9.007793657481432,10569,103.05720090820935
219,JAKARTA TIMUR,4,2021,106.90999999999995,-6.2600000000000025,62.54251431177752,2021-04-01,81.6902404785157,27.170076660156223,5.7875642590223375,10894,121.4923381559785
220,JAKARTA TIMUR,5,2021,106.90999999999995,-6.2600000000000025,66.18750581329508,2021-05-01,81.54355468750003,27.74203735351561,3.864932678639976,10348,129.4982133479795
221,JAKARTA TIMUR,6,2021,106.90999999999995,-6.2600000000000025,61.391554564713104,2021-06-01,84.04538940429688,26.83748217773437,5.081139743328026,15502,119.53546306595554
222,JAKARTA TIMUR,7,2021,106.90999999999995,-6.2600000000000025,63.950001215101295,2021-07-01,78.23474853515614,26.98002270507813,1.6634921953081612,15478,129.1367797059832
223,JAKARTA TIMUR,8,2021,106.90999999999995,-6.2600000000000025,63.66687716408287,2021-08-01,79.0052270507814,27.096190185546856,5.339120492339334,8558,112.37849355161988
224,JAKARTA TIMUR,9,2021,106.90999999999995,-6.2600000000000025,57.63515105587292,2021-09-01,79.22582885742206,27.41179614257809,5.436276994645757,11118,104.78629222768632
225,JAKARTA TIMUR,10,2021,106.90999999999995,-6.2600000000000025,60.95969722689667,2021-10-01,80.16790405273429,27.5336701660156,5.080208621918997,10671,104.03913269126473
226,JAKARTA TIMUR,11,2021,106.90999999999995,-6.2600000000000025,43.724863690641584,2021-11-01,82.23363891601548,27.07792968749999,10.159353345632098,17367,89.51950661777214
227,JAKARTA TIMUR,12,2021,106.90999999999995,-6.2600000000000025,45.59658106861855,2021-12-01,83.898348388672,26.94814184570309,8.295285508036422,20643,90.36775622216044
228,JAKARTA UTARA,1,2021,106.89166666666664,-6.125000000000004,38.16883284201037,2021-01-01,85.72125549316411,26.625667317708302,10.735750676443102,4209,71.67618808063658
229,JAKARTA UTARA,2,2021,106.89166666666664,-6.125000000000004,36.3420534298264,2021-02-01,86.66602071126296,26.64466471354167,15.811612463245424,7401,59.94424293119033
230,JAKARTA UTARA,3,2021,106.89166666666664,-6.125000000000004,45.5522218681084,2021-03-01,82.90529785156252,27.300207519531245,7.718819770961914,7252,92.83540358538204
231,JAKARTA UTARA,4,2021,106.89166666666664,-6.125000000000004,57.99438752044778,2021-04-01,81.39601440429686,27.553499348958315,5.310250930488067,7647,109.19106048261568
232,JAKARTA UTARA,5,2021,106.89166666666664,-6.125000000000004,60.373464643407495,2021-05-01,81.15157267252613,28.11764038085936,3.568791927148975,6743,114.87855977374076
233,JAKARTA UTARA,6,2021,106.89166666666664,-6.125000000000004,56.286821479290886,2021-06-01,83.43988037109393,27.281148274739536,4.9187243233124205,8381,106.77456676734356
234,JAKARTA UTARA,7,2021,106.89166666666664,-6.125000000000004,58.248720535344056,2021-07-01,78.2942576090494,27.4644140625,1.6541043172279926,6726,115.23613638133348
235,JAKARTA UTARA,8,2021,106.89166666666664,-6.125000000000004,59.06121635411725,2021-08-01,78.58107808430991,27.6042649332682,4.572350190331759,4915,101.36578894815658
236,JAKARTA UTARA,9,2021,106.89166666666664,-6.125000000000004,53.791922215318046,2021-09-01,79.20995686848964,27.77352783203122,4.857002949963134,5443,95.47112014654688
237,JAKARTA UTARA,10,2021,106.89166666666664,-6.125000000000004,57.72457516033962,2021-10-01,79.24429626464833,28.01411092122396,4.442771753917042,6836,95.5221316765788
238,JAKARTA UTARA,11,2021,106.89166666666664,-6.125000000000004,40.64952744877962,2021-11-01,81.30352071126306,27.501947428385392,8.136556434134347,10007,81.28354807670554
239,JAKARTA UTARA,12,2021,106.89166666666664,-6.125000000000004,42.55326624106687,2021-12-01,83.48794759114588,27.322513224283824,8.356442973017446,11270,81.74633207496932
240,JAKARTA BARAT,1,2022,106.74999999999996,-6.158333333333336,40.90713125817418,2022-01-01,83.32106628417976,27.176343180338563,6.211204094191294,19330,78.3977121489002
241,JAKARTA BARAT,2,2022,106.74999999999996,-6.158333333333336,43.45432009284525,2022-02-01,83.5305501302084,26.97791178385417,6.593098811184325,15719,74.46029789653502
242,JAKARTA BARAT,3,2022,106.74999999999996,-6.158333333333336,48.80647194492699,2022-03-01,82.71324259440108,27.485885823567752,4.930226250241232,10907,95.49665412125115
243,JAKARTA BARAT,4,2022,106.74999999999996,-6.158333333333336,52.90078106530845,2022-04-01,82.04018046061208,27.62962931315104,5.894483961165025,11881,109.0705696782768
244,JAKARTA BARAT,5,2022,106.74999999999996,-6.158333333333336,58.32538483198181,2022-05-01,83.53308308919291,27.69172322591146,4.471461152037029,11827,123.26352847622724
245,JAKARTA BARAT,6,2022,106.74999999999996,-6.158333333333336,63.35976657704594,2022-06-01,83.67923278808618,26.86819396972656,4.836592158923613,16704,120.84604634053782
246,JAKARTA BARAT,7,2022,106.74999999999996,-6.158333333333336,63.042980759715135,2022-07-01,81.59126892089844,27.30102518717452,5.34084418167692,17473,123.37967326990191
247,JAKARTA BARAT,8,2022,106.74999999999996,-6.158333333333336,65.0149471109137,2022-08-01,80.05228881835951,27.43106669108074,2.63290228322157,21548,114.23073502354892
248,JAKARTA BARAT,9,2022,106.74999999999996,-6.158333333333336,64.44288414305281,2022-09-01,80.84428202311226,27.341599121093736,5.058992020785955,25840,106.8687045326969
249,JAKARTA BARAT,10,2022,106.74999999999996,-6.158333333333336,50.67775292842787,2022-10-01,82.82036234537755,27.148130900065137,8.69398850637187,37264,96.95351231278738
250,JAKARTA BARAT,11,2022,106.74999999999996,-6.158333333333336,47.2060483162426,2022-11-01,82.11912638346358,27.23369425455732,5.420633082588494,38141,93.5495734007941
251,JAKARTA BARAT,12,2022,106.74999999999996,-6.158333333333336,39.09523577020662,2022-12-01,83.02156982421879,26.963174031575534,7.583383352806088,30124,78.38714643536633
252,JAKARTA PUSAT,1,2022,106.84999999999997,-6.200000000000003,42.58204522026656,2022-01-01,83.46480712890639,27.074613037109373,6.387758925556966,13965,81.39630373532304
253,JAKARTA PUSAT,2,2022,106.84999999999997,-6.200000000000003,45.01013937859475,2022-02-01,83.64860839843743,26.87828735351559,6.939271874725682,9365,76.90853735500356
254,JAKARTA PUSAT,3,2022,106.84999999999997,-6.200000000000003,50.82232929609614,2022-03-01,82.73186645507822,27.407512207031232,5.342451147734952,6920,99.13097494838112
255,JAKARTA PUSAT,4,2022,106.84999999999997,-6.200000000000003,54.61809863049916,2022-04-01,82.13812866210958,27.54304931640621,6.224453113973061,6872,112.07227033788703
256,JAKARTA PUSAT,5,2022,106.84999999999997,-6.200000000000003,59.80001694420463,2022-05-01,83.51417846679709,27.599074707031207,4.45075042545793,8121,126.38608436326328
257,JAKARTA PUSAT,6,2022,106.84999999999997,-6.200000000000003,64.61928670376062,2022-06-01,83.62476806640616,26.770554199218736,4.871469624340505,14130,123.37046563774577
258,JAKARTA PUSAT,7,2022,106.84999999999997,-6.200000000000003,63.80662168699895,2022-07-01,81.43462524414076,27.226319580078098,4.817460998893101,10007,125.5040905795375
259,JAKARTA PUSAT,8,2022,106.84999999999997,-6.200000000000003,65.2351581583366,2022-08-01,79.7502014160159,27.37299926757811,2.546699158847389,15630,115.258836461273
260,JAKARTA PUSAT,9,2022,106.84999999999997,-6.200000000000003,64.9306246221699,2022-09-01,80.49128417968772,27.306472167968707,4.883859008550829,19342,108.3195728098139
261,JAKARTA PUSAT,10,2022,106.84999999999997,-6.200000000000003,52.23613099995365,2022-10-01,82.88791503906228,27.099813232421862,9.109007883816847,23941,99.51278226972596
262,JAKARTA PUSAT,11,2022,106.84999999999997,-6.200000000000003,48.89824338623804,2022-11-01,82.238122558594,27.16645019531245,6.044120602309543,23637,96.4709545784842
263,JAKARTA PUSAT,12,2022,106.84999999999997,-6.200000000000003,40.74392069360502,2022-12-01,83.18475952148445,26.868038330078093,8.146679736673606,17343,81.36970411959803
264,JAKARTA SELATAN,1,2022,106.8083333333333,-6.283333333333336,43.86629603016038,2022-01-01,83.5532328287761,26.7962168375651,6.133702614654962,23518,86.39050619407857
265,JAKARTA SELATAN,2,2022,106.8083333333333,-6.283333333333336,46.59692387992052,2022-02-01,84.03237406412761,26.54093729654948,7.170308536539367,16772,81.58694829785183
266,JAKARTA SELATAN,3,2022,106.8083333333333,-6.283333333333336,52.105930138387016,2022-03-01,82.91973876953126,27.11123250325521,5.728620787461448,14595,104.19066727462844
267,JAKARTA SELATAN,4,2022,106.8083333333333,-6.283333333333336,56.77094467612966,2022-04-01,82.63916524251306,27.208440144856763,6.754099080959899,12134,119.10366827700548
268,JAKARTA SELATAN,5,2022,106.8083333333333,-6.283333333333336,62.788303973388686,2022-05-01,83.93674723307295,27.25763753255208,4.537256589780256,13109,134.87274066371847
269,JAKARTA SELATAN,6,2022,106.8083333333333,-6.283333333333336,67.9053808417945,2022-06-01,84.11900329589845,26.409136962890614,5.11871945733827,15693,132.07504107562258
270,JAKARTA SELATAN,7,2022,106.8083333333333,-6.283333333333336,67.99453154589783,2022-07-01,81.70036824544287,26.91043802897134,5.238950190445102,17707,135.18218760166957
271,JAKARTA SELATAN,8,2022,106.8083333333333,-6.283333333333336,69.51203761238338,2022-08-01,80.16188049316426,27.05675964355466,2.867935877293434,28987,123.8860497261315
272,JAKARTA SELATAN,9,2022,106.8083333333333,-6.283333333333336,67.64859977748173,2022-09-01,81.0453389485679,26.959005737304647,5.510060489177928,34219,114.67340292784074
273,JAKARTA SELATAN,10,2022,106.8083333333333,-6.283333333333336,53.80438179313084,2022-10-01,83.17477416992186,26.81024576822914,9.893112132946586,32341,104.74544412093056
274,JAKARTA SELATAN,11,2022,106.8083333333333,-6.283333333333336,50.15735798918871,2022-11-01,82.52971903483062,26.87317504882813,6.69994158670293,41589,101.35413575485616
275,JAKARTA SELATAN,12,2022,106.8083333333333,-6.283333333333336,41.6131503551868,2022-12-01,83.51971435546874,26.542023722330736,8.4693692624567,30426,85.51662863434365
276,JAKARTA TIMUR,1,2022,106.90999999999995,-6.2600000000000025,43.82183341059902,2022-01-01,83.68485595703123,26.835647949218743,6.538067281246006,30345,83.72533301895939
277,JAKARTA TIMUR,2,2022,106.90999999999995,-6.2600000000000025,46.18216409231948,2022-02-01,83.99795532226558,26.619818603515604,7.414845861494392,33213,78.67659979865574
278,JAKARTA TIMUR,3,2022,106.90999999999995,-6.2600000000000025,52.09488719415374,2022-03-01,83.0044519042969,27.17253808593748,6.047833338379656,12873,101.4496895138534
279,JAKARTA TIMUR,4,2022,106.90999999999995,-6.2600000000000025,55.77670949108453,2022-04-01,82.55715820312508,27.29318139648435,6.838584206998251,23121,114.34120228168996
280,JAKARTA TIMUR,5,2022,106.90999999999995,-6.2600000000000025,60.88488668846573,2022-05-01,83.78887329101576,27.340154052734352,4.585067585110645,16877,129.05955759656436
281,JAKARTA TIMUR,6,2022,106.90999999999995,-6.2600000000000025,65.50830676133123,2022-06-01,83.87068237304692,26.50793554687498,5.138857521116717,23105,125.71967894380003
282,JAKARTA TIMUR,7,2022,106.90999999999995,-6.2600000000000025,64.63948539211256,2022-07-01,81.49351562500004,26.999814453124987,4.500942073762778,23072,127.8483695245121
283,JAKARTA TIMUR,8,2022,106.90999999999995,-6.2600000000000025,65.47173383116619,2022-08-01,79.8287866210939,27.149656005859345,2.700824588537291,56301,116.14668319411744
284,JAKARTA TIMUR,9,2022,106.90999999999995,-6.2600000000000025,64.92452798608504,2022-09-01,80.55247070312515,27.092818115234344,4.986750133335822,47310,109.00364936694754
285,JAKARTA TIMUR,10,2022,106.90999999999995,-6.2600000000000025,52.89946362833473,2022-10-01,83.16368286132808,26.89069653320309,10.011915367096536,87188,100.84434562553452
286,JAKARTA TIMUR,11,2022,106.90999999999995,-6.2600000000000025,49.73231258439029,2022-11-01,82.58657226562502,26.93882299804685,6.89838689565641,63336,98.23505922726233
287,JAKARTA TIMUR,12,2022,106.90999999999995,-6.2600000000000025,41.678377940297885,2022-12-01,83.61429199218743,26.609103759765627,8.883232079446069,42921,83.33142923169417
288,JAKARTA UTARA,1,2022,106.89166666666664,-6.125000000000004,40.76400269386533,2022-01-01,83.47285868326817,27.21186482747396,6.727245748042898,15689,75.14409977829605
289,JAKARTA UTARA,2,2022,106.89166666666664,-6.125000000000004,42.87336522344912,2022-02-01,83.3881561279298,27.07397827148435,6.805269876494901,16061,70.9004309003357
290,JAKARTA UTARA,3,2022,106.89166666666664,-6.125000000000004,48.76107413447829,2022-03-01,82.65115763346354,27.563365478515607,5.0209857585528646,9000,92.24771366229504
291,JAKARTA UTARA,4,2022,106.89166666666664,-6.125000000000004,51.73594371083529,2022-04-01,81.80991719563805,27.73101420084633,5.804147701710427,9807,103.48025230355506
292,JAKARTA UTARA,5,2022,106.89166666666664,-6.125000000000004,56.0144364728886,2022-05-01,83.25731201171881,27.79901062011716,4.492542843023923,9452,116.11613529955191
293,JAKARTA UTARA,6,2022,106.89166666666664,-6.125000000000004,60.46234191043472,2022-06-01,83.22667134602877,27.000949707031225,4.82623031983771,15299,113.07893354691576
294,JAKARTA UTARA,7,2022,106.89166666666664,-6.125000000000004,58.9461579518051,2022-07-01,81.37550760904963,27.3982688395182,4.51284249002763,16870,114.2894697699607
295,JAKARTA UTARA,8,2022,106.89166666666664,-6.125000000000004,60.17235688876104,2022-08-01,79.77985432942707,27.524175211588528,2.4352472896377764,23712,104.86768796682313
296,JAKARTA UTARA,9,2022,106.89166666666664,-6.125000000000004,61.18595596799778,2022-09-01,80.35657450358087,27.479438680012983,4.522162129481786,29908,100.01964161439508
297,JAKARTA UTARA,10,2022,106.89166666666664,-6.125000000000004,49.7260684125443,2022-10-01,82.7173522949219,27.23196146647133,8.589306309198298,31637,92.4175711292811
298,JAKARTA UTARA,11,2022,106.89166666666664,-6.125000000000004,46.806575919846885,2022-11-01,82.04586181640617,27.31589477539061,5.543475951999294,36767,89.9219216896529
299,JAKARTA UTARA,12,2022,106.89166666666664,-6.125000000000004,39.19532022105745,2022-12-01,83.00658772786463,27.046689249674472,7.970699879030204,25644,75.75302983506401
