,Unnamed: 0,KABKOT,month,year,longitude,latitude,RH,time,t2m,tp
0,0,JAKARTA BARAT,1,2018,106.74999999999996,-6.158333333333336,81.91416015625,2018-01-01,27.059569905598977,7.256567077711253
1,5,JAKARTA BARAT,2,2018,106.74999999999996,-6.158333333333336,85.60763346354155,2018-02-01,26.742241007487035,9.96540218591666
2,10,JAKARTA BARAT,3,2018,106.74999999999996,-6.158333333333336,83.61339619954417,2018-03-01,27.245900878906298,7.343809191758339
3,15,JAKARTA BARAT,4,2018,106.74999999999996,-6.158333333333336,83.66941630045575,2018-04-01,27.65983866373702,6.208610503623864
4,20,JAKARTA BARAT,5,2018,106.74999999999996,-6.158333333333336,80.34615885416666,2018-05-01,28.083251342773465,2.8957998317977047
5,25,JAKARTA BARAT,6,2018,106.74999999999996,-6.158333333333336,79.28447265624986,2018-06-01,27.91437723795577,2.969004375239229
6,30,JAKARTA BARAT,7,2018,106.74999999999996,-6.158333333333336,71.59750162760403,2018-07-01,27.75563374837244,0.4118715288738676
7,35,JAKARTA BARAT,8,2018,106.74999999999996,-6.158333333333336,69.81239420572886,2018-08-01,27.94079589843756,0.5435300618410409
8,40,JAKARTA BARAT,9,2018,106.74999999999996,-6.158333333333336,68.86245422363245,2018-09-01,28.23247294108079,1.2984598800540257
9,45,JAKARTA BARAT,10,2018,106.74999999999996,-6.158333333333336,72.79044799804666,2018-10-01,28.67855997721359,2.087086786826477
10,50,JAKARTA BARAT,11,2018,106.74999999999996,-6.158333333333336,81.83207906087229,2018-11-01,27.742085978190147,7.533491955449205
11,55,JAKARTA BARAT,12,2018,106.74999999999996,-6.158333333333336,80.8577779134114,2018-12-01,27.643994954427125,5.545330742995064
12,60,JAKARTA PUSAT,1,2018,106.84999999999997,-6.200000000000003,81.77712402343761,2018-01-01,26.999471435546862,7.3935982584953
13,65,JAKARTA PUSAT,2,2018,106.84999999999997,-6.200000000000003,85.84272460937484,2018-02-01,26.64286743164064,10.25203958153702
14,70,JAKARTA PUSAT,3,2018,106.84999999999997,-6.200000000000003,83.77357177734383,2018-03-01,27.16128906249997,8.209702596068016
15,75,JAKARTA PUSAT,4,2018,106.84999999999997,-6.200000000000003,83.59251098632824,2018-04-01,27.60523193359376,6.381156109273337
16,80,JAKARTA PUSAT,5,2018,106.84999999999997,-6.200000000000003,80.21781616210916,2018-05-01,27.999857177734384,2.745189182460324
17,85,JAKARTA PUSAT,6,2018,106.84999999999997,-6.200000000000003,79.39576416015598,2018-06-01,27.811636962890645,2.7928175032139007
18,90,JAKARTA PUSAT,7,2018,106.84999999999997,-6.200000000000003,71.87464599609312,2018-07-01,27.58078491210944,0.3705828264355804
19,95,JAKARTA PUSAT,8,2018,106.84999999999997,-6.200000000000003,70.43990478515582,2018-08-01,27.757995605468807,0.5167883262038236
20,100,JAKARTA PUSAT,9,2018,106.84999999999997,-6.200000000000003,69.13188476562426,2018-09-01,28.09042236328133,1.3100055232644094
21,105,JAKARTA PUSAT,10,2018,106.84999999999997,-6.200000000000003,73.1739685058588,2018-10-01,28.55349975585944,2.223944813013017
22,110,JAKARTA PUSAT,11,2018,106.84999999999997,-6.200000000000003,82.10829467773436,2018-11-01,27.657792968750016,8.433230258524073
23,115,JAKARTA PUSAT,12,2018,106.84999999999997,-6.200000000000003,80.86126708984379,2018-12-01,27.604218749999973,5.602146238088591
24,120,JAKARTA SELATAN,1,2018,106.8083333333333,-6.283333333333336,82.01547241210947,2018-01-01,26.70251668294269,7.724275315801306
25,125,JAKARTA SELATAN,2,2018,106.8083333333333,-6.283333333333336,86.04963684082021,2018-02-01,26.391271972656263,10.031364578753534
26,130,JAKARTA SELATAN,3,2018,106.8083333333333,-6.283333333333336,83.94305928548168,2018-03-01,26.89417724609375,8.494809766610134
27,135,JAKARTA SELATAN,4,2018,106.8083333333333,-6.283333333333336,83.81354777018235,2018-04-01,27.33210144042968,6.593064653376684
28,140,JAKARTA SELATAN,5,2018,106.8083333333333,-6.283333333333336,80.17424011230476,2018-05-01,27.720999145507815,2.751662116497801
29,145,JAKARTA SELATAN,6,2018,106.8083333333333,-6.283333333333336,79.21704610188796,2018-06-01,27.55964050292969,2.800656637797776
30,150,JAKARTA SELATAN,7,2018,106.8083333333333,-6.283333333333336,70.85765075683554,2018-07-01,27.39687093098964,0.4522854772707029
31,155,JAKARTA SELATAN,8,2018,106.8083333333333,-6.283333333333336,69.46562194824168,2018-08-01,27.6080637613933,0.6165339611470858
32,160,JAKARTA SELATAN,9,2018,106.8083333333333,-6.283333333333336,68.33463541666617,2018-09-01,27.88484191894537,1.6083645013471652
33,165,JAKARTA SELATAN,10,2018,106.8083333333333,-6.283333333333336,72.98998514811173,2018-10-01,28.315149943033884,2.73478425418336
34,170,JAKARTA SELATAN,11,2018,106.8083333333333,-6.283333333333336,82.4014333089192,2018-11-01,27.389500935872395,9.326378380258612
35,175,JAKARTA SELATAN,12,2018,106.8083333333333,-6.283333333333336,81.02153015136712,2018-12-01,27.34357706705728,5.998232463995623
36,180,JAKARTA TIMUR,1,2018,106.90999999999995,-6.2600000000000025,81.97994262695318,2018-01-01,26.768200439453107,7.734732776880238
37,185,JAKARTA TIMUR,2,2018,106.90999999999995,-6.2600000000000025,86.19705200195301,2018-02-01,26.40752929687501,10.535441070794842
38,190,JAKARTA TIMUR,3,2018,106.90999999999995,-6.2600000000000025,84.0645959472655,2018-03-01,26.938956542968757,9.216191381215626
39,195,JAKARTA TIMUR,4,2018,106.90999999999995,-6.2600000000000025,83.70105957031258,2018-04-01,27.40525732421873,6.761695519089608
40,200,JAKARTA TIMUR,5,2018,106.90999999999995,-6.2600000000000025,80.17780029296866,2018-05-01,27.77840795898437,2.72900873422626
41,205,JAKARTA TIMUR,6,2018,106.90999999999995,-6.2600000000000025,79.66820312499976,2018-06-01,27.565483154296896,2.801564387977146
42,210,JAKARTA TIMUR,7,2018,106.90999999999995,-6.2600000000000025,72.42914794921808,2018-07-01,27.26264648437509,0.4172210097313103
43,215,JAKARTA TIMUR,8,2018,106.90999999999995,-6.2600000000000025,71.12969238281181,2018-08-01,27.439567138671965,0.6065815985202845
44,220,JAKARTA TIMUR,9,2018,106.90999999999995,-6.2600000000000025,69.8134875488275,2018-09-01,27.770170166015703,1.574233219027528
45,225,JAKARTA TIMUR,10,2018,106.90999999999995,-6.2600000000000025,73.89265380859331,2018-10-01,28.258418701171912,2.798403821885536
46,230,JAKARTA TIMUR,11,2018,106.90999999999995,-6.2600000000000025,82.56404052734365,2018-11-01,27.422258544921878,9.915548935532184
47,235,JAKARTA TIMUR,12,2018,106.90999999999995,-6.2600000000000025,81.08244018554683,2018-12-01,27.404537841796856,5.999778471887085
48,240,JAKARTA UTARA,1,2018,106.89166666666664,-6.125000000000004,81.90591837565104,2018-01-01,27.12807352701821,7.232007815813008
49,245,JAKARTA UTARA,2,2018,106.89166666666664,-6.125000000000004,85.72419942220057,2018-02-01,26.738907267252603,10.76956196998533
50,250,JAKARTA UTARA,3,2018,106.89166666666664,-6.125000000000004,83.61494649251303,2018-03-01,27.29235392252603,7.927974040309309
51,255,JAKARTA UTARA,4,2018,106.89166666666664,-6.125000000000004,83.49428507486992,2018-04-01,27.73052286783852,6.390615024914268
52,260,JAKARTA UTARA,5,2018,106.89166666666664,-6.125000000000004,80.52937520345044,2018-05-01,28.127111409505204,2.924291081726558
53,265,JAKARTA UTARA,6,2018,106.89166666666664,-6.125000000000004,79.96092936197897,2018-06-01,27.90224365234376,2.912306313713446
54,270,JAKARTA UTARA,7,2018,106.89166666666664,-6.125000000000004,73.58475952148368,2018-07-01,27.582918090820385,0.352437527229408
55,275,JAKARTA UTARA,8,2018,106.89166666666664,-6.125000000000004,72.07616577148357,2018-08-01,27.706906127929773,0.5183648690581372
56,280,JAKARTA UTARA,9,2018,106.89166666666664,-6.125000000000004,70.82703959147064,2018-09-01,28.07819803873704,1.2231129718323743
57,285,JAKARTA UTARA,10,2018,106.89166666666664,-6.125000000000004,74.2073852539058,2018-10-01,28.56385742187504,2.104285787790988
58,290,JAKARTA UTARA,11,2018,106.89166666666664,-6.125000000000004,81.99826354980468,2018-11-01,27.7613818359375,7.854611122359607
59,295,JAKARTA UTARA,12,2018,106.89166666666664,-6.125000000000004,80.90794372558595,2018-12-01,27.704403889973936,5.350711091111136
60,1,JAKARTA BARAT,1,2019,106.74999999999996,-6.158333333333336,83.68302205403643,2019-01-01,27.29481953938806,7.881096194808621
61,6,JAKARTA BARAT,2,2019,106.74999999999996,-6.158333333333336,84.65773010253902,2019-02-01,27.398811035156296,8.907423724109927
62,11,JAKARTA BARAT,3,2019,106.74999999999996,-6.158333333333336,83.80189717610678,2019-03-01,27.355988972981795,8.941612541675381
63,16,JAKARTA BARAT,4,2019,106.74999999999996,-6.158333333333336,83.95999857584643,2019-04-01,27.85996073404951,8.844006024300905
64,21,JAKARTA BARAT,5,2019,106.74999999999996,-6.158333333333336,81.01414286295575,2019-05-01,28.12758138020836,2.699439637362993
65,26,JAKARTA BARAT,6,2019,106.74999999999996,-6.158333333333336,74.71313374837233,2019-06-01,28.23869038899743,0.9417491964996336
66,31,JAKARTA BARAT,7,2019,106.74999999999996,-6.158333333333336,71.21834106445282,2019-07-01,27.79681803385424,0.7421710466345385
67,36,JAKARTA BARAT,8,2019,106.74999999999996,-6.158333333333336,70.11067097981751,2019-08-01,27.697650960286484,0.6964313238859628
68,41,JAKARTA BARAT,9,2019,106.74999999999996,-6.158333333333336,69.30343729654918,2019-09-01,28.08570007324224,0.3372970720132411
69,46,JAKARTA BARAT,10,2019,106.74999999999996,-6.158333333333336,69.09746704101518,2019-10-01,28.822052408854223,1.1383194103837275
70,51,JAKARTA BARAT,11,2019,106.74999999999996,-6.158333333333336,74.38977661132743,2019-11-01,28.60351399739589,2.78810678049917
71,56,JAKARTA BARAT,12,2019,106.74999999999996,-6.158333333333336,82.37423299153653,2019-12-01,27.599281005859392,10.483941963563485
72,61,JAKARTA PUSAT,1,2019,106.84999999999997,-6.200000000000003,83.8856933593749,2019-01-01,27.20369628906252,8.050773367285606
73,66,JAKARTA PUSAT,2,2019,106.84999999999997,-6.200000000000003,84.73095703125013,2019-02-01,27.33481933593748,9.499291814863458
74,71,JAKARTA PUSAT,3,2019,106.84999999999997,-6.200000000000003,83.94481201171885,2019-03-01,27.263217773437475,9.537777341901952
75,76,JAKARTA PUSAT,4,2019,106.84999999999997,-6.200000000000003,84.12138671874999,2019-04-01,27.778266601562507,9.9525062739845
76,81,JAKARTA PUSAT,5,2019,106.84999999999997,-6.200000000000003,80.8370483398437,2019-05-01,28.074031982421843,2.7367127686738733
77,86,JAKARTA PUSAT,6,2019,106.84999999999997,-6.200000000000003,74.90488281249952,2019-06-01,28.100249023437527,0.8788255974650695
78,91,JAKARTA PUSAT,7,2019,106.84999999999997,-6.200000000000003,71.41096191406206,2019-07-01,27.633392333984432,0.7050214707851631
79,96,JAKARTA PUSAT,8,2019,106.84999999999997,-6.200000000000003,69.97391357421861,2019-08-01,27.5916638183594,0.6351368129254044
80,101,JAKARTA PUSAT,9,2019,106.84999999999997,-6.200000000000003,69.07149658203109,2019-09-01,27.98755737304691,0.2866576984524916
81,106,JAKARTA PUSAT,10,2019,106.84999999999997,-6.200000000000003,69.3523010253898,2019-10-01,28.72562622070319,1.3285711780189875
82,111,JAKARTA PUSAT,11,2019,106.84999999999997,-6.200000000000003,75.7246948242178,2019-11-01,28.390573730468816,3.268009833991256
83,116,JAKARTA PUSAT,12,2019,106.84999999999997,-6.200000000000003,82.81606445312491,2019-12-01,27.477592773437493,10.8810789883137
84,121,JAKARTA SELATAN,1,2019,106.8083333333333,-6.283333333333336,84.29902140299475,2019-01-01,26.92278747558595,8.062062226235756
85,126,JAKARTA SELATAN,2,2019,106.8083333333333,-6.283333333333336,84.99999491373696,2019-02-01,27.10713602701824,10.103604694207307
86,131,JAKARTA SELATAN,3,2019,106.8083333333333,-6.283333333333336,84.11181640624979,2019-03-01,26.9744842529297,9.411540379126544
87,136,JAKARTA SELATAN,4,2019,106.8083333333333,-6.283333333333336,84.35215759277341,2019-04-01,27.528972371419275,10.21841115628641
88,141,JAKARTA SELATAN,5,2019,106.8083333333333,-6.283333333333336,80.99267069498708,2019-05-01,27.7987823486328,2.9201918902496424
89,146,JAKARTA SELATAN,6,2019,106.8083333333333,-6.283333333333336,74.69914245605456,2019-06-01,27.818139648437512,1.0341040169199789
90,151,JAKARTA SELATAN,7,2019,106.8083333333333,-6.283333333333336,70.55372111002583,2019-07-01,27.44368794759117,0.7819574636717915
91,156,JAKARTA SELATAN,8,2019,106.8083333333333,-6.283333333333336,69.09007263183587,2019-08-01,27.40835774739585,0.8516324994465495
92,161,JAKARTA SELATAN,9,2019,106.8083333333333,-6.283333333333336,68.11966451009108,2019-09-01,27.82710469563803,0.4274477250874398
93,166,JAKARTA SELATAN,10,2019,106.8083333333333,-6.283333333333336,68.55995686848928,2019-10-01,28.50381876627605,1.6331093696256211
94,171,JAKARTA SELATAN,11,2019,106.8083333333333,-6.283333333333336,75.09509277343678,2019-11-01,28.14466857910163,3.453464154153826
95,176,JAKARTA SELATAN,12,2019,106.8083333333333,-6.283333333333336,83.3117370605468,2019-12-01,27.1614267985026,11.796619494756117
96,181,JAKARTA TIMUR,1,2019,106.90999999999995,-6.2600000000000025,84.25601318359384,2019-01-01,26.970911376953108,8.35430586338029
97,186,JAKARTA TIMUR,2,2019,106.90999999999995,-6.2600000000000025,84.95882446289063,2019-02-01,27.137468994140622,10.5179660432038
98,191,JAKARTA TIMUR,3,2019,106.90999999999995,-6.2600000000000025,84.27899047851554,2019-03-01,27.024175048828123,10.106060385703676
99,196,JAKARTA TIMUR,4,2019,106.90999999999995,-6.2600000000000025,84.46510498046871,2019-04-01,27.56515673828125,10.988985352217677
100,201,JAKARTA TIMUR,5,2019,106.90999999999995,-6.2600000000000025,80.85066040039084,2019-05-01,27.88044702148433,2.9556597471236925
101,206,JAKARTA TIMUR,6,2019,106.90999999999995,-6.2600000000000025,75.16810424804665,2019-06-01,27.823635986328146,0.9486215487122942
102,211,JAKARTA TIMUR,7,2019,106.90999999999995,-6.2600000000000025,71.43036376953086,2019-07-01,27.36818750000008,0.7247739955783159
103,216,JAKARTA TIMUR,8,2019,106.90999999999995,-6.2600000000000025,69.84541381835912,2019-08-01,27.35800292968753,0.667664632201277
104,221,JAKARTA TIMUR,9,2019,106.90999999999995,-6.2600000000000025,68.73131225585922,2019-09-01,27.78445458984378,0.3685611411929441
105,226,JAKARTA TIMUR,10,2019,106.90999999999995,-6.2600000000000025,69.73634643554635,2019-10-01,28.46504809570315,1.6963020339607624
106,231,JAKARTA TIMUR,11,2019,106.90999999999995,-6.2600000000000025,76.89059692382718,2019-11-01,28.032628173828208,4.030535303055929
107,236,JAKARTA TIMUR,12,2019,106.90999999999995,-6.2600000000000025,83.44163330078113,2019-12-01,27.20345385742187,11.552197501063372
108,241,JAKARTA UTARA,1,2019,106.89166666666664,-6.125000000000004,83.71051228841135,2019-01-01,27.325972086588543,8.115672332545055
109,246,JAKARTA UTARA,2,2019,106.89166666666664,-6.125000000000004,84.46781412760426,2019-02-01,27.414910685221344,9.045880275467924
110,251,JAKARTA UTARA,3,2019,106.89166666666664,-6.125000000000004,83.83976542154959,2019-03-01,27.41507934570309,9.55303218836564
111,256,JAKARTA UTARA,4,2019,106.89166666666664,-6.125000000000004,83.94344380696609,2019-04-01,27.89082763671875,9.531922706712932
112,261,JAKARTA UTARA,5,2019,106.89166666666664,-6.125000000000004,80.85502827962235,2019-05-01,28.209719238281224,2.6672851853072648
113,266,JAKARTA UTARA,6,2019,106.89166666666664,-6.125000000000004,75.75523478190064,2019-06-01,28.191311442057327,0.8370020737250954
114,271,JAKARTA UTARA,7,2019,106.89166666666664,-6.125000000000004,72.87189432779893,2019-07-01,27.6488881429037,0.6669229269027959
115,276,JAKARTA UTARA,8,2019,106.89166666666664,-6.125000000000004,71.68311157226518,2019-08-01,27.566807250976627,0.5215521218876537
116,281,JAKARTA UTARA,9,2019,106.89166666666664,-6.125000000000004,70.9428141276038,2019-09-01,27.936733398437543,0.2875386985639909
117,286,JAKARTA UTARA,10,2019,106.89166666666664,-6.125000000000004,71.24939575195256,2019-10-01,28.680398152669323,1.1505047231912249
118,291,JAKARTA UTARA,11,2019,106.89166666666664,-6.125000000000004,76.65361429850184,2019-11-01,28.45773783365891,3.214779812842432
119,296,JAKARTA UTARA,12,2019,106.89166666666664,-6.125000000000004,82.43336385091139,2019-12-01,27.63428019205729,10.058319568634076
120,2,JAKARTA BARAT,1,2020,106.74999999999996,-6.158333333333336,85.89500630696614,2020-01-01,27.189461466471386,14.475729682792847
121,7,JAKARTA BARAT,2,2020,106.74999999999996,-6.158333333333336,86.1364217122395,2020-02-01,27.07735453287765,13.69126349687543
122,12,JAKARTA BARAT,3,2020,106.74999999999996,-6.158333333333336,84.38978373209632,2020-03-01,27.503462524414108,11.113327058653192
123,17,JAKARTA BARAT,4,2020,106.74999999999996,-6.158333333333336,84.41822509765625,2020-04-01,27.74862141927088,7.677212382356436
124,22,JAKARTA BARAT,5,2020,106.74999999999996,-6.158333333333336,83.59945475260417,2020-05-01,27.996995239257853,5.889278029402071
125,27,JAKARTA BARAT,6,2020,106.74999999999996,-6.158333333333336,81.03355712890628,2020-06-01,27.838000488281285,2.050814616183473
126,32,JAKARTA BARAT,7,2020,106.74999999999996,-6.158333333333336,77.49566752115882,2020-07-01,27.559046630859388,1.6562249821921782
127,37,JAKARTA BARAT,8,2020,106.74999999999996,-6.158333333333336,74.8413350423176,2020-08-01,27.963108317057305,1.584933598836356
128,42,JAKARTA BARAT,9,2020,106.74999999999996,-6.158333333333336,74.38914794921871,2020-09-01,28.158529663085943,1.9451159176727912
129,47,JAKARTA BARAT,10,2020,106.74999999999996,-6.158333333333336,77.8150136311849,2020-10-01,27.87962931315106,6.048352299258242
130,52,JAKARTA BARAT,11,2020,106.74999999999996,-6.158333333333336,81.09503479003895,2020-11-01,27.72835917154951,4.9232592123249255
131,57,JAKARTA BARAT,12,2020,106.74999999999996,-6.158333333333336,83.04466654459645,2020-12-01,26.942380981445325,9.082674675931528
132,62,JAKARTA PUSAT,1,2020,106.84999999999997,-6.200000000000003,86.0410644531251,2020-01-01,27.104393310546868,15.40950819849924
133,67,JAKARTA PUSAT,2,2020,106.84999999999997,-6.200000000000003,86.44782714843727,2020-02-01,26.959560546875025,14.579104036092373
134,72,JAKARTA PUSAT,3,2020,106.84999999999997,-6.200000000000003,84.51853637695305,2020-03-01,27.42665527343752,10.993788577616272
135,77,JAKARTA PUSAT,4,2020,106.84999999999997,-6.200000000000003,84.51002807617216,2020-04-01,27.681580810546848,7.813130728900386
136,82,JAKARTA PUSAT,5,2020,106.84999999999997,-6.200000000000003,83.64716796875003,2020-05-01,27.908977050781232,6.05992265045625
137,87,JAKARTA PUSAT,6,2020,106.84999999999997,-6.200000000000003,80.90009765624986,2020-06-01,27.762005615234383,1.930142045021072
138,92,JAKARTA PUSAT,7,2020,106.84999999999997,-6.200000000000003,77.46544799804667,2020-07-01,27.456694335937527,1.5308443456888596
139,97,JAKARTA PUSAT,8,2020,106.84999999999997,-6.200000000000003,74.91954956054657,2020-08-01,27.846728515625045,1.520049981773
140,102,JAKARTA PUSAT,9,2020,106.84999999999997,-6.200000000000003,74.42985229492166,2020-09-01,28.06586914062501,1.9501545652747367
141,107,JAKARTA PUSAT,10,2020,106.84999999999997,-6.200000000000003,78.27996215820264,2020-10-01,27.760706787109427,6.510780863463895
142,112,JAKARTA PUSAT,11,2020,106.84999999999997,-6.200000000000003,81.41886596679682,2020-11-01,27.62507202148436,5.744253322481779
143,117,JAKARTA PUSAT,12,2020,106.84999999999997,-6.200000000000003,83.00504150390623,2020-12-01,26.883378906250016,9.32534016668792
144,122,JAKARTA SELATAN,1,2020,106.8083333333333,-6.283333333333336,86.42279052734371,2020-01-01,26.82615865071615,15.172972343861574
145,127,JAKARTA SELATAN,2,2020,106.8083333333333,-6.283333333333336,86.90752665201813,2020-02-01,26.659938557942723,14.389887824654169
146,132,JAKARTA SELATAN,3,2020,106.8083333333333,-6.283333333333336,84.84382120768231,2020-03-01,27.143388875325517,11.565384734422002
147,137,JAKARTA SELATAN,4,2020,106.8083333333333,-6.283333333333336,84.89725748697914,2020-04-01,27.4026611328125,8.274471449355275
148,142,JAKARTA SELATAN,5,2020,106.8083333333333,-6.283333333333336,83.9520111083984,2020-05-01,27.614613850911457,6.054043273130912
149,147,JAKARTA SELATAN,6,2020,106.8083333333333,-6.283333333333336,81.2392832438153,2020-06-01,27.44994099934894,1.9616842269897805
150,152,JAKARTA SELATAN,7,2020,106.8083333333333,-6.283333333333336,77.35538228352867,2020-07-01,27.1728535970052,1.604005942742081
151,157,JAKARTA SELATAN,8,2020,106.8083333333333,-6.283333333333336,74.60863749186193,2020-08-01,27.579372151692716,1.89568813269349
152,162,JAKARTA SELATAN,9,2020,106.8083333333333,-6.283333333333336,74.41561381022136,2020-09-01,27.742294311523427,2.393921837210712
153,167,JAKARTA SELATAN,10,2020,106.8083333333333,-6.283333333333336,78.83002217610654,2020-10-01,27.4197224934896,7.755372393876375
154,172,JAKARTA SELATAN,11,2020,106.8083333333333,-6.283333333333336,81.73450215657539,2020-11-01,27.30904032389324,5.994430401672602
155,177,JAKARTA SELATAN,12,2020,106.8083333333333,-6.283333333333336,83.18682861328124,2020-12-01,26.591934204101545,9.690254895637423
156,182,JAKARTA TIMUR,1,2020,106.90999999999995,-6.2600000000000025,86.3512670898437,2020-01-01,26.873399169921868,16.167215347289517
157,187,JAKARTA TIMUR,2,2020,106.90999999999995,-6.2600000000000025,86.96668945312496,2020-02-01,26.69511010742189,15.22689788043454
158,192,JAKARTA TIMUR,3,2020,106.90999999999995,-6.2600000000000025,84.92820556640606,2020-03-01,27.19462768554688,11.459258146584062
159,197,JAKARTA TIMUR,4,2020,106.90999999999995,-6.2600000000000025,84.87039428710939,2020-04-01,27.465695068359366,8.325105130672398
160,202,JAKARTA TIMUR,5,2020,106.90999999999995,-6.2600000000000025,83.91896606445306,2020-05-01,27.674377929687505,6.470775246619982
161,207,JAKARTA TIMUR,6,2020,106.90999999999995,-6.2600000000000025,81.07438842773433,2020-06-01,27.525955566406253,1.942249692976499
162,212,JAKARTA TIMUR,7,2020,106.90999999999995,-6.2600000000000025,77.72401489257796,2020-07-01,27.1894987792969,1.522086508572148
163,217,JAKARTA TIMUR,8,2020,106.90999999999995,-6.2600000000000025,75.23275512695284,2020-08-01,27.56499658203128,1.6052805930377274
164,222,JAKARTA TIMUR,9,2020,106.90999999999995,-6.2600000000000025,74.96572143554675,2020-09-01,27.76689013671876,2.2886404916644443
165,227,JAKARTA TIMUR,10,2020,106.90999999999995,-6.2600000000000025,79.2566174316404,2020-10-01,27.44275952148439,7.478732630610494
166,232,JAKARTA TIMUR,11,2020,106.90999999999995,-6.2600000000000025,81.8781970214842,2020-11-01,27.35953686523437,6.641908235847561
167,237,JAKARTA TIMUR,12,2020,106.90999999999995,-6.2600000000000025,83.2204028320313,2020-12-01,26.660910888671857,9.701917909085711
168,242,JAKARTA UTARA,1,2020,106.89166666666664,-6.125000000000004,85.75088806152355,2020-01-01,27.228753458658836,15.410698428749733
169,247,JAKARTA UTARA,2,2020,106.89166666666664,-6.125000000000004,86.03388163248701,2020-02-01,27.118930460611978,14.572458118199991
170,252,JAKARTA UTARA,3,2020,106.89166666666664,-6.125000000000004,84.30428263346361,2020-03-01,27.56819173177081,10.55003674700876
171,257,JAKARTA UTARA,4,2020,106.89166666666664,-6.125000000000004,84.19154663085938,2020-04-01,27.81994852701821,7.541015626241768
172,262,JAKARTA UTARA,5,2020,106.89166666666664,-6.125000000000004,83.45987141927101,2020-05-01,28.06630228678382,6.261203624307982
173,267,JAKARTA UTARA,6,2020,106.89166666666664,-6.125000000000004,80.86588236490901,2020-06-01,27.923843383789023,2.03261410196624
174,272,JAKARTA UTARA,7,2020,106.89166666666664,-6.125000000000004,78.08133850097614,2020-07-01,27.5596169026693,1.5261613453428435
175,277,JAKARTA UTARA,8,2020,106.89166666666664,-6.125000000000004,76.05557657877559,2020-08-01,27.903101603190134,1.2772236391902736
176,282,JAKARTA UTARA,9,2020,106.89166666666664,-6.125000000000004,75.2931284586585,2020-09-01,28.15616251627605,1.7758747749030948
177,287,JAKARTA UTARA,10,2020,106.89166666666664,-6.125000000000004,78.27271931966133,2020-10-01,27.90159525553385,5.612612813711195
178,292,JAKARTA UTARA,11,2020,106.89166666666664,-6.125000000000004,81.27635904947913,2020-11-01,27.78606343587237,5.392927216986578
179,297,JAKARTA UTARA,12,2020,106.89166666666664,-6.125000000000004,83.09985453287766,2020-12-01,27.019763997395795,9.142884202301442
180,3,JAKARTA BARAT,1,2021,106.74999999999996,-6.158333333333336,85.86905619303394,2021-01-01,26.5427215576172,10.499981592098708
181,8,JAKARTA BARAT,2,2021,106.74999999999996,-6.158333333333336,86.57535298665346,2021-02-01,26.619530029296925,14.319913672903626
182,13,JAKARTA BARAT,3,2021,106.74999999999996,-6.158333333333336,82.87356160481762,2021-03-01,27.24802347819013,7.617955124005662
183,18,JAKARTA BARAT,4,2021,106.74999999999996,-6.158333333333336,81.50893859863292,2021-04-01,27.47894795735679,5.2162580316265625
184,23,JAKARTA BARAT,5,2021,106.74999999999996,-6.158333333333336,81.10568033854169,2021-05-01,28.06432067871096,3.8307586498559503
185,28,JAKARTA BARAT,6,2021,106.74999999999996,-6.158333333333336,83.64358520507831,2021-06-01,27.18384602864584,4.822660274803625
186,33,JAKARTA BARAT,7,2021,106.74999999999996,-6.158333333333336,78.0597920735678,2021-07-01,27.390769856770845,1.5891003546615454
187,38,JAKARTA BARAT,8,2021,106.74999999999996,-6.158333333333336,78.9230875651045,2021-08-01,27.48551167805988,5.294272582978103
188,43,JAKARTA BARAT,9,2021,106.74999999999996,-6.158333333333336,79.64974365234379,2021-09-01,27.658139241536475,5.23896856233486
189,48,JAKARTA BARAT,10,2021,106.74999999999996,-6.158333333333336,79.20348307291675,2021-10-01,27.92423746744792,4.267153659214559
190,53,JAKARTA BARAT,11,2021,106.74999999999996,-6.158333333333336,81.591488647461,2021-11-01,27.380654500325523,7.640647565325037
191,58,JAKARTA BARAT,12,2021,106.74999999999996,-6.158333333333336,83.56459350585936,2021-12-01,27.251652628580768,7.648300888637574
192,63,JAKARTA PUSAT,1,2021,106.84999999999997,-6.200000000000003,86.03822631835953,2021-01-01,26.427697753906216,10.889165177941196
193,68,JAKARTA PUSAT,2,2021,106.84999999999997,-6.200000000000003,86.85421752929669,2021-02-01,26.498713378906245,14.592087119817386
194,73,JAKARTA PUSAT,3,2021,106.84999999999997,-6.200000000000003,82.97490844726555,2021-03-01,27.1511291503906,8.138815984129714
195,78,JAKARTA PUSAT,4,2021,106.84999999999997,-6.200000000000003,81.48869628906255,2021-04-01,27.397418212890614,5.379415787756331
196,83,JAKARTA PUSAT,5,2021,106.84999999999997,-6.200000000000003,81.19916992187513,2021-05-01,27.980268554687484,3.708481527865008
197,88,JAKARTA PUSAT,6,2021,106.84999999999997,-6.200000000000003,83.70742797851561,2021-06-01,27.09065551757812,4.860378764569697
198,93,JAKARTA PUSAT,7,2021,106.84999999999997,-6.200000000000003,78.02808837890638,2021-07-01,27.264926757812475,1.562837809324224
199,98,JAKARTA PUSAT,8,2021,106.84999999999997,-6.200000000000003,78.75578613281246,2021-08-01,27.37955688476564,5.246378108859259
200,103,JAKARTA PUSAT,9,2021,106.84999999999997,-6.200000000000003,79.24213256835942,2021-09-01,27.62028076171873,5.10979820042861
201,108,JAKARTA PUSAT,10,2021,106.84999999999997,-6.200000000000003,79.5725585937498,2021-10-01,27.81060546875,4.605969861149648
202,113,JAKARTA PUSAT,11,2021,106.84999999999997,-6.200000000000003,81.74925537109344,2021-11-01,27.315157470703127,8.711064681410397
203,118,JAKARTA PUSAT,12,2021,106.84999999999997,-6.200000000000003,83.64268188476557,2021-12-01,27.17530761718752,7.924561128020075
204,123,JAKARTA SELATAN,1,2021,106.8083333333333,-6.283333333333336,86.41425069173185,2021-01-01,26.09524129231769,11.105528101324891
205,128,JAKARTA SELATAN,2,2021,106.8083333333333,-6.283333333333336,87.12861124674471,2021-02-01,26.21106669108075,13.23107307155891
206,133,JAKARTA SELATAN,3,2021,106.8083333333333,-6.283333333333336,83.14095560709632,2021-03-01,26.862460327148444,8.64465379466594
207,138,JAKARTA SELATAN,4,2021,106.8083333333333,-6.283333333333336,81.7409973144531,2021-04-01,27.094876098632813,5.532641631240549
208,143,JAKARTA SELATAN,5,2021,106.8083333333333,-6.283333333333336,81.49474080403635,2021-05-01,27.68681437174481,4.05682766189187
209,148,JAKARTA SELATAN,6,2021,106.8083333333333,-6.283333333333336,84.13217671712246,2021-06-01,26.759356689453117,4.931611567735623
210,153,JAKARTA SELATAN,7,2021,106.8083333333333,-6.283333333333336,78.07397969563804,2021-07-01,26.928263346354168,1.5440684432784393
211,158,JAKARTA SELATAN,8,2021,106.8083333333333,-6.283333333333336,79.3603973388674,2021-08-01,26.99606119791665,5.851865683992853
212,163,JAKARTA SELATAN,9,2021,106.8083333333333,-6.283333333333336,79.73533630371112,2021-09-01,27.28643697102862,5.79701301952219
213,168,JAKARTA SELATAN,10,2021,106.8083333333333,-6.283333333333336,80.20740763346353,2021-10-01,27.43743794759113,4.822107125073551
214,173,JAKARTA SELATAN,11,2021,106.8083333333333,-6.283333333333336,82.29898071289061,2021-11-01,26.98508504231769,9.453503166635477
215,178,JAKARTA SELATAN,12,2021,106.8083333333333,-6.283333333333336,83.90416463216141,2021-12-01,26.880771891276044,7.86887997140474
216,183,JAKARTA TIMUR,1,2021,106.90999999999995,-6.2600000000000025,86.37867797851555,2021-01-01,26.16447705078125,11.346333175897453
217,188,JAKARTA TIMUR,2,2021,106.90999999999995,-6.2600000000000025,87.24236450195303,2021-02-01,26.241350585937504,14.170351058244345
218,193,JAKARTA TIMUR,3,2021,106.90999999999995,-6.2600000000000025,83.26199584960932,2021-03-01,26.910078124999995,9.007793657481432
219,198,JAKARTA TIMUR,4,2021,106.90999999999995,-6.2600000000000025,81.6902404785157,2021-04-01,27.170076660156223,5.7875642590223375
220,203,JAKARTA TIMUR,5,2021,106.90999999999995,-6.2600000000000025,81.54355468750003,2021-05-01,27.74203735351561,3.864932678639976
221,208,JAKARTA TIMUR,6,2021,106.90999999999995,-6.2600000000000025,84.04538940429688,2021-06-01,26.83748217773437,5.081139743328026
222,213,JAKARTA TIMUR,7,2021,106.90999999999995,-6.2600000000000025,78.23474853515614,2021-07-01,26.98002270507813,1.6634921953081612
223,218,JAKARTA TIMUR,8,2021,106.90999999999995,-6.2600000000000025,79.0052270507814,2021-08-01,27.096190185546856,5.339120492339334
224,223,JAKARTA TIMUR,9,2021,106.90999999999995,-6.2600000000000025,79.22582885742206,2021-09-01,27.41179614257809,5.436276994645757
225,228,JAKARTA TIMUR,10,2021,106.90999999999995,-6.2600000000000025,80.16790405273429,2021-10-01,27.5336701660156,5.080208621918997
226,233,JAKARTA TIMUR,11,2021,106.90999999999995,-6.2600000000000025,82.23363891601548,2021-11-01,27.07792968749999,10.159353345632098
227,238,JAKARTA TIMUR,12,2021,106.90999999999995,-6.2600000000000025,83.898348388672,2021-12-01,26.94814184570309,8.295285508036422
228,243,JAKARTA UTARA,1,2021,106.89166666666664,-6.125000000000004,85.72125549316411,2021-01-01,26.625667317708302,10.735750676443102
229,248,JAKARTA UTARA,2,2021,106.89166666666664,-6.125000000000004,86.66602071126296,2021-02-01,26.64466471354167,15.811612463245424
230,253,JAKARTA UTARA,3,2021,106.89166666666664,-6.125000000000004,82.90529785156252,2021-03-01,27.300207519531245,7.718819770961914
231,258,JAKARTA UTARA,4,2021,106.89166666666664,-6.125000000000004,81.39601440429686,2021-04-01,27.553499348958315,5.310250930488067
232,263,JAKARTA UTARA,5,2021,106.89166666666664,-6.125000000000004,81.15157267252613,2021-05-01,28.117640380859356,3.568791927148975
233,268,JAKARTA UTARA,6,2021,106.89166666666664,-6.125000000000004,83.43988037109393,2021-06-01,27.281148274739536,4.9187243233124205
234,273,JAKARTA UTARA,7,2021,106.89166666666664,-6.125000000000004,78.2942576090494,2021-07-01,27.4644140625,1.6541043172279926
235,278,JAKARTA UTARA,8,2021,106.89166666666664,-6.125000000000004,78.58107808430991,2021-08-01,27.6042649332682,4.572350190331759
236,283,JAKARTA UTARA,9,2021,106.89166666666664,-6.125000000000004,79.20995686848964,2021-09-01,27.77352783203122,4.857002949963134
237,288,JAKARTA UTARA,10,2021,106.89166666666664,-6.125000000000004,79.24429626464833,2021-10-01,28.01411092122396,4.442771753917042
238,293,JAKARTA UTARA,11,2021,106.89166666666664,-6.125000000000004,81.30352071126306,2021-11-01,27.501947428385392,8.136556434134347
239,298,JAKARTA UTARA,12,2021,106.89166666666664,-6.125000000000004,83.48794759114588,2021-12-01,27.322513224283824,8.356442973017446
240,4,JAKARTA BARAT,1,2022,106.74999999999996,-6.158333333333336,83.32106628417976,2022-01-01,27.176343180338563,6.211204094191294
241,9,JAKARTA BARAT,2,2022,106.74999999999996,-6.158333333333336,83.5305501302084,2022-02-01,26.97791178385417,6.593098811184325
242,14,JAKARTA BARAT,3,2022,106.74999999999996,-6.158333333333336,82.71324259440108,2022-03-01,27.485885823567752,4.930226250241232
243,19,JAKARTA BARAT,4,2022,106.74999999999996,-6.158333333333336,82.04018046061208,2022-04-01,27.62962931315104,5.894483961165025
244,24,JAKARTA BARAT,5,2022,106.74999999999996,-6.158333333333336,83.53308308919291,2022-05-01,27.69172322591146,4.471461152037029
245,29,JAKARTA BARAT,6,2022,106.74999999999996,-6.158333333333336,83.67923278808618,2022-06-01,26.86819396972656,4.836592158923613
246,34,JAKARTA BARAT,7,2022,106.74999999999996,-6.158333333333336,81.59126892089844,2022-07-01,27.301025187174517,5.34084418167692
247,39,JAKARTA BARAT,8,2022,106.74999999999996,-6.158333333333336,80.05228881835951,2022-08-01,27.43106669108074,2.63290228322157
248,44,JAKARTA BARAT,9,2022,106.74999999999996,-6.158333333333336,80.84428202311226,2022-09-01,27.341599121093736,5.058992020785955
249,49,JAKARTA BARAT,10,2022,106.74999999999996,-6.158333333333336,82.82036234537755,2022-10-01,27.148130900065137,8.69398850637187
250,54,JAKARTA BARAT,11,2022,106.74999999999996,-6.158333333333336,82.11912638346358,2022-11-01,27.23369425455732,5.420633082588494
251,59,JAKARTA BARAT,12,2022,106.74999999999996,-6.158333333333336,83.02156982421879,2022-12-01,26.963174031575534,7.583383352806088
252,64,JAKARTA PUSAT,1,2022,106.84999999999997,-6.200000000000003,83.46480712890639,2022-01-01,27.074613037109373,6.387758925556966
253,69,JAKARTA PUSAT,2,2022,106.84999999999997,-6.200000000000003,83.64860839843743,2022-02-01,26.87828735351559,6.939271874725682
254,74,JAKARTA PUSAT,3,2022,106.84999999999997,-6.200000000000003,82.73186645507822,2022-03-01,27.407512207031232,5.342451147734952
255,79,JAKARTA PUSAT,4,2022,106.84999999999997,-6.200000000000003,82.13812866210958,2022-04-01,27.54304931640621,6.224453113973061
256,84,JAKARTA PUSAT,5,2022,106.84999999999997,-6.200000000000003,83.51417846679709,2022-05-01,27.599074707031207,4.45075042545793
257,89,JAKARTA PUSAT,6,2022,106.84999999999997,-6.200000000000003,83.62476806640616,2022-06-01,26.770554199218736,4.871469624340505
258,94,JAKARTA PUSAT,7,2022,106.84999999999997,-6.200000000000003,81.43462524414076,2022-07-01,27.226319580078098,4.817460998893101
259,99,JAKARTA PUSAT,8,2022,106.84999999999997,-6.200000000000003,79.7502014160159,2022-08-01,27.37299926757811,2.546699158847389
260,104,JAKARTA PUSAT,9,2022,106.84999999999997,-6.200000000000003,80.49128417968772,2022-09-01,27.306472167968707,4.883859008550829
261,109,JAKARTA PUSAT,10,2022,106.84999999999997,-6.200000000000003,82.88791503906228,2022-10-01,27.099813232421862,9.109007883816847
262,114,JAKARTA PUSAT,11,2022,106.84999999999997,-6.200000000000003,82.238122558594,2022-11-01,27.16645019531245,6.044120602309543
263,119,JAKARTA PUSAT,12,2022,106.84999999999997,-6.200000000000003,83.18475952148445,2022-12-01,26.868038330078093,8.146679736673606
264,124,JAKARTA SELATAN,1,2022,106.8083333333333,-6.283333333333336,83.5532328287761,2022-01-01,26.7962168375651,6.133702614654962
265,129,JAKARTA SELATAN,2,2022,106.8083333333333,-6.283333333333336,84.03237406412761,2022-02-01,26.54093729654948,7.170308536539367
266,134,JAKARTA SELATAN,3,2022,106.8083333333333,-6.283333333333336,82.91973876953126,2022-03-01,27.11123250325521,5.728620787461448
267,139,JAKARTA SELATAN,4,2022,106.8083333333333,-6.283333333333336,82.63916524251306,2022-04-01,27.208440144856763,6.754099080959899
268,144,JAKARTA SELATAN,5,2022,106.8083333333333,-6.283333333333336,83.93674723307295,2022-05-01,27.25763753255208,4.537256589780256
269,149,JAKARTA SELATAN,6,2022,106.8083333333333,-6.283333333333336,84.11900329589845,2022-06-01,26.409136962890614,5.11871945733827
270,154,JAKARTA SELATAN,7,2022,106.8083333333333,-6.283333333333336,81.70036824544287,2022-07-01,26.91043802897134,5.238950190445102
271,159,JAKARTA SELATAN,8,2022,106.8083333333333,-6.283333333333336,80.16188049316426,2022-08-01,27.05675964355466,2.867935877293434
272,164,JAKARTA SELATAN,9,2022,106.8083333333333,-6.283333333333336,81.0453389485679,2022-09-01,26.959005737304647,5.510060489177928
273,169,JAKARTA SELATAN,10,2022,106.8083333333333,-6.283333333333336,83.17477416992186,2022-10-01,26.81024576822914,9.893112132946586
274,174,JAKARTA SELATAN,11,2022,106.8083333333333,-6.283333333333336,82.52971903483062,2022-11-01,26.87317504882813,6.69994158670293
275,179,JAKARTA SELATAN,12,2022,106.8083333333333,-6.283333333333336,83.51971435546874,2022-12-01,26.542023722330736,8.4693692624567
276,184,JAKARTA TIMUR,1,2022,106.90999999999995,-6.2600000000000025,83.68485595703123,2022-01-01,26.835647949218743,6.538067281246006
277,189,JAKARTA TIMUR,2,2022,106.90999999999995,-6.2600000000000025,83.99795532226558,2022-02-01,26.619818603515604,7.414845861494392
278,194,JAKARTA TIMUR,3,2022,106.90999999999995,-6.2600000000000025,83.0044519042969,2022-03-01,27.17253808593748,6.047833338379656
279,199,JAKARTA TIMUR,4,2022,106.90999999999995,-6.2600000000000025,82.55715820312508,2022-04-01,27.29318139648435,6.838584206998251
280,204,JAKARTA TIMUR,5,2022,106.90999999999995,-6.2600000000000025,83.78887329101576,2022-05-01,27.340154052734352,4.585067585110645
281,209,JAKARTA TIMUR,6,2022,106.90999999999995,-6.2600000000000025,83.87068237304692,2022-06-01,26.50793554687498,5.138857521116717
282,214,JAKARTA TIMUR,7,2022,106.90999999999995,-6.2600000000000025,81.49351562500004,2022-07-01,26.999814453124987,4.500942073762778
283,219,JAKARTA TIMUR,8,2022,106.90999999999995,-6.2600000000000025,79.8287866210939,2022-08-01,27.149656005859345,2.700824588537291
284,224,JAKARTA TIMUR,9,2022,106.90999999999995,-6.2600000000000025,80.55247070312515,2022-09-01,27.092818115234344,4.986750133335822
285,229,JAKARTA TIMUR,10,2022,106.90999999999995,-6.2600000000000025,83.16368286132808,2022-10-01,26.89069653320309,10.011915367096536
286,234,JAKARTA TIMUR,11,2022,106.90999999999995,-6.2600000000000025,82.58657226562502,2022-11-01,26.93882299804685,6.89838689565641
287,239,JAKARTA TIMUR,12,2022,106.90999999999995,-6.2600000000000025,83.61429199218743,2022-12-01,26.609103759765627,8.883232079446069
288,244,JAKARTA UTARA,1,2022,106.89166666666664,-6.125000000000004,83.47285868326817,2022-01-01,27.21186482747396,6.727245748042898
289,249,JAKARTA UTARA,2,2022,106.89166666666664,-6.125000000000004,83.3881561279298,2022-02-01,27.07397827148435,6.805269876494901
290,254,JAKARTA UTARA,3,2022,106.89166666666664,-6.125000000000004,82.65115763346354,2022-03-01,27.563365478515607,5.0209857585528646
291,259,JAKARTA UTARA,4,2022,106.89166666666664,-6.125000000000004,81.80991719563805,2022-04-01,27.73101420084633,5.804147701710427
292,264,JAKARTA UTARA,5,2022,106.89166666666664,-6.125000000000004,83.25731201171881,2022-05-01,27.79901062011716,4.492542843023923
293,269,JAKARTA UTARA,6,2022,106.89166666666664,-6.125000000000004,83.22667134602877,2022-06-01,27.000949707031225,4.82623031983771
294,274,JAKARTA UTARA,7,2022,106.89166666666664,-6.125000000000004,81.37550760904963,2022-07-01,27.3982688395182,4.51284249002763
295,279,JAKARTA UTARA,8,2022,106.89166666666664,-6.125000000000004,79.77985432942707,2022-08-01,27.524175211588528,2.4352472896377764
296,284,JAKARTA UTARA,9,2022,106.89166666666664,-6.125000000000004,80.35657450358087,2022-09-01,27.479438680012983,4.522162129481786
297,289,JAKARTA UTARA,10,2022,106.89166666666664,-6.125000000000004,82.7173522949219,2022-10-01,27.23196146647133,8.589306309198298
298,294,JAKARTA UTARA,11,2022,106.89166666666664,-6.125000000000004,82.04586181640617,2022-11-01,27.31589477539061,5.543475951999294
299,299,JAKARTA UTARA,12,2022,106.89166666666664,-6.125000000000004,83.00658772786463,2022-12-01,27.046689249674472,7.970699879030204
