,KABKOT,month,year,longitude,latitude,pm2p5,time
0,JAKARTA BARAT,1,2018,106.74999999999996,-6.158333333333336,32.990346933991596,2018-01-01
5,JAKARTA BARAT,2,2018,106.74999999999996,-6.158333333333336,39.14552057220812,2018-02-01
10,JAKARTA BARAT,3,2018,106.74999999999996,-6.158333333333336,44.443064572715905,2018-03-01
15,JAKARTA BARAT,4,2018,106.74999999999996,-6.158333333333336,61.21402409162463,2018-04-01
20,JAKARTA BARAT,5,2018,106.74999999999996,-6.158333333333336,68.22975241189208,2018-05-01
25,JAKARTA BARAT,6,2018,106.74999999999996,-6.158333333333336,69.65852060897909,2018-06-01
30,JAKARTA BARAT,7,2018,106.74999999999996,-6.158333333333336,70.59047564360489,2018-07-01
35,JAKARTA BARAT,8,2018,106.74999999999996,-6.158333333333336,58.169737936116455,2018-08-01
40,JAKARTA BARAT,9,2018,106.74999999999996,-6.158333333333336,60.512664184189305,2018-09-01
45,JAKARTA BARAT,10,2018,106.74999999999996,-6.158333333333336,60.23679925131674,2018-10-01
50,JAKARTA BARAT,11,2018,106.74999999999996,-6.158333333333336,58.3013135477565,2018-11-01
55,JAKARTA BARAT,12,2018,106.74999999999996,-6.158333333333336,41.820694698379604,2018-12-01
60,JAKARTA PUSAT,1,2018,106.84999999999997,-6.200000000000003,34.55788299078181,2018-01-01
65,JAKARTA PUSAT,2,2018,106.84999999999997,-6.200000000000003,40.62722597453212,2018-02-01
70,JAKARTA PUSAT,3,2018,106.84999999999997,-6.200000000000003,46.57348150990012,2018-03-01
75,JAKARTA PUSAT,4,2018,106.84999999999997,-6.200000000000003,62.30025698291405,2018-04-01
80,JAKARTA PUSAT,5,2018,106.84999999999997,-6.200000000000003,69.28052409686458,2018-05-01
85,JAKARTA PUSAT,6,2018,106.84999999999997,-6.200000000000003,70.30925235795978,2018-06-01
90,JAKARTA PUSAT,7,2018,106.84999999999997,-6.200000000000003,70.71854079517603,2018-07-01
95,JAKARTA PUSAT,8,2018,106.84999999999997,-6.200000000000003,58.37065423008976,2018-08-01
100,JAKARTA PUSAT,9,2018,106.84999999999997,-6.200000000000003,60.8912565643521,2018-09-01
105,JAKARTA PUSAT,10,2018,106.84999999999997,-6.200000000000003,60.95165146528405,2018-10-01
110,JAKARTA PUSAT,11,2018,106.84999999999997,-6.200000000000003,59.5638276005659,2018-11-01
115,JAKARTA PUSAT,12,2018,106.84999999999997,-6.200000000000003,43.4625298062485,2018-12-01
120,JAKARTA SELATAN,1,2018,106.8083333333333,-6.283333333333336,34.8979248466584,2018-01-01
125,JAKARTA SELATAN,2,2018,106.8083333333333,-6.283333333333336,41.93688245680659,2018-02-01
130,JAKARTA SELATAN,3,2018,106.8083333333333,-6.283333333333336,48.28605945947635,2018-03-01
135,JAKARTA SELATAN,4,2018,106.8083333333333,-6.283333333333336,66.37405184485488,2018-04-01
140,JAKARTA SELATAN,5,2018,106.8083333333333,-6.283333333333336,73.86386411154355,2018-05-01
145,JAKARTA SELATAN,6,2018,106.8083333333333,-6.283333333333336,74.50232950567766,2018-06-01
150,JAKARTA SELATAN,7,2018,106.8083333333333,-6.283333333333336,74.64446264797057,2018-07-01
155,JAKARTA SELATAN,8,2018,106.8083333333333,-6.283333333333336,60.731351979469906,2018-08-01
160,JAKARTA SELATAN,9,2018,106.8083333333333,-6.283333333333336,63.18135163077298,2018-09-01
165,JAKARTA SELATAN,10,2018,106.8083333333333,-6.283333333333336,62.742290170744106,2018-10-01
170,JAKARTA SELATAN,11,2018,106.8083333333333,-6.283333333333336,61.56208265939446,2018-11-01
175,JAKARTA SELATAN,12,2018,106.8083333333333,-6.283333333333336,44.5944151679827,2018-12-01
180,JAKARTA TIMUR,1,2018,106.90999999999997,-6.2600000000000025,35.63293074693113,2018-01-01
185,JAKARTA TIMUR,2,2018,106.90999999999997,-6.2600000000000025,41.73317215716553,2018-02-01
190,JAKARTA TIMUR,3,2018,106.90999999999997,-6.2600000000000025,48.05865415254573,2018-03-01
195,JAKARTA TIMUR,4,2018,106.90999999999997,-6.2600000000000025,63.39686696084931,2018-04-01
200,JAKARTA TIMUR,5,2018,106.90999999999997,-6.2600000000000025,70.39173479720876,2018-05-01
205,JAKARTA TIMUR,6,2018,106.90999999999997,-6.2600000000000025,70.92453046908663,2018-06-01
210,JAKARTA TIMUR,7,2018,106.90999999999997,-6.2600000000000025,70.7484531735281,2018-07-01
215,JAKARTA TIMUR,8,2018,106.90999999999997,-6.2600000000000025,58.21087632984597,2018-08-01
220,JAKARTA TIMUR,9,2018,106.90999999999997,-6.2600000000000025,60.77084006669006,2018-09-01
225,JAKARTA TIMUR,10,2018,106.90999999999997,-6.2600000000000025,60.947633352330534,2018-10-01
230,JAKARTA TIMUR,11,2018,106.90999999999997,-6.2600000000000025,59.93669367480445,2018-11-01
235,JAKARTA TIMUR,12,2018,106.90999999999997,-6.2600000000000025,44.33112192447897,2018-12-01
240,JAKARTA UTARA,1,2018,106.89166666666664,-6.1250000000000036,33.76188105974584,2018-01-01
245,JAKARTA UTARA,2,2018,106.89166666666664,-6.1250000000000036,38.77821572098285,2018-02-01
250,JAKARTA UTARA,3,2018,106.89166666666664,-6.1250000000000036,44.14379841814283,2018-03-01
255,JAKARTA UTARA,4,2018,106.89166666666664,-6.1250000000000036,57.53768066441109,2018-04-01
260,JAKARTA UTARA,5,2018,106.89166666666664,-6.1250000000000036,64.0215908968393,2018-05-01
265,JAKARTA UTARA,6,2018,106.89166666666664,-6.1250000000000036,65.33710828864955,2018-06-01
270,JAKARTA UTARA,7,2018,106.89166666666664,-6.1250000000000036,65.91923478577938,2018-07-01
275,JAKARTA UTARA,8,2018,106.89166666666664,-6.1250000000000036,55.10416899470525,2018-08-01
280,JAKARTA UTARA,9,2018,106.89166666666664,-6.1250000000000036,57.55877705719186,2018-09-01
285,JAKARTA UTARA,10,2018,106.89166666666664,-6.1250000000000036,58.06437695691657,2018-10-01
290,JAKARTA UTARA,11,2018,106.89166666666664,-6.1250000000000036,56.46708364300495,2018-11-01
295,JAKARTA UTARA,12,2018,106.89166666666664,-6.1250000000000036,41.5361749627073,2018-12-01
1,JAKARTA BARAT,1,2019,106.74999999999996,-6.158333333333336,39.81925331587677,2019-01-01
6,JAKARTA BARAT,2,2019,106.74999999999996,-6.158333333333336,46.25484828836395,2019-02-01
11,JAKARTA BARAT,3,2019,106.74999999999996,-6.158333333333336,45.53866398933766,2019-03-01
16,JAKARTA BARAT,4,2019,106.74999999999996,-6.158333333333336,55.69224475760499,2019-04-01
21,JAKARTA BARAT,5,2019,106.74999999999996,-6.158333333333336,62.19458659294393,2019-05-01
26,JAKARTA BARAT,6,2019,106.74999999999996,-6.158333333333336,65.69465882103998,2019-06-01
31,JAKARTA BARAT,7,2019,106.74999999999996,-6.158333333333336,55.3676403658445,2019-07-01
36,JAKARTA BARAT,8,2019,106.74999999999996,-6.158333333333336,55.06880032868376,2019-08-01
41,JAKARTA BARAT,9,2019,106.74999999999996,-6.158333333333336,54.26724310463203,2019-09-01
46,JAKARTA BARAT,10,2019,106.74999999999996,-6.158333333333336,61.492225165160555,2019-10-01
51,JAKARTA BARAT,11,2019,106.74999999999996,-6.158333333333336,54.83955468029294,2019-11-01
56,JAKARTA BARAT,12,2019,106.74999999999996,-6.158333333333336,49.72530590446246,2019-12-01
61,JAKARTA PUSAT,1,2019,106.84999999999997,-6.200000000000003,41.412656509957415,2019-01-01
66,JAKARTA PUSAT,2,2019,106.84999999999997,-6.200000000000003,47.51715420544216,2019-02-01
71,JAKARTA PUSAT,3,2019,106.84999999999997,-6.200000000000003,47.47317819446078,2019-03-01
76,JAKARTA PUSAT,4,2019,106.84999999999997,-6.200000000000003,57.30045086712282,2019-04-01
81,JAKARTA PUSAT,5,2019,106.84999999999997,-6.200000000000003,63.12791850149425,2019-05-01
86,JAKARTA PUSAT,6,2019,106.84999999999997,-6.200000000000003,66.01288190448085,2019-06-01
91,JAKARTA PUSAT,7,2019,106.84999999999997,-6.200000000000003,55.68971037206542,2019-07-01
96,JAKARTA PUSAT,8,2019,106.84999999999997,-6.200000000000003,55.32339212521807,2019-08-01
101,JAKARTA PUSAT,9,2019,106.84999999999997,-6.200000000000003,54.68069891397517,2019-09-01
106,JAKARTA PUSAT,10,2019,106.84999999999997,-6.200000000000003,60.90423284810322,2019-10-01
111,JAKARTA PUSAT,11,2019,106.84999999999997,-6.200000000000003,55.12840842196014,2019-11-01
116,JAKARTA PUSAT,12,2019,106.84999999999997,-6.200000000000003,51.11516707974828,2019-12-01
121,JAKARTA SELATAN,1,2019,106.8083333333333,-6.283333333333336,43.010489846216586,2019-01-01
126,JAKARTA SELATAN,2,2019,106.8083333333333,-6.283333333333336,50.278382366129016,2019-02-01
131,JAKARTA SELATAN,3,2019,106.8083333333333,-6.283333333333336,49.422489515708186,2019-03-01
136,JAKARTA SELATAN,4,2019,106.8083333333333,-6.283333333333336,60.268036428112914,2019-04-01
141,JAKARTA SELATAN,5,2019,106.8083333333333,-6.283333333333336,66.79566091843392,2019-05-01
146,JAKARTA SELATAN,6,2019,106.8083333333333,-6.283333333333336,69.84928064588235,2019-06-01
151,JAKARTA SELATAN,7,2019,106.8083333333333,-6.283333333333336,58.79609640392553,2019-07-01
156,JAKARTA SELATAN,8,2019,106.8083333333333,-6.283333333333336,57.623508572154556,2019-08-01
161,JAKARTA SELATAN,9,2019,106.8083333333333,-6.283333333333336,56.868045224102765,2019-09-01
166,JAKARTA SELATAN,10,2019,106.8083333333333,-6.283333333333336,61.817773398963624,2019-10-01
171,JAKARTA SELATAN,11,2019,106.8083333333333,-6.283333333333336,55.617868927666024,2019-11-01
176,JAKARTA SELATAN,12,2019,106.8083333333333,-6.283333333333336,53.43417192419755,2019-12-01
181,JAKARTA TIMUR,1,2019,106.90999999999997,-6.2600000000000025,42.67791254145919,2019-01-01
186,JAKARTA TIMUR,2,2019,106.90999999999997,-6.2600000000000025,48.55931058974319,2019-02-01
191,JAKARTA TIMUR,3,2019,106.90999999999997,-6.2600000000000025,48.919540236151164,2019-03-01
196,JAKARTA TIMUR,4,2019,106.90999999999997,-6.2600000000000025,58.46117941151431,2019-04-01
201,JAKARTA TIMUR,5,2019,106.90999999999997,-6.2600000000000025,63.861789278974925,2019-05-01
206,JAKARTA TIMUR,6,2019,106.90999999999997,-6.2600000000000025,66.30801761057742,2019-06-01
211,JAKARTA TIMUR,7,2019,106.90999999999997,-6.2600000000000025,55.95911750333577,2019-07-01
216,JAKARTA TIMUR,8,2019,106.90999999999997,-6.2600000000000025,55.29040599938728,2019-08-01
221,JAKARTA TIMUR,9,2019,106.90999999999997,-6.2600000000000025,54.71760523042254,2019-09-01
226,JAKARTA TIMUR,10,2019,106.90999999999997,-6.2600000000000025,60.071969560483105,2019-10-01
231,JAKARTA TIMUR,11,2019,106.90999999999997,-6.2600000000000025,54.85180279111555,2019-11-01
236,JAKARTA TIMUR,12,2019,106.90999999999997,-6.2600000000000025,52.119040082251274,2019-12-01
241,JAKARTA UTARA,1,2019,106.89166666666664,-6.1250000000000036,39.31280888578057,2019-01-01
246,JAKARTA UTARA,2,2019,106.89166666666664,-6.1250000000000036,44.140258938323086,2019-02-01
251,JAKARTA UTARA,3,2019,106.89166666666664,-6.1250000000000036,44.87986077192675,2019-03-01
256,JAKARTA UTARA,4,2019,106.89166666666664,-6.1250000000000036,53.53799095312729,2019-04-01
261,JAKARTA UTARA,5,2019,106.89166666666664,-6.1250000000000036,58.66493769188648,2019-05-01
266,JAKARTA UTARA,6,2019,106.89166666666664,-6.1250000000000036,61.409522936392904,2019-06-01
271,JAKARTA UTARA,7,2019,106.89166666666664,-6.1250000000000036,51.8807987168509,2019-07-01
276,JAKARTA UTARA,8,2019,106.89166666666664,-6.1250000000000036,52.1896725796336,2019-08-01
281,JAKARTA UTARA,9,2019,106.89166666666664,-6.1250000000000036,51.602708370051005,2019-09-01
286,JAKARTA UTARA,10,2019,106.89166666666664,-6.1250000000000036,59.1936880632745,2019-10-01
291,JAKARTA UTARA,11,2019,106.89166666666664,-6.1250000000000036,53.87889803050944,2019-11-01
296,JAKARTA UTARA,12,2019,106.89166666666664,-6.1250000000000036,48.06840312257262,2019-12-01
2,JAKARTA BARAT,1,2020,106.74999999999996,-6.158333333333336,39.20152927605587,2020-01-01
7,JAKARTA BARAT,2,2020,106.74999999999996,-6.158333333333336,38.27991187637577,2020-02-01
12,JAKARTA BARAT,3,2020,106.74999999999996,-6.158333333333336,46.58930561735639,2020-03-01
17,JAKARTA BARAT,4,2020,106.74999999999996,-6.158333333333336,50.98097483625765,2020-04-01
22,JAKARTA BARAT,5,2020,106.74999999999996,-6.158333333333336,55.66893495906938,2020-05-01
27,JAKARTA BARAT,6,2020,106.74999999999996,-6.158333333333336,59.31703106969948,2020-06-01
32,JAKARTA BARAT,7,2020,106.74999999999996,-6.158333333333336,61.03202390879893,2020-07-01
37,JAKARTA BARAT,8,2020,106.74999999999996,-6.158333333333336,57.81892100900351,2020-08-01
42,JAKARTA BARAT,9,2020,106.74999999999996,-6.158333333333336,54.83256731232527,2020-09-01
47,JAKARTA BARAT,10,2020,106.74999999999996,-6.158333333333336,57.304864392469646,2020-10-01
52,JAKARTA BARAT,11,2020,106.74999999999996,-6.158333333333336,49.37169645163248,2020-11-01
57,JAKARTA BARAT,12,2020,106.74999999999996,-6.158333333333336,30.06870850912783,2020-12-01
62,JAKARTA PUSAT,1,2020,106.84999999999997,-6.200000000000003,40.53318801193021,2020-01-01
67,JAKARTA PUSAT,2,2020,106.84999999999997,-6.200000000000003,39.45407074231398,2020-02-01
72,JAKARTA PUSAT,3,2020,106.84999999999997,-6.200000000000003,48.19747786655195,2020-03-01
77,JAKARTA PUSAT,4,2020,106.84999999999997,-6.200000000000003,52.43751689458093,2020-04-01
82,JAKARTA PUSAT,5,2020,106.84999999999997,-6.200000000000003,56.94716226874716,2020-05-01
87,JAKARTA PUSAT,6,2020,106.84999999999997,-6.200000000000003,60.173134267909326,2020-06-01
92,JAKARTA PUSAT,7,2020,106.84999999999997,-6.200000000000003,61.47864108167415,2020-07-01
97,JAKARTA PUSAT,8,2020,106.84999999999997,-6.200000000000003,58.03431146015833,2020-08-01
102,JAKARTA PUSAT,9,2020,106.84999999999997,-6.200000000000003,55.11527509346194,2020-09-01
107,JAKARTA PUSAT,10,2020,106.84999999999997,-6.200000000000003,57.814672646354666,2020-10-01
112,JAKARTA PUSAT,11,2020,106.84999999999997,-6.200000000000003,50.52768560887037,2020-11-01
117,JAKARTA PUSAT,12,2020,106.84999999999997,-6.200000000000003,31.601573763732056,2020-12-01
122,JAKARTA SELATAN,1,2020,106.8083333333333,-6.283333333333336,42.21472247076552,2020-01-01
127,JAKARTA SELATAN,2,2020,106.8083333333333,-6.283333333333336,41.41027711845884,2020-02-01
132,JAKARTA SELATAN,3,2020,106.8083333333333,-6.283333333333336,50.405126906917324,2020-03-01
137,JAKARTA SELATAN,4,2020,106.8083333333333,-6.283333333333336,55.20834781928383,2020-04-01
142,JAKARTA SELATAN,5,2020,106.8083333333333,-6.283333333333336,60.42035108776352,2020-05-01
147,JAKARTA SELATAN,6,2020,106.8083333333333,-6.283333333333336,63.97635788049397,2020-06-01
152,JAKARTA SELATAN,7,2020,106.8083333333333,-6.283333333333336,65.29303786528912,2020-07-01
157,JAKARTA SELATAN,8,2020,106.8083333333333,-6.283333333333336,61.74752201894222,2020-08-01
162,JAKARTA SELATAN,9,2020,106.8083333333333,-6.283333333333336,57.52768183548539,2020-09-01
167,JAKARTA SELATAN,10,2020,106.8083333333333,-6.283333333333336,59.642838601270746,2020-10-01
172,JAKARTA SELATAN,11,2020,106.8083333333333,-6.283333333333336,52.706075518808575,2020-11-01
177,JAKARTA SELATAN,12,2020,106.8083333333333,-6.283333333333336,31.99500141770568,2020-12-01
182,JAKARTA TIMUR,1,2020,106.90999999999997,-6.2600000000000025,41.579220385538505,2020-01-01
187,JAKARTA TIMUR,2,2020,106.90999999999997,-6.2600000000000025,40.46950348997808,2020-02-01
192,JAKARTA TIMUR,3,2020,106.90999999999997,-6.2600000000000025,49.372238720479984,2020-03-01
197,JAKARTA TIMUR,4,2020,106.90999999999997,-6.2600000000000025,53.6181433640578,2020-04-01
202,JAKARTA TIMUR,5,2020,106.90999999999997,-6.2600000000000025,58.010812755546056,2020-05-01
207,JAKARTA TIMUR,6,2020,106.90999999999997,-6.2600000000000025,61.02731507221988,2020-06-01
212,JAKARTA TIMUR,7,2020,106.90999999999997,-6.2600000000000025,61.92024187849306,2020-07-01
217,JAKARTA TIMUR,8,2020,106.90999999999997,-6.2600000000000025,58.31424852923929,2020-08-01
222,JAKARTA TIMUR,9,2020,106.90999999999997,-6.2600000000000025,55.02037371515058,2020-09-01
227,JAKARTA TIMUR,10,2020,106.90999999999997,-6.2600000000000025,57.64825044322519,2020-10-01
232,JAKARTA TIMUR,11,2020,106.90999999999997,-6.2600000000000025,51.17854631286934,2020-11-01
237,JAKARTA TIMUR,12,2020,106.90999999999997,-6.2600000000000025,32.664590521905744,2020-12-01
242,JAKARTA UTARA,1,2020,106.89166666666664,-6.1250000000000036,38.32307863740598,2020-01-01
247,JAKARTA UTARA,2,2020,106.89166666666664,-6.1250000000000036,37.073960638246795,2020-02-01
252,JAKARTA UTARA,3,2020,106.89166666666664,-6.1250000000000036,45.2564232962992,2020-03-01
257,JAKARTA UTARA,4,2020,106.89166666666664,-6.1250000000000036,48.983905946740286,2020-04-01
262,JAKARTA UTARA,5,2020,106.89166666666664,-6.1250000000000036,52.75324183805449,2020-05-01
267,JAKARTA UTARA,6,2020,106.89166666666664,-6.1250000000000036,55.71104188343747,2020-06-01
272,JAKARTA UTARA,7,2020,106.89166666666664,-6.1250000000000036,56.96859201660035,2020-07-01
277,JAKARTA UTARA,8,2020,106.89166666666664,-6.1250000000000036,53.65254950441513,2020-08-01
282,JAKARTA UTARA,9,2020,106.89166666666664,-6.1250000000000036,51.78959357563363,2020-09-01
287,JAKARTA UTARA,10,2020,106.89166666666664,-6.1250000000000036,54.99491000075409,2020-10-01
292,JAKARTA UTARA,11,2020,106.89166666666664,-6.1250000000000036,47.54436196642456,2020-11-01
297,JAKARTA UTARA,12,2020,106.89166666666664,-6.1250000000000036,30.78800309857425,2020-12-01
3,JAKARTA BARAT,1,2021,106.74999999999996,-6.158333333333336,38.77022049872058,2021-01-01
8,JAKARTA BARAT,2,2021,106.74999999999996,-6.158333333333336,36.97789151521925,2021-02-01
13,JAKARTA BARAT,3,2021,106.74999999999996,-6.158333333333336,46.07152420849646,2021-03-01
18,JAKARTA BARAT,4,2021,106.74999999999996,-6.158333333333336,59.90305018342807,2021-04-01
23,JAKARTA BARAT,5,2021,106.74999999999996,-6.158333333333336,64.21186325766837,2021-05-01
28,JAKARTA BARAT,6,2021,106.74999999999996,-6.158333333333336,59.50422192116073,2021-06-01
33,JAKARTA BARAT,7,2021,106.74999999999996,-6.158333333333336,62.782235388741555,2021-07-01
38,JAKARTA BARAT,8,2021,106.74999999999996,-6.158333333333336,63.65226924111163,2021-08-01
43,JAKARTA BARAT,9,2021,106.74999999999996,-6.158333333333336,57.234406720180914,2021-09-01
48,JAKARTA BARAT,10,2021,106.74999999999996,-6.158333333333336,60.19103756058352,2021-10-01
53,JAKARTA BARAT,11,2021,106.74999999999996,-6.158333333333336,40.761925478428196,2021-11-01
58,JAKARTA BARAT,12,2021,106.74999999999996,-6.158333333333336,42.6893768857968,2021-12-01
63,JAKARTA PUSAT,1,2021,106.84999999999997,-6.200000000000003,40.17870171087643,2021-01-01
68,JAKARTA PUSAT,2,2021,106.84999999999997,-6.200000000000003,38.09197954988507,2021-02-01
73,JAKARTA PUSAT,3,2021,106.84999999999997,-6.200000000000003,47.97457590891931,2021-03-01
78,JAKARTA PUSAT,4,2021,106.84999999999997,-6.200000000000003,61.49780557980997,2021-04-01
83,JAKARTA PUSAT,5,2021,106.84999999999997,-6.200000000000003,65.18109853933267,2021-05-01
88,JAKARTA PUSAT,6,2021,106.84999999999997,-6.200000000000003,60.50684868104948,2021-06-01
93,JAKARTA PUSAT,7,2021,106.84999999999997,-6.200000000000003,63.25307863856383,2021-07-01
98,JAKARTA PUSAT,8,2021,106.84999999999997,-6.200000000000003,63.65321183921112,2021-08-01
103,JAKARTA PUSAT,9,2021,106.84999999999997,-6.200000000000003,57.55683722223269,2021-09-01
108,JAKARTA PUSAT,10,2021,106.84999999999997,-6.200000000000003,60.91177882675996,2021-10-01
113,JAKARTA PUSAT,11,2021,106.84999999999997,-6.200000000000003,42.553280135137925,2021-11-01
118,JAKARTA PUSAT,12,2021,106.84999999999997,-6.200000000000003,44.47647510730224,2021-12-01
123,JAKARTA SELATAN,1,2021,106.8083333333333,-6.283333333333336,41.806706950629774,2021-01-01
128,JAKARTA SELATAN,2,2021,106.8083333333333,-6.283333333333336,39.51856382380618,2021-02-01
133,JAKARTA SELATAN,3,2021,106.8083333333333,-6.283333333333336,49.68305248937467,2021-03-01
138,JAKARTA SELATAN,4,2021,106.8083333333333,-6.283333333333336,64.11036947737466,2021-04-01
143,JAKARTA SELATAN,5,2021,106.8083333333333,-6.283333333333336,69.3018236278919,2021-05-01
148,JAKARTA SELATAN,6,2021,106.8083333333333,-6.283333333333336,64.02475029649415,2021-06-01
153,JAKARTA SELATAN,7,2021,106.8083333333333,-6.283333333333336,67.68742166269483,2021-07-01
158,JAKARTA SELATAN,8,2021,106.8083333333333,-6.283333333333336,67.48722358235925,2021-08-01
163,JAKARTA SELATAN,9,2021,106.8083333333333,-6.283333333333336,60.489308063078816,2021-09-01
168,JAKARTA SELATAN,10,2021,106.8083333333333,-6.283333333333336,63.0986094170749,2021-10-01
173,JAKARTA SELATAN,11,2021,106.8083333333333,-6.283333333333336,43.85942539893593,2021-11-01
178,JAKARTA SELATAN,12,2021,106.8083333333333,-6.283333333333336,45.70104759272248,2021-12-01
183,JAKARTA TIMUR,1,2021,106.90999999999997,-6.2600000000000025,41.41610012572031,2021-01-01
188,JAKARTA TIMUR,2,2021,106.90999999999997,-6.2600000000000025,39.0809438558885,2021-02-01
193,JAKARTA TIMUR,3,2021,106.90999999999997,-6.2600000000000025,49.290199373312184,2021-03-01
198,JAKARTA TIMUR,4,2021,106.90999999999997,-6.2600000000000025,62.542514311777516,2021-04-01
203,JAKARTA TIMUR,5,2021,106.90999999999997,-6.2600000000000025,66.18750581329508,2021-05-01
208,JAKARTA TIMUR,6,2021,106.90999999999997,-6.2600000000000025,61.391554564713104,2021-06-01
213,JAKARTA TIMUR,7,2021,106.90999999999997,-6.2600000000000025,63.950001215101295,2021-07-01
218,JAKARTA TIMUR,8,2021,106.90999999999997,-6.2600000000000025,63.66687716408287,2021-08-01
223,JAKARTA TIMUR,9,2021,106.90999999999997,-6.2600000000000025,57.63515105587292,2021-09-01
228,JAKARTA TIMUR,10,2021,106.90999999999997,-6.2600000000000025,60.95969722689667,2021-10-01
233,JAKARTA TIMUR,11,2021,106.90999999999997,-6.2600000000000025,43.724863690641584,2021-11-01
238,JAKARTA TIMUR,12,2021,106.90999999999997,-6.2600000000000025,45.59658106861855,2021-12-01
243,JAKARTA UTARA,1,2021,106.89166666666664,-6.1250000000000036,38.16883284201037,2021-01-01
248,JAKARTA UTARA,2,2021,106.89166666666664,-6.1250000000000036,36.3420534298264,2021-02-01
253,JAKARTA UTARA,3,2021,106.89166666666664,-6.1250000000000036,45.552221868108404,2021-03-01
258,JAKARTA UTARA,4,2021,106.89166666666664,-6.1250000000000036,57.99438752044778,2021-04-01
263,JAKARTA UTARA,5,2021,106.89166666666664,-6.1250000000000036,60.373464643407495,2021-05-01
268,JAKARTA UTARA,6,2021,106.89166666666664,-6.1250000000000036,56.286821479290886,2021-06-01
273,JAKARTA UTARA,7,2021,106.89166666666664,-6.1250000000000036,58.248720535344056,2021-07-01
278,JAKARTA UTARA,8,2021,106.89166666666664,-6.1250000000000036,59.06121635411725,2021-08-01
283,JAKARTA UTARA,9,2021,106.89166666666664,-6.1250000000000036,53.791922215318046,2021-09-01
288,JAKARTA UTARA,10,2021,106.89166666666664,-6.1250000000000036,57.72457516033962,2021-10-01
293,JAKARTA UTARA,11,2021,106.89166666666664,-6.1250000000000036,40.64952744877962,2021-11-01
298,JAKARTA UTARA,12,2021,106.89166666666664,-6.1250000000000036,42.55326624106687,2021-12-01
4,JAKARTA BARAT,1,2022,106.74999999999996,-6.158333333333336,40.90713125817418,2022-01-01
9,JAKARTA BARAT,2,2022,106.74999999999996,-6.158333333333336,43.45432009284525,2022-02-01
14,JAKARTA BARAT,3,2022,106.74999999999996,-6.158333333333336,48.80647194492699,2022-03-01
19,JAKARTA BARAT,4,2022,106.74999999999996,-6.158333333333336,52.90078106530845,2022-04-01
24,JAKARTA BARAT,5,2022,106.74999999999996,-6.158333333333336,58.32538483198181,2022-05-01
29,JAKARTA BARAT,6,2022,106.74999999999996,-6.158333333333336,63.35976657704594,2022-06-01
34,JAKARTA BARAT,7,2022,106.74999999999996,-6.158333333333336,63.042980759715135,2022-07-01
39,JAKARTA BARAT,8,2022,106.74999999999996,-6.158333333333336,65.0149471109137,2022-08-01
44,JAKARTA BARAT,9,2022,106.74999999999996,-6.158333333333336,64.44288414305281,2022-09-01
49,JAKARTA BARAT,10,2022,106.74999999999996,-6.158333333333336,50.67775292842787,2022-10-01
54,JAKARTA BARAT,11,2022,106.74999999999996,-6.158333333333336,47.2060483162426,2022-11-01
59,JAKARTA BARAT,12,2022,106.74999999999996,-6.158333333333336,39.09523577020662,2022-12-01
64,JAKARTA PUSAT,1,2022,106.84999999999997,-6.200000000000003,42.58204522026656,2022-01-01
69,JAKARTA PUSAT,2,2022,106.84999999999997,-6.200000000000003,45.01013937859475,2022-02-01
74,JAKARTA PUSAT,3,2022,106.84999999999997,-6.200000000000003,50.82232929609614,2022-03-01
79,JAKARTA PUSAT,4,2022,106.84999999999997,-6.200000000000003,54.61809863049916,2022-04-01
84,JAKARTA PUSAT,5,2022,106.84999999999997,-6.200000000000003,59.80001694420463,2022-05-01
89,JAKARTA PUSAT,6,2022,106.84999999999997,-6.200000000000003,64.61928670376062,2022-06-01
94,JAKARTA PUSAT,7,2022,106.84999999999997,-6.200000000000003,63.80662168699895,2022-07-01
99,JAKARTA PUSAT,8,2022,106.84999999999997,-6.200000000000003,65.2351581583366,2022-08-01
104,JAKARTA PUSAT,9,2022,106.84999999999997,-6.200000000000003,64.9306246221699,2022-09-01
109,JAKARTA PUSAT,10,2022,106.84999999999997,-6.200000000000003,52.23613099995365,2022-10-01
114,JAKARTA PUSAT,11,2022,106.84999999999997,-6.200000000000003,48.89824338623804,2022-11-01
119,JAKARTA PUSAT,12,2022,106.84999999999997,-6.200000000000003,40.74392069360502,2022-12-01
124,JAKARTA SELATAN,1,2022,106.8083333333333,-6.283333333333336,43.86629603016038,2022-01-01
129,JAKARTA SELATAN,2,2022,106.8083333333333,-6.283333333333336,46.59692387992052,2022-02-01
134,JAKARTA SELATAN,3,2022,106.8083333333333,-6.283333333333336,52.105930138387016,2022-03-01
139,JAKARTA SELATAN,4,2022,106.8083333333333,-6.283333333333336,56.77094467612966,2022-04-01
144,JAKARTA SELATAN,5,2022,106.8083333333333,-6.283333333333336,62.788303973388686,2022-05-01
149,JAKARTA SELATAN,6,2022,106.8083333333333,-6.283333333333336,67.9053808417945,2022-06-01
154,JAKARTA SELATAN,7,2022,106.8083333333333,-6.283333333333336,67.99453154589783,2022-07-01
159,JAKARTA SELATAN,8,2022,106.8083333333333,-6.283333333333336,69.51203761238338,2022-08-01
164,JAKARTA SELATAN,9,2022,106.8083333333333,-6.283333333333336,67.64859977748173,2022-09-01
169,JAKARTA SELATAN,10,2022,106.8083333333333,-6.283333333333336,53.80438179313084,2022-10-01
174,JAKARTA SELATAN,11,2022,106.8083333333333,-6.283333333333336,50.15735798918871,2022-11-01
179,JAKARTA SELATAN,12,2022,106.8083333333333,-6.283333333333336,41.6131503551868,2022-12-01
184,JAKARTA TIMUR,1,2022,106.90999999999997,-6.2600000000000025,43.82183341059902,2022-01-01
189,JAKARTA TIMUR,2,2022,106.90999999999997,-6.2600000000000025,46.182164092319475,2022-02-01
194,JAKARTA TIMUR,3,2022,106.90999999999997,-6.2600000000000025,52.09488719415374,2022-03-01
199,JAKARTA TIMUR,4,2022,106.90999999999997,-6.2600000000000025,55.77670949108453,2022-04-01
204,JAKARTA TIMUR,5,2022,106.90999999999997,-6.2600000000000025,60.884886688465734,2022-05-01
209,JAKARTA TIMUR,6,2022,106.90999999999997,-6.2600000000000025,65.50830676133123,2022-06-01
214,JAKARTA TIMUR,7,2022,106.90999999999997,-6.2600000000000025,64.63948539211256,2022-07-01
219,JAKARTA TIMUR,8,2022,106.90999999999997,-6.2600000000000025,65.47173383116619,2022-08-01
224,JAKARTA TIMUR,9,2022,106.90999999999997,-6.2600000000000025,64.92452798608504,2022-09-01
229,JAKARTA TIMUR,10,2022,106.90999999999997,-6.2600000000000025,52.89946362833473,2022-10-01
234,JAKARTA TIMUR,11,2022,106.90999999999997,-6.2600000000000025,49.73231258439029,2022-11-01
239,JAKARTA TIMUR,12,2022,106.90999999999997,-6.2600000000000025,41.678377940297885,2022-12-01
244,JAKARTA UTARA,1,2022,106.89166666666664,-6.1250000000000036,40.76400269386533,2022-01-01
249,JAKARTA UTARA,2,2022,106.89166666666664,-6.1250000000000036,42.87336522344912,2022-02-01
254,JAKARTA UTARA,3,2022,106.89166666666664,-6.1250000000000036,48.76107413447829,2022-03-01
259,JAKARTA UTARA,4,2022,106.89166666666664,-6.1250000000000036,51.73594371083529,2022-04-01
264,JAKARTA UTARA,5,2022,106.89166666666664,-6.1250000000000036,56.0144364728886,2022-05-01
269,JAKARTA UTARA,6,2022,106.89166666666664,-6.1250000000000036,60.46234191043472,2022-06-01
274,JAKARTA UTARA,7,2022,106.89166666666664,-6.1250000000000036,58.9461579518051,2022-07-01
279,JAKARTA UTARA,8,2022,106.89166666666664,-6.1250000000000036,60.172356888761044,2022-08-01
284,JAKARTA UTARA,9,2022,106.89166666666664,-6.1250000000000036,61.18595596799778,2022-09-01
289,JAKARTA UTARA,10,2022,106.89166666666664,-6.1250000000000036,49.7260684125443,2022-10-01
294,JAKARTA UTARA,11,2022,106.89166666666664,-6.1250000000000036,46.806575919846885,2022-11-01
299,JAKARTA UTARA,12,2022,106.89166666666664,-6.1250000000000036,39.19532022105745,2022-12-01
