,KABKOT,month,year,geometry,longitude,latitude,pm2p5,time
0,JAKARTA BARAT,1,2018,"MULTIPOINT ((106.69999999999996 -6.150000000000003), (106.69999999999996 -6.100000000000003), (106.74999999999996 -6.200000000000003), (106.74999999999996 -6.150000000000003), (106.79999999999995 -6.200000000000003), (106.79999999999995 -6.150000000000003))",106.74999999999996,-6.158333333333336,9.897104080197481e-08,2018-01-01
1,JAKARTA BARAT,1,2019,"MULTIPOINT ((106.69999999999996 -6.150000000000003), (106.69999999999996 -6.100000000000003), (106.74999999999996 -6.200000000000003), (106.74999999999996 -6.150000000000003), (106.79999999999995 -6.200000000000003), (106.79999999999995 -6.150000000000003))",106.74999999999996,-6.158333333333336,1.1945775994763032e-07,2019-01-01
2,JAKARTA BARAT,1,2020,"MULTIPOINT ((106.69999999999996 -6.150000000000003), (106.69999999999996 -6.100000000000003), (106.74999999999996 -6.200000000000003), (106.74999999999996 -6.150000000000003), (106.79999999999995 -6.200000000000003), (106.79999999999995 -6.150000000000003))",106.74999999999996,-6.158333333333336,1.1760458782816763e-07,2020-01-01
3,JAKARTA BARAT,1,2021,"MULTIPOINT ((106.69999999999996 -6.150000000000003), (106.69999999999996 -6.100000000000003), (106.74999999999996 -6.200000000000003), (106.74999999999996 -6.150000000000003), (106.79999999999995 -6.200000000000003), (106.79999999999995 -6.150000000000003))",106.74999999999996,-6.158333333333336,1.1631066149616175e-07,2021-01-01
4,JAKARTA BARAT,1,2022,"MULTIPOINT ((106.69999999999996 -6.150000000000003), (106.69999999999996 -6.100000000000003), (106.74999999999996 -6.200000000000003), (106.74999999999996 -6.150000000000003), (106.79999999999995 -6.200000000000003), (106.79999999999995 -6.150000000000003))",106.74999999999996,-6.158333333333336,1.2272139377452256e-07,2022-01-01
5,JAKARTA BARAT,2,2018,"MULTIPOINT ((106.69999999999996 -6.150000000000003), (106.69999999999996 -6.100000000000003), (106.74999999999996 -6.200000000000003), (106.74999999999996 -6.150000000000003), (106.79999999999995 -6.200000000000003), (106.79999999999995 -6.150000000000003))",106.74999999999996,-6.158333333333336,1.1743656171662438e-07,2018-02-01
6,JAKARTA BARAT,2,2019,"MULTIPOINT ((106.69999999999996 -6.150000000000003), (106.69999999999996 -6.100000000000003), (106.74999999999996 -6.200000000000003), (106.74999999999996 -6.150000000000003), (106.79999999999995 -6.200000000000003), (106.79999999999995 -6.150000000000003))",106.74999999999996,-6.158333333333336,1.3876454486509187e-07,2019-02-01
7,JAKARTA BARAT,2,2020,"MULTIPOINT ((106.69999999999996 -6.150000000000003), (106.69999999999996 -6.100000000000003), (106.74999999999996 -6.200000000000003), (106.74999999999996 -6.150000000000003), (106.79999999999995 -6.200000000000003), (106.79999999999995 -6.150000000000003))",106.74999999999996,-6.158333333333336,1.1483973562912734e-07,2020-02-01
8,JAKARTA BARAT,2,2021,"MULTIPOINT ((106.69999999999996 -6.150000000000003), (106.69999999999996 -6.100000000000003), (106.74999999999996 -6.200000000000003), (106.74999999999996 -6.150000000000003), (106.79999999999995 -6.200000000000003), (106.79999999999995 -6.150000000000003))",106.74999999999996,-6.158333333333336,1.1093367454565773e-07,2021-02-01
9,JAKARTA BARAT,2,2022,"MULTIPOINT ((106.69999999999996 -6.150000000000003), (106.69999999999996 -6.100000000000003), (106.74999999999996 -6.200000000000003), (106.74999999999996 -6.150000000000003), (106.79999999999995 -6.200000000000003), (106.79999999999995 -6.150000000000003))",106.74999999999996,-6.158333333333336,1.3036296027853577e-07,2022-02-01
10,JAKARTA BARAT,3,2018,"MULTIPOINT ((106.69999999999996 -6.150000000000003), (106.69999999999996 -6.100000000000003), (106.74999999999996 -6.200000000000003), (106.74999999999996 -6.150000000000003), (106.79999999999995 -6.200000000000003), (106.79999999999995 -6.150000000000003))",106.74999999999996,-6.158333333333336,1.3332919371814773e-07,2018-03-01
11,JAKARTA BARAT,3,2019,"MULTIPOINT ((106.69999999999996 -6.150000000000003), (106.69999999999996 -6.100000000000003), (106.74999999999996 -6.200000000000003), (106.74999999999996 -6.150000000000003), (106.79999999999995 -6.200000000000003), (106.79999999999995 -6.150000000000003))",106.74999999999996,-6.158333333333336,1.3661599196801295e-07,2019-03-01
12,JAKARTA BARAT,3,2020,"MULTIPOINT ((106.69999999999996 -6.150000000000003), (106.69999999999996 -6.100000000000003), (106.74999999999996 -6.200000000000003), (106.74999999999996 -6.150000000000003), (106.79999999999995 -6.200000000000003), (106.79999999999995 -6.150000000000003))",106.74999999999996,-6.158333333333336,1.3976791685206916e-07,2020-03-01
13,JAKARTA BARAT,3,2021,"MULTIPOINT ((106.69999999999996 -6.150000000000003), (106.69999999999996 -6.100000000000003), (106.74999999999996 -6.200000000000003), (106.74999999999996 -6.150000000000003), (106.79999999999995 -6.200000000000003), (106.79999999999995 -6.150000000000003))",106.74999999999996,-6.158333333333336,1.3821457262548937e-07,2021-03-01
14,JAKARTA BARAT,3,2022,"MULTIPOINT ((106.69999999999996 -6.150000000000003), (106.69999999999996 -6.100000000000003), (106.74999999999996 -6.200000000000003), (106.74999999999996 -6.150000000000003), (106.79999999999995 -6.200000000000003), (106.79999999999995 -6.150000000000003))",106.74999999999996,-6.158333333333336,1.46419415834781e-07,2022-03-01
15,JAKARTA BARAT,4,2018,"MULTIPOINT ((106.69999999999996 -6.150000000000003), (106.69999999999996 -6.100000000000003), (106.74999999999996 -6.200000000000003), (106.74999999999996 -6.150000000000003), (106.79999999999995 -6.200000000000003), (106.79999999999995 -6.150000000000003))",106.74999999999996,-6.158333333333336,1.836420722748739e-07,2018-04-01
16,JAKARTA BARAT,4,2019,"MULTIPOINT ((106.69999999999996 -6.150000000000003), (106.69999999999996 -6.100000000000003), (106.74999999999996 -6.200000000000003), (106.74999999999996 -6.150000000000003), (106.79999999999995 -6.200000000000003), (106.79999999999995 -6.150000000000003))",106.74999999999996,-6.158333333333336,1.67076734272815e-07,2019-04-01
17,JAKARTA BARAT,4,2020,"MULTIPOINT ((106.69999999999996 -6.150000000000003), (106.69999999999996 -6.100000000000003), (106.74999999999996 -6.200000000000003), (106.74999999999996 -6.150000000000003), (106.79999999999995 -6.200000000000003), (106.79999999999995 -6.150000000000003))",106.74999999999996,-6.158333333333336,1.5294292450877297e-07,2020-04-01
18,JAKARTA BARAT,4,2021,"MULTIPOINT ((106.69999999999996 -6.150000000000003), (106.69999999999996 -6.100000000000003), (106.74999999999996 -6.200000000000003), (106.74999999999996 -6.150000000000003), (106.79999999999995 -6.200000000000003), (106.79999999999995 -6.150000000000003))",106.74999999999996,-6.158333333333336,1.797091505502842e-07,2021-04-01
19,JAKARTA BARAT,4,2022,"MULTIPOINT ((106.69999999999996 -6.150000000000003), (106.69999999999996 -6.100000000000003), (106.74999999999996 -6.200000000000003), (106.74999999999996 -6.150000000000003), (106.79999999999995 -6.200000000000003), (106.79999999999995 -6.150000000000003))",106.74999999999996,-6.158333333333336,1.5870234319592538e-07,2022-04-01
20,JAKARTA BARAT,5,2018,"MULTIPOINT ((106.69999999999996 -6.150000000000003), (106.69999999999996 -6.100000000000003), (106.74999999999996 -6.200000000000003), (106.74999999999996 -6.150000000000003), (106.79999999999995 -6.200000000000003), (106.79999999999995 -6.150000000000003))",106.74999999999996,-6.158333333333336,2.0468925723567627e-07,2018-05-01
21,JAKARTA BARAT,5,2019,"MULTIPOINT ((106.69999999999996 -6.150000000000003), (106.69999999999996 -6.100000000000003), (106.74999999999996 -6.200000000000003), (106.74999999999996 -6.150000000000003), (106.79999999999995 -6.200000000000003), (106.79999999999995 -6.150000000000003))",106.74999999999996,-6.158333333333336,1.8658375977883178e-07,2019-05-01
22,JAKARTA BARAT,5,2020,"MULTIPOINT ((106.69999999999996 -6.150000000000003), (106.69999999999996 -6.100000000000003), (106.74999999999996 -6.200000000000003), (106.74999999999996 -6.150000000000003), (106.79999999999995 -6.200000000000003), (106.79999999999995 -6.150000000000003))",106.74999999999996,-6.158333333333336,1.6700680487720814e-07,2020-05-01
23,JAKARTA BARAT,5,2021,"MULTIPOINT ((106.69999999999996 -6.150000000000003), (106.69999999999996 -6.100000000000003), (106.74999999999996 -6.200000000000003), (106.74999999999996 -6.150000000000003), (106.79999999999995 -6.200000000000003), (106.79999999999995 -6.150000000000003))",106.74999999999996,-6.158333333333336,1.9263558977300512e-07,2021-05-01
24,JAKARTA BARAT,5,2022,"MULTIPOINT ((106.69999999999996 -6.150000000000003), (106.69999999999996 -6.100000000000003), (106.74999999999996 -6.200000000000003), (106.74999999999996 -6.150000000000003), (106.79999999999995 -6.200000000000003), (106.79999999999995 -6.150000000000003))",106.74999999999996,-6.158333333333336,1.7497615449594543e-07,2022-05-01
25,JAKARTA BARAT,6,2018,"MULTIPOINT ((106.69999999999996 -6.150000000000003), (106.69999999999996 -6.100000000000003), (106.74999999999996 -6.200000000000003), (106.74999999999996 -6.150000000000003), (106.79999999999995 -6.200000000000003), (106.79999999999995 -6.150000000000003))",106.74999999999996,-6.158333333333336,2.089755618269373e-07,2018-06-01
26,JAKARTA BARAT,6,2019,"MULTIPOINT ((106.69999999999996 -6.150000000000003), (106.69999999999996 -6.100000000000003), (106.74999999999996 -6.200000000000003), (106.74999999999996 -6.150000000000003), (106.79999999999995 -6.200000000000003), (106.79999999999995 -6.150000000000003))",106.74999999999996,-6.158333333333336,1.9708397646311993e-07,2019-06-01
27,JAKARTA BARAT,6,2020,"MULTIPOINT ((106.69999999999996 -6.150000000000003), (106.69999999999996 -6.100000000000003), (106.74999999999996 -6.200000000000003), (106.74999999999996 -6.150000000000003), (106.79999999999995 -6.200000000000003), (106.79999999999995 -6.150000000000003))",106.74999999999996,-6.158333333333336,1.7795109320909844e-07,2020-06-01
28,JAKARTA BARAT,6,2021,"MULTIPOINT ((106.69999999999996 -6.150000000000003), (106.69999999999996 -6.100000000000003), (106.74999999999996 -6.200000000000003), (106.74999999999996 -6.150000000000003), (106.79999999999995 -6.200000000000003), (106.79999999999995 -6.150000000000003))",106.74999999999996,-6.158333333333336,1.7851266576348218e-07,2021-06-01
29,JAKARTA BARAT,6,2022,"MULTIPOINT ((106.69999999999996 -6.150000000000003), (106.69999999999996 -6.100000000000003), (106.74999999999996 -6.200000000000003), (106.74999999999996 -6.150000000000003), (106.79999999999995 -6.200000000000003), (106.79999999999995 -6.150000000000003))",106.74999999999996,-6.158333333333336,1.9007929973113784e-07,2022-06-01
30,JAKARTA BARAT,7,2018,"MULTIPOINT ((106.69999999999996 -6.150000000000003), (106.69999999999996 -6.100000000000003), (106.74999999999996 -6.200000000000003), (106.74999999999996 -6.150000000000003), (106.79999999999995 -6.200000000000003), (106.79999999999995 -6.150000000000003))",106.74999999999996,-6.158333333333336,2.117714269308147e-07,2018-07-01
31,JAKARTA BARAT,7,2019,"MULTIPOINT ((106.69999999999996 -6.150000000000003), (106.69999999999996 -6.100000000000003), (106.74999999999996 -6.200000000000003), (106.74999999999996 -6.150000000000003), (106.79999999999995 -6.200000000000003), (106.79999999999995 -6.150000000000003))",106.74999999999996,-6.158333333333336,1.6610292109753353e-07,2019-07-01
32,JAKARTA BARAT,7,2020,"MULTIPOINT ((106.69999999999996 -6.150000000000003), (106.69999999999996 -6.100000000000003), (106.74999999999996 -6.200000000000003), (106.74999999999996 -6.150000000000003), (106.79999999999995 -6.200000000000003), (106.79999999999995 -6.150000000000003))",106.74999999999996,-6.158333333333336,1.8309607172639677e-07,2020-07-01
33,JAKARTA BARAT,7,2021,"MULTIPOINT ((106.69999999999996 -6.150000000000003), (106.69999999999996 -6.100000000000003), (106.74999999999996 -6.200000000000003), (106.74999999999996 -6.150000000000003), (106.79999999999995 -6.200000000000003), (106.79999999999995 -6.150000000000003))",106.74999999999996,-6.158333333333336,1.883467061662247e-07,2021-07-01
34,JAKARTA BARAT,7,2022,"MULTIPOINT ((106.69999999999996 -6.150000000000003), (106.69999999999996 -6.100000000000003), (106.74999999999996 -6.200000000000003), (106.74999999999996 -6.150000000000003), (106.79999999999995 -6.200000000000003), (106.79999999999995 -6.150000000000003))",106.74999999999996,-6.158333333333336,1.8912894227914543e-07,2022-07-01
35,JAKARTA BARAT,8,2018,"MULTIPOINT ((106.69999999999996 -6.150000000000003), (106.69999999999996 -6.100000000000003), (106.74999999999996 -6.200000000000003), (106.74999999999996 -6.150000000000003), (106.79999999999995 -6.200000000000003), (106.79999999999995 -6.150000000000003))",106.74999999999996,-6.158333333333336,1.7450921380834935e-07,2018-08-01
36,JAKARTA BARAT,8,2019,"MULTIPOINT ((106.69999999999996 -6.150000000000003), (106.69999999999996 -6.100000000000003), (106.74999999999996 -6.200000000000003), (106.74999999999996 -6.150000000000003), (106.79999999999995 -6.200000000000003), (106.79999999999995 -6.150000000000003))",106.74999999999996,-6.158333333333336,1.652064009860513e-07,2019-08-01
37,JAKARTA BARAT,8,2020,"MULTIPOINT ((106.69999999999996 -6.150000000000003), (106.69999999999996 -6.100000000000003), (106.74999999999996 -6.200000000000003), (106.74999999999996 -6.150000000000003), (106.79999999999995 -6.200000000000003), (106.79999999999995 -6.150000000000003))",106.74999999999996,-6.158333333333336,1.7345676302701056e-07,2020-08-01
38,JAKARTA BARAT,8,2021,"MULTIPOINT ((106.69999999999996 -6.150000000000003), (106.69999999999996 -6.100000000000003), (106.74999999999996 -6.200000000000003), (106.74999999999996 -6.150000000000003), (106.79999999999995 -6.200000000000003), (106.79999999999995 -6.150000000000003))",106.74999999999996,-6.158333333333336,1.909568077233349e-07,2021-08-01
39,JAKARTA BARAT,8,2022,"MULTIPOINT ((106.69999999999996 -6.150000000000003), (106.69999999999996 -6.100000000000003), (106.74999999999996 -6.200000000000003), (106.74999999999996 -6.150000000000003), (106.79999999999995 -6.200000000000003), (106.79999999999995 -6.150000000000003))",106.74999999999996,-6.158333333333336,1.9504484133274108e-07,2022-08-01
40,JAKARTA BARAT,9,2018,"MULTIPOINT ((106.69999999999996 -6.150000000000003), (106.69999999999996 -6.100000000000003), (106.74999999999996 -6.200000000000003), (106.74999999999996 -6.150000000000003), (106.79999999999995 -6.200000000000003), (106.79999999999995 -6.150000000000003))",106.74999999999996,-6.158333333333336,1.8153799255256792e-07,2018-09-01
41,JAKARTA BARAT,9,2019,"MULTIPOINT ((106.69999999999996 -6.150000000000003), (106.69999999999996 -6.100000000000003), (106.74999999999996 -6.200000000000003), (106.74999999999996 -6.150000000000003), (106.79999999999995 -6.200000000000003), (106.79999999999995 -6.150000000000003))",106.74999999999996,-6.158333333333336,1.6280172931389606e-07,2019-09-01
42,JAKARTA BARAT,9,2020,"MULTIPOINT ((106.69999999999996 -6.150000000000003), (106.69999999999996 -6.100000000000003), (106.74999999999996 -6.200000000000003), (106.74999999999996 -6.150000000000003), (106.79999999999995 -6.200000000000003), (106.79999999999995 -6.150000000000003))",106.74999999999996,-6.158333333333336,1.644977019369758e-07,2020-09-01
43,JAKARTA BARAT,9,2021,"MULTIPOINT ((106.69999999999996 -6.150000000000003), (106.69999999999996 -6.100000000000003), (106.74999999999996 -6.200000000000003), (106.74999999999996 -6.150000000000003), (106.79999999999995 -6.200000000000003), (106.79999999999995 -6.150000000000003))",106.74999999999996,-6.158333333333336,1.7170322016054272e-07,2021-09-01
44,JAKARTA BARAT,9,2022,"MULTIPOINT ((106.69999999999996 -6.150000000000003), (106.69999999999996 -6.100000000000003), (106.74999999999996 -6.200000000000003), (106.74999999999996 -6.150000000000003), (106.79999999999995 -6.200000000000003), (106.79999999999995 -6.150000000000003))",106.74999999999996,-6.158333333333336,1.9332865242915843e-07,2022-09-01
45,JAKARTA BARAT,10,2018,"MULTIPOINT ((106.69999999999996 -6.150000000000003), (106.69999999999996 -6.100000000000003), (106.74999999999996 -6.200000000000003), (106.74999999999996 -6.150000000000003), (106.79999999999995 -6.200000000000003), (106.79999999999995 -6.150000000000003))",106.74999999999996,-6.158333333333336,1.8071039775395024e-07,2018-10-01
46,JAKARTA BARAT,10,2019,"MULTIPOINT ((106.69999999999996 -6.150000000000003), (106.69999999999996 -6.100000000000003), (106.74999999999996 -6.200000000000003), (106.74999999999996 -6.150000000000003), (106.79999999999995 -6.200000000000003), (106.79999999999995 -6.150000000000003))",106.74999999999996,-6.158333333333336,1.8447667549548167e-07,2019-10-01
47,JAKARTA BARAT,10,2020,"MULTIPOINT ((106.69999999999996 -6.150000000000003), (106.69999999999996 -6.100000000000003), (106.74999999999996 -6.200000000000003), (106.74999999999996 -6.150000000000003), (106.79999999999995 -6.200000000000003), (106.79999999999995 -6.150000000000003))",106.74999999999996,-6.158333333333336,1.7191459317740893e-07,2020-10-01
48,JAKARTA BARAT,10,2021,"MULTIPOINT ((106.69999999999996 -6.150000000000003), (106.69999999999996 -6.100000000000003), (106.74999999999996 -6.200000000000003), (106.74999999999996 -6.150000000000003), (106.79999999999995 -6.200000000000003), (106.79999999999995 -6.150000000000003))",106.74999999999996,-6.158333333333336,1.8057311268175058e-07,2021-10-01
49,JAKARTA BARAT,10,2022,"MULTIPOINT ((106.69999999999996 -6.150000000000003), (106.69999999999996 -6.100000000000003), (106.74999999999996 -6.200000000000003), (106.74999999999996 -6.150000000000003), (106.79999999999995 -6.200000000000003), (106.79999999999995 -6.150000000000003))",106.74999999999996,-6.158333333333336,1.5203325878528362e-07,2022-10-01
50,JAKARTA BARAT,11,2018,"MULTIPOINT ((106.69999999999996 -6.150000000000003), (106.69999999999996 -6.100000000000003), (106.74999999999996 -6.200000000000003), (106.74999999999996 -6.150000000000003), (106.79999999999995 -6.200000000000003), (106.79999999999995 -6.150000000000003))",106.74999999999996,-6.158333333333336,1.7490394064326955e-07,2018-11-01
51,JAKARTA BARAT,11,2019,"MULTIPOINT ((106.69999999999996 -6.150000000000003), (106.69999999999996 -6.100000000000003), (106.74999999999996 -6.200000000000003), (106.74999999999996 -6.150000000000003), (106.79999999999995 -6.200000000000003), (106.79999999999995 -6.150000000000003))",106.74999999999996,-6.158333333333336,1.6451866404087886e-07,2019-11-01
52,JAKARTA BARAT,11,2020,"MULTIPOINT ((106.69999999999996 -6.150000000000003), (106.69999999999996 -6.100000000000003), (106.74999999999996 -6.200000000000003), (106.74999999999996 -6.150000000000003), (106.79999999999995 -6.200000000000003), (106.79999999999995 -6.150000000000003))",106.74999999999996,-6.158333333333336,1.481150893548974e-07,2020-11-01
53,JAKARTA BARAT,11,2021,"MULTIPOINT ((106.69999999999996 -6.150000000000003), (106.69999999999996 -6.100000000000003), (106.74999999999996 -6.200000000000003), (106.74999999999996 -6.150000000000003), (106.79999999999995 -6.200000000000003), (106.79999999999995 -6.150000000000003))",106.74999999999996,-6.158333333333336,1.222857764352846e-07,2021-11-01
54,JAKARTA BARAT,11,2022,"MULTIPOINT ((106.69999999999996 -6.150000000000003), (106.69999999999996 -6.100000000000003), (106.74999999999996 -6.200000000000003), (106.74999999999996 -6.150000000000003), (106.79999999999995 -6.200000000000003), (106.79999999999995 -6.150000000000003))",106.74999999999996,-6.158333333333336,1.416181449487278e-07,2022-11-01
55,JAKARTA BARAT,12,2018,"MULTIPOINT ((106.69999999999996 -6.150000000000003), (106.69999999999996 -6.100000000000003), (106.74999999999996 -6.200000000000003), (106.74999999999996 -6.150000000000003), (106.79999999999995 -6.200000000000003), (106.79999999999995 -6.150000000000003))",106.74999999999996,-6.158333333333336,1.2546208409513882e-07,2018-12-01
56,JAKARTA BARAT,12,2019,"MULTIPOINT ((106.69999999999996 -6.150000000000003), (106.69999999999996 -6.100000000000003), (106.74999999999996 -6.200000000000003), (106.74999999999996 -6.150000000000003), (106.79999999999995 -6.200000000000003), (106.79999999999995 -6.150000000000003))",106.74999999999996,-6.158333333333336,1.491759177133874e-07,2019-12-01
57,JAKARTA BARAT,12,2020,"MULTIPOINT ((106.69999999999996 -6.150000000000003), (106.69999999999996 -6.100000000000003), (106.74999999999996 -6.200000000000003), (106.74999999999996 -6.150000000000003), (106.79999999999995 -6.200000000000003), (106.79999999999995 -6.150000000000003))",106.74999999999996,-6.158333333333336,9.02061255273835e-08,2020-12-01
58,JAKARTA BARAT,12,2021,"MULTIPOINT ((106.69999999999996 -6.150000000000003), (106.69999999999996 -6.100000000000003), (106.74999999999996 -6.200000000000003), (106.74999999999996 -6.150000000000003), (106.79999999999995 -6.200000000000003), (106.79999999999995 -6.150000000000003))",106.74999999999996,-6.158333333333336,1.280681306573904e-07,2021-12-01
59,JAKARTA BARAT,12,2022,"MULTIPOINT ((106.69999999999996 -6.150000000000003), (106.69999999999996 -6.100000000000003), (106.74999999999996 -6.200000000000003), (106.74999999999996 -6.150000000000003), (106.79999999999995 -6.200000000000003), (106.79999999999995 -6.150000000000003))",106.74999999999996,-6.158333333333336,1.1728570731061986e-07,2022-12-01
60,JAKARTA PUSAT,1,2018,POINT (106.84999999999997 -6.200000000000003),106.84999999999997,-6.200000000000003,1.0367364897234545e-07,2018-01-01
61,JAKARTA PUSAT,1,2019,POINT (106.84999999999997 -6.200000000000003),106.84999999999997,-6.200000000000003,1.2423796952987228e-07,2019-01-01
62,JAKARTA PUSAT,1,2020,POINT (106.84999999999997 -6.200000000000003),106.84999999999997,-6.200000000000003,1.2159956403579065e-07,2020-01-01
63,JAKARTA PUSAT,1,2021,POINT (106.84999999999997 -6.200000000000003),106.84999999999997,-6.200000000000003,1.205361051326293e-07,2021-01-01
64,JAKARTA PUSAT,1,2022,POINT (106.84999999999997 -6.200000000000003),106.84999999999997,-6.200000000000003,1.277461356607997e-07,2022-01-01
65,JAKARTA PUSAT,2,2018,POINT (106.84999999999997 -6.200000000000003),106.84999999999997,-6.200000000000003,1.2188167792359636e-07,2018-02-01
66,JAKARTA PUSAT,2,2019,POINT (106.84999999999997 -6.200000000000003),106.84999999999997,-6.200000000000003,1.425514626163265e-07,2019-02-01
67,JAKARTA PUSAT,2,2020,POINT (106.84999999999997 -6.200000000000003),106.84999999999997,-6.200000000000003,1.1836221222694195e-07,2020-02-01
68,JAKARTA PUSAT,2,2021,POINT (106.84999999999997 -6.200000000000003),106.84999999999997,-6.200000000000003,1.142759386496552e-07,2021-02-01
69,JAKARTA PUSAT,2,2022,POINT (106.84999999999997 -6.200000000000003),106.84999999999997,-6.200000000000003,1.3503041813578424e-07,2022-02-01
70,JAKARTA PUSAT,3,2018,POINT (106.84999999999997 -6.200000000000003),106.84999999999997,-6.200000000000003,1.3972044452970034e-07,2018-03-01
71,JAKARTA PUSAT,3,2019,POINT (106.84999999999997 -6.200000000000003),106.84999999999997,-6.200000000000003,1.4241953458338233e-07,2019-03-01
72,JAKARTA PUSAT,3,2020,POINT (106.84999999999997 -6.200000000000003),106.84999999999997,-6.200000000000003,1.4459243359965585e-07,2020-03-01
73,JAKARTA PUSAT,3,2021,POINT (106.84999999999997 -6.200000000000003),106.84999999999997,-6.200000000000003,1.4392372772675792e-07,2021-03-01
74,JAKARTA PUSAT,3,2022,POINT (106.84999999999997 -6.200000000000003),106.84999999999997,-6.200000000000003,1.5246698788828845e-07,2022-03-01
75,JAKARTA PUSAT,4,2018,POINT (106.84999999999997 -6.200000000000003),106.84999999999997,-6.200000000000003,1.8690077094874212e-07,2018-04-01
76,JAKARTA PUSAT,4,2019,POINT (106.84999999999997 -6.200000000000003),106.84999999999997,-6.200000000000003,1.7190135260136846e-07,2019-04-01
77,JAKARTA PUSAT,4,2020,POINT (106.84999999999997 -6.200000000000003),106.84999999999997,-6.200000000000003,1.5731255068374277e-07,2020-04-01
78,JAKARTA PUSAT,4,2021,POINT (106.84999999999997 -6.200000000000003),106.84999999999997,-6.200000000000003,1.844934167394299e-07,2021-04-01
79,JAKARTA PUSAT,4,2022,POINT (106.84999999999997 -6.200000000000003),106.84999999999997,-6.200000000000003,1.6385429589149748e-07,2022-04-01
80,JAKARTA PUSAT,5,2018,POINT (106.84999999999997 -6.200000000000003),106.84999999999997,-6.200000000000003,2.078415722905938e-07,2018-05-01
81,JAKARTA PUSAT,5,2019,POINT (106.84999999999997 -6.200000000000003),106.84999999999997,-6.200000000000003,1.8938375550448277e-07,2019-05-01
82,JAKARTA PUSAT,5,2020,POINT (106.84999999999997 -6.200000000000003),106.84999999999997,-6.200000000000003,1.7084148680624149e-07,2020-05-01
83,JAKARTA PUSAT,5,2021,POINT (106.84999999999997 -6.200000000000003),106.84999999999997,-6.200000000000003,1.95543295617998e-07,2021-05-01
84,JAKARTA PUSAT,5,2022,POINT (106.84999999999997 -6.200000000000003),106.84999999999997,-6.200000000000003,1.794000508326139e-07,2022-05-01
85,JAKARTA PUSAT,6,2018,POINT (106.84999999999997 -6.200000000000003),106.84999999999997,-6.200000000000003,2.1092775707387934e-07,2018-06-01
86,JAKARTA PUSAT,6,2019,POINT (106.84999999999997 -6.200000000000003),106.84999999999997,-6.200000000000003,1.9803864571344256e-07,2019-06-01
87,JAKARTA PUSAT,6,2020,POINT (106.84999999999997 -6.200000000000003),106.84999999999997,-6.200000000000003,1.8051940280372802e-07,2020-06-01
88,JAKARTA PUSAT,6,2021,POINT (106.84999999999997 -6.200000000000003),106.84999999999997,-6.200000000000003,1.815205460431484e-07,2021-06-01
89,JAKARTA PUSAT,6,2022,POINT (106.84999999999997 -6.200000000000003),106.84999999999997,-6.200000000000003,1.9385786011128185e-07,2022-06-01
90,JAKARTA PUSAT,7,2018,POINT (106.84999999999997 -6.200000000000003),106.84999999999997,-6.200000000000003,2.121556223855281e-07,2018-07-01
91,JAKARTA PUSAT,7,2019,POINT (106.84999999999997 -6.200000000000003),106.84999999999997,-6.200000000000003,1.670691311161963e-07,2019-07-01
92,JAKARTA PUSAT,7,2020,POINT (106.84999999999997 -6.200000000000003),106.84999999999997,-6.200000000000003,1.8443592324502245e-07,2020-07-01
93,JAKARTA PUSAT,7,2021,POINT (106.84999999999997 -6.200000000000003),106.84999999999997,-6.200000000000003,1.8975923591569148e-07,2021-07-01
94,JAKARTA PUSAT,7,2022,POINT (106.84999999999997 -6.200000000000003),106.84999999999997,-6.200000000000003,1.9141986506099684e-07,2022-07-01
95,JAKARTA PUSAT,8,2018,POINT (106.84999999999997 -6.200000000000003),106.84999999999997,-6.200000000000003,1.7511196269026929e-07,2018-08-01
96,JAKARTA PUSAT,8,2019,POINT (106.84999999999997 -6.200000000000003),106.84999999999997,-6.200000000000003,1.6597017637565421e-07,2019-08-01
97,JAKARTA PUSAT,8,2020,POINT (106.84999999999997 -6.200000000000003),106.84999999999997,-6.200000000000003,1.74102934380475e-07,2020-08-01
98,JAKARTA PUSAT,8,2021,POINT (106.84999999999997 -6.200000000000003),106.84999999999997,-6.200000000000003,1.9095963551763338e-07,2021-08-01
99,JAKARTA PUSAT,8,2022,POINT (106.84999999999997 -6.200000000000003),106.84999999999997,-6.200000000000003,1.9570547447500985e-07,2022-08-01
100,JAKARTA PUSAT,9,2018,POINT (106.84999999999997 -6.200000000000003),106.84999999999997,-6.200000000000003,1.826737696930563e-07,2018-09-01
101,JAKARTA PUSAT,9,2019,POINT (106.84999999999997 -6.200000000000003),106.84999999999997,-6.200000000000003,1.640420967419255e-07,2019-09-01
102,JAKARTA PUSAT,9,2020,POINT (106.84999999999997 -6.200000000000003),106.84999999999997,-6.200000000000003,1.6534582528038586e-07,2020-09-01
103,JAKARTA PUSAT,9,2021,POINT (106.84999999999997 -6.200000000000003),106.84999999999997,-6.200000000000003,1.726705116666981e-07,2021-09-01
104,JAKARTA PUSAT,9,2022,POINT (106.84999999999997 -6.200000000000003),106.84999999999997,-6.200000000000003,1.947918738665097e-07,2022-09-01
105,JAKARTA PUSAT,10,2018,POINT (106.84999999999997 -6.200000000000003),106.84999999999997,-6.200000000000003,1.8285495439585214e-07,2018-10-01
106,JAKARTA PUSAT,10,2019,POINT (106.84999999999997 -6.200000000000003),106.84999999999997,-6.200000000000003,1.827126985443097e-07,2019-10-01
107,JAKARTA PUSAT,10,2020,POINT (106.84999999999997 -6.200000000000003),106.84999999999997,-6.200000000000003,1.73444017939064e-07,2020-10-01
108,JAKARTA PUSAT,10,2021,POINT (106.84999999999997 -6.200000000000003),106.84999999999997,-6.200000000000003,1.8273533648027986e-07,2021-10-01
109,JAKARTA PUSAT,10,2022,POINT (106.84999999999997 -6.200000000000003),106.84999999999997,-6.200000000000003,1.5670839299986098e-07,2022-10-01
110,JAKARTA PUSAT,11,2018,POINT (106.84999999999997 -6.200000000000003),106.84999999999997,-6.200000000000003,1.786914828016977e-07,2018-11-01
111,JAKARTA PUSAT,11,2019,POINT (106.84999999999997 -6.200000000000003),106.84999999999997,-6.200000000000003,1.653852252658804e-07,2019-11-01
112,JAKARTA PUSAT,11,2020,POINT (106.84999999999997 -6.200000000000003),106.84999999999997,-6.200000000000003,1.515830568266111e-07,2020-11-01
113,JAKARTA PUSAT,11,2021,POINT (106.84999999999997 -6.200000000000003),106.84999999999997,-6.200000000000003,1.276598404054138e-07,2021-11-01
114,JAKARTA PUSAT,11,2022,POINT (106.84999999999997 -6.200000000000003),106.84999999999997,-6.200000000000003,1.4669473015871413e-07,2022-11-01
115,JAKARTA PUSAT,12,2018,POINT (106.84999999999997 -6.200000000000003),106.84999999999997,-6.200000000000003,1.3038758941874554e-07,2018-12-01
116,JAKARTA PUSAT,12,2019,POINT (106.84999999999997 -6.200000000000003),106.84999999999997,-6.200000000000003,1.5334550123924484e-07,2019-12-01
117,JAKARTA PUSAT,12,2020,POINT (106.84999999999997 -6.200000000000003),106.84999999999997,-6.200000000000003,9.480472129119616e-08,2020-12-01
118,JAKARTA PUSAT,12,2021,POINT (106.84999999999997 -6.200000000000003),106.84999999999997,-6.200000000000003,1.334294253219067e-07,2021-12-01
119,JAKARTA PUSAT,12,2022,POINT (106.84999999999997 -6.200000000000003),106.84999999999997,-6.200000000000003,1.2223176208081506e-07,2022-12-01
120,JAKARTA SELATAN,1,2018,"MULTIPOINT ((106.74999999999996 -6.250000000000003), (106.79999999999995 -6.350000000000002), (106.79999999999995 -6.3000000000000025), (106.79999999999995 -6.250000000000003), (106.84999999999997 -6.3000000000000025), (106.84999999999997 -6.250000000000003))",106.8083333333333,-6.283333333333336,1.046937745399752e-07,2018-01-01
121,JAKARTA SELATAN,1,2019,"MULTIPOINT ((106.74999999999996 -6.250000000000003), (106.79999999999995 -6.350000000000002), (106.79999999999995 -6.3000000000000025), (106.79999999999995 -6.250000000000003), (106.84999999999997 -6.3000000000000025), (106.84999999999997 -6.250000000000003))",106.8083333333333,-6.283333333333336,1.2903146953864976e-07,2019-01-01
122,JAKARTA SELATAN,1,2020,"MULTIPOINT ((106.74999999999996 -6.250000000000003), (106.79999999999995 -6.350000000000002), (106.79999999999995 -6.3000000000000025), (106.79999999999995 -6.250000000000003), (106.84999999999997 -6.3000000000000025), (106.84999999999997 -6.250000000000003))",106.8083333333333,-6.283333333333336,1.2664416741229657e-07,2020-01-01
123,JAKARTA SELATAN,1,2021,"MULTIPOINT ((106.74999999999996 -6.250000000000003), (106.79999999999995 -6.350000000000002), (106.79999999999995 -6.3000000000000025), (106.79999999999995 -6.250000000000003), (106.84999999999997 -6.3000000000000025), (106.84999999999997 -6.250000000000003))",106.8083333333333,-6.283333333333336,1.254201208518893e-07,2021-01-01
124,JAKARTA SELATAN,1,2022,"MULTIPOINT ((106.74999999999996 -6.250000000000003), (106.79999999999995 -6.350000000000002), (106.79999999999995 -6.3000000000000025), (106.79999999999995 -6.250000000000003), (106.84999999999997 -6.3000000000000025), (106.84999999999997 -6.250000000000003))",106.8083333333333,-6.283333333333336,1.3159888809048112e-07,2022-01-01
125,JAKARTA SELATAN,2,2018,"MULTIPOINT ((106.74999999999996 -6.250000000000003), (106.79999999999995 -6.350000000000002), (106.79999999999995 -6.3000000000000025), (106.79999999999995 -6.250000000000003), (106.84999999999997 -6.3000000000000025), (106.84999999999997 -6.250000000000003))",106.8083333333333,-6.283333333333336,1.258106473704198e-07,2018-02-01
126,JAKARTA SELATAN,2,2019,"MULTIPOINT ((106.74999999999996 -6.250000000000003), (106.79999999999995 -6.350000000000002), (106.79999999999995 -6.3000000000000025), (106.79999999999995 -6.250000000000003), (106.84999999999997 -6.3000000000000025), (106.84999999999997 -6.250000000000003))",106.8083333333333,-6.283333333333336,1.5083514709838705e-07,2019-02-01
127,JAKARTA SELATAN,2,2020,"MULTIPOINT ((106.74999999999996 -6.250000000000003), (106.79999999999995 -6.350000000000002), (106.79999999999995 -6.3000000000000025), (106.79999999999995 -6.250000000000003), (106.84999999999997 -6.3000000000000025), (106.84999999999997 -6.250000000000003))",106.8083333333333,-6.283333333333336,1.2423083135537653e-07,2020-02-01
128,JAKARTA SELATAN,2,2021,"MULTIPOINT ((106.74999999999996 -6.250000000000003), (106.79999999999995 -6.350000000000002), (106.79999999999995 -6.3000000000000025), (106.79999999999995 -6.250000000000003), (106.84999999999997 -6.3000000000000025), (106.84999999999997 -6.250000000000003))",106.8083333333333,-6.283333333333336,1.1855569147141857e-07,2021-02-01
129,JAKARTA SELATAN,2,2022,"MULTIPOINT ((106.74999999999996 -6.250000000000003), (106.79999999999995 -6.350000000000002), (106.79999999999995 -6.3000000000000025), (106.79999999999995 -6.250000000000003), (106.84999999999997 -6.3000000000000025), (106.84999999999997 -6.250000000000003))",106.8083333333333,-6.283333333333336,1.3979077163976152e-07,2022-02-01
130,JAKARTA SELATAN,3,2018,"MULTIPOINT ((106.74999999999996 -6.250000000000003), (106.79999999999995 -6.350000000000002), (106.79999999999995 -6.3000000000000025), (106.79999999999995 -6.250000000000003), (106.84999999999997 -6.3000000000000025), (106.84999999999997 -6.250000000000003))",106.8083333333333,-6.283333333333336,1.4485817837842904e-07,2018-03-01
131,JAKARTA SELATAN,3,2019,"MULTIPOINT ((106.74999999999996 -6.250000000000003), (106.79999999999995 -6.350000000000002), (106.79999999999995 -6.3000000000000025), (106.79999999999995 -6.250000000000003), (106.84999999999997 -6.3000000000000025), (106.84999999999997 -6.250000000000003))",106.8083333333333,-6.283333333333336,1.4826746854712456e-07,2019-03-01
132,JAKARTA SELATAN,3,2020,"MULTIPOINT ((106.74999999999996 -6.250000000000003), (106.79999999999995 -6.350000000000002), (106.79999999999995 -6.3000000000000025), (106.79999999999995 -6.250000000000003), (106.84999999999997 -6.3000000000000025), (106.84999999999997 -6.250000000000003))",106.8083333333333,-6.283333333333336,1.5121538072075198e-07,2020-03-01
133,JAKARTA SELATAN,3,2021,"MULTIPOINT ((106.74999999999996 -6.250000000000003), (106.79999999999995 -6.350000000000002), (106.79999999999995 -6.3000000000000025), (106.79999999999995 -6.250000000000003), (106.84999999999997 -6.3000000000000025), (106.84999999999997 -6.250000000000003))",106.8083333333333,-6.283333333333336,1.4904915746812402e-07,2021-03-01
134,JAKARTA SELATAN,3,2022,"MULTIPOINT ((106.74999999999996 -6.250000000000003), (106.79999999999995 -6.350000000000002), (106.79999999999995 -6.3000000000000025), (106.79999999999995 -6.250000000000003), (106.84999999999997 -6.3000000000000025), (106.84999999999997 -6.250000000000003))",106.8083333333333,-6.283333333333336,1.563177904151611e-07,2022-03-01
135,JAKARTA SELATAN,4,2018,"MULTIPOINT ((106.74999999999996 -6.250000000000003), (106.79999999999995 -6.350000000000002), (106.79999999999995 -6.3000000000000025), (106.79999999999995 -6.250000000000003), (106.84999999999997 -6.3000000000000025), (106.84999999999997 -6.250000000000003))",106.8083333333333,-6.283333333333336,1.9912215553456464e-07,2018-04-01
136,JAKARTA SELATAN,4,2019,"MULTIPOINT ((106.74999999999996 -6.250000000000003), (106.79999999999995 -6.350000000000002), (106.79999999999995 -6.3000000000000025), (106.79999999999995 -6.250000000000003), (106.84999999999997 -6.3000000000000025), (106.84999999999997 -6.250000000000003))",106.8083333333333,-6.283333333333336,1.8080410928433878e-07,2019-04-01
137,JAKARTA SELATAN,4,2020,"MULTIPOINT ((106.74999999999996 -6.250000000000003), (106.79999999999995 -6.350000000000002), (106.79999999999995 -6.3000000000000025), (106.79999999999995 -6.250000000000003), (106.84999999999997 -6.3000000000000025), (106.84999999999997 -6.250000000000003))",106.8083333333333,-6.283333333333336,1.656250434578515e-07,2020-04-01
138,JAKARTA SELATAN,4,2021,"MULTIPOINT ((106.74999999999996 -6.250000000000003), (106.79999999999995 -6.350000000000002), (106.79999999999995 -6.3000000000000025), (106.79999999999995 -6.250000000000003), (106.84999999999997 -6.3000000000000025), (106.84999999999997 -6.250000000000003))",106.8083333333333,-6.283333333333336,1.9233110843212397e-07,2021-04-01
139,JAKARTA SELATAN,4,2022,"MULTIPOINT ((106.74999999999996 -6.250000000000003), (106.79999999999995 -6.350000000000002), (106.79999999999995 -6.3000000000000025), (106.79999999999995 -6.250000000000003), (106.84999999999997 -6.3000000000000025), (106.84999999999997 -6.250000000000003))",106.8083333333333,-6.283333333333336,1.70312834028389e-07,2022-04-01
140,JAKARTA SELATAN,5,2018,"MULTIPOINT ((106.74999999999996 -6.250000000000003), (106.79999999999995 -6.350000000000002), (106.79999999999995 -6.3000000000000025), (106.79999999999995 -6.250000000000003), (106.84999999999997 -6.3000000000000025), (106.84999999999997 -6.250000000000003))",106.8083333333333,-6.283333333333336,2.2159159233463065e-07,2018-05-01
141,JAKARTA SELATAN,5,2019,"MULTIPOINT ((106.74999999999996 -6.250000000000003), (106.79999999999995 -6.350000000000002), (106.79999999999995 -6.3000000000000025), (106.79999999999995 -6.250000000000003), (106.84999999999997 -6.3000000000000025), (106.84999999999997 -6.250000000000003))",106.8083333333333,-6.283333333333336,2.0038698275530181e-07,2019-05-01
142,JAKARTA SELATAN,5,2020,"MULTIPOINT ((106.74999999999996 -6.250000000000003), (106.79999999999995 -6.350000000000002), (106.79999999999995 -6.3000000000000025), (106.79999999999995 -6.250000000000003), (106.84999999999997 -6.3000000000000025), (106.84999999999997 -6.250000000000003))",106.8083333333333,-6.283333333333336,1.812610532632906e-07,2020-05-01
143,JAKARTA SELATAN,5,2021,"MULTIPOINT ((106.74999999999996 -6.250000000000003), (106.79999999999995 -6.350000000000002), (106.79999999999995 -6.3000000000000025), (106.79999999999995 -6.250000000000003), (106.84999999999997 -6.3000000000000025), (106.84999999999997 -6.250000000000003))",106.8083333333333,-6.283333333333336,2.0790547088367572e-07,2021-05-01
144,JAKARTA SELATAN,5,2022,"MULTIPOINT ((106.74999999999996 -6.250000000000003), (106.79999999999995 -6.350000000000002), (106.79999999999995 -6.3000000000000025), (106.79999999999995 -6.250000000000003), (106.84999999999997 -6.3000000000000025), (106.84999999999997 -6.250000000000003))",106.8083333333333,-6.283333333333336,1.8836491192016606e-07,2022-05-01
145,JAKARTA SELATAN,6,2018,"MULTIPOINT ((106.74999999999996 -6.250000000000003), (106.79999999999995 -6.350000000000002), (106.79999999999995 -6.3000000000000025), (106.79999999999995 -6.250000000000003), (106.84999999999997 -6.3000000000000025), (106.84999999999997 -6.250000000000003))",106.8083333333333,-6.283333333333336,2.2350698851703296e-07,2018-06-01
146,JAKARTA SELATAN,6,2019,"MULTIPOINT ((106.74999999999996 -6.250000000000003), (106.79999999999995 -6.350000000000002), (106.79999999999995 -6.3000000000000025), (106.79999999999995 -6.250000000000003), (106.84999999999997 -6.3000000000000025), (106.84999999999997 -6.250000000000003))",106.8083333333333,-6.283333333333336,2.0954784193764705e-07,2019-06-01
147,JAKARTA SELATAN,6,2020,"MULTIPOINT ((106.74999999999996 -6.250000000000003), (106.79999999999995 -6.350000000000002), (106.79999999999995 -6.3000000000000025), (106.79999999999995 -6.250000000000003), (106.84999999999997 -6.3000000000000025), (106.84999999999997 -6.250000000000003))",106.8083333333333,-6.283333333333336,1.9192907364148192e-07,2020-06-01
148,JAKARTA SELATAN,6,2021,"MULTIPOINT ((106.74999999999996 -6.250000000000003), (106.79999999999995 -6.350000000000002), (106.79999999999995 -6.3000000000000025), (106.79999999999995 -6.250000000000003), (106.84999999999997 -6.3000000000000025), (106.84999999999997 -6.250000000000003))",106.8083333333333,-6.283333333333336,1.9207425088948244e-07,2021-06-01
149,JAKARTA SELATAN,6,2022,"MULTIPOINT ((106.74999999999996 -6.250000000000003), (106.79999999999995 -6.350000000000002), (106.79999999999995 -6.3000000000000025), (106.79999999999995 -6.250000000000003), (106.84999999999997 -6.3000000000000025), (106.84999999999997 -6.250000000000003))",106.8083333333333,-6.283333333333336,2.037161425253835e-07,2022-06-01
150,JAKARTA SELATAN,7,2018,"MULTIPOINT ((106.74999999999996 -6.250000000000003), (106.79999999999995 -6.350000000000002), (106.79999999999995 -6.3000000000000025), (106.79999999999995 -6.250000000000003), (106.84999999999997 -6.3000000000000025), (106.84999999999997 -6.250000000000003))",106.8083333333333,-6.283333333333336,2.239333879439117e-07,2018-07-01
151,JAKARTA SELATAN,7,2019,"MULTIPOINT ((106.74999999999996 -6.250000000000003), (106.79999999999995 -6.350000000000002), (106.79999999999995 -6.3000000000000025), (106.79999999999995 -6.250000000000003), (106.84999999999997 -6.3000000000000025), (106.84999999999997 -6.250000000000003))",106.8083333333333,-6.283333333333336,1.7638828921177663e-07,2019-07-01
152,JAKARTA SELATAN,7,2020,"MULTIPOINT ((106.74999999999996 -6.250000000000003), (106.79999999999995 -6.350000000000002), (106.79999999999995 -6.3000000000000025), (106.79999999999995 -6.250000000000003), (106.84999999999997 -6.3000000000000025), (106.84999999999997 -6.250000000000003))",106.8083333333333,-6.283333333333336,1.958791135958674e-07,2020-07-01
153,JAKARTA SELATAN,7,2021,"MULTIPOINT ((106.74999999999996 -6.250000000000003), (106.79999999999995 -6.350000000000002), (106.79999999999995 -6.3000000000000025), (106.79999999999995 -6.250000000000003), (106.84999999999997 -6.3000000000000025), (106.84999999999997 -6.250000000000003))",106.8083333333333,-6.283333333333336,2.0306226498808453e-07,2021-07-01
154,JAKARTA SELATAN,7,2022,"MULTIPOINT ((106.74999999999996 -6.250000000000003), (106.79999999999995 -6.350000000000002), (106.79999999999995 -6.3000000000000025), (106.79999999999995 -6.250000000000003), (106.84999999999997 -6.3000000000000025), (106.84999999999997 -6.250000000000003))",106.8083333333333,-6.283333333333336,2.0398359463769356e-07,2022-07-01
155,JAKARTA SELATAN,8,2018,"MULTIPOINT ((106.74999999999996 -6.250000000000003), (106.79999999999995 -6.350000000000002), (106.79999999999995 -6.3000000000000025), (106.79999999999995 -6.250000000000003), (106.84999999999997 -6.3000000000000025), (106.84999999999997 -6.250000000000003))",106.8083333333333,-6.283333333333336,1.8219405593840973e-07,2018-08-01
156,JAKARTA SELATAN,8,2019,"MULTIPOINT ((106.74999999999996 -6.250000000000003), (106.79999999999995 -6.350000000000002), (106.79999999999995 -6.3000000000000025), (106.79999999999995 -6.250000000000003), (106.84999999999997 -6.3000000000000025), (106.84999999999997 -6.250000000000003))",106.8083333333333,-6.283333333333336,1.7287052571646368e-07,2019-08-01
157,JAKARTA SELATAN,8,2020,"MULTIPOINT ((106.74999999999996 -6.250000000000003), (106.79999999999995 -6.350000000000002), (106.79999999999995 -6.3000000000000025), (106.79999999999995 -6.250000000000003), (106.84999999999997 -6.3000000000000025), (106.84999999999997 -6.250000000000003))",106.8083333333333,-6.283333333333336,1.8524256605682667e-07,2020-08-01
158,JAKARTA SELATAN,8,2021,"MULTIPOINT ((106.74999999999996 -6.250000000000003), (106.79999999999995 -6.350000000000002), (106.79999999999995 -6.3000000000000025), (106.79999999999995 -6.250000000000003), (106.84999999999997 -6.3000000000000025), (106.84999999999997 -6.250000000000003))",106.8083333333333,-6.283333333333336,2.024616707470778e-07,2021-08-01
159,JAKARTA SELATAN,8,2022,"MULTIPOINT ((106.74999999999996 -6.250000000000003), (106.79999999999995 -6.350000000000002), (106.79999999999995 -6.3000000000000025), (106.79999999999995 -6.250000000000003), (106.84999999999997 -6.3000000000000025), (106.84999999999997 -6.250000000000003))",106.8083333333333,-6.283333333333336,2.0853611283715013e-07,2022-08-01
160,JAKARTA SELATAN,9,2018,"MULTIPOINT ((106.74999999999996 -6.250000000000003), (106.79999999999995 -6.350000000000002), (106.79999999999995 -6.3000000000000025), (106.79999999999995 -6.250000000000003), (106.84999999999997 -6.3000000000000025), (106.84999999999997 -6.250000000000003))",106.8083333333333,-6.283333333333336,1.8954405489231893e-07,2018-09-01
161,JAKARTA SELATAN,9,2019,"MULTIPOINT ((106.74999999999996 -6.250000000000003), (106.79999999999995 -6.350000000000002), (106.79999999999995 -6.3000000000000025), (106.79999999999995 -6.250000000000003), (106.84999999999997 -6.3000000000000025), (106.84999999999997 -6.250000000000003))",106.8083333333333,-6.283333333333336,1.7060413567230834e-07,2019-09-01
162,JAKARTA SELATAN,9,2020,"MULTIPOINT ((106.74999999999996 -6.250000000000003), (106.79999999999995 -6.350000000000002), (106.79999999999995 -6.3000000000000025), (106.79999999999995 -6.250000000000003), (106.84999999999997 -6.3000000000000025), (106.84999999999997 -6.250000000000003))",106.8083333333333,-6.283333333333336,1.7258304550645618e-07,2020-09-01
163,JAKARTA SELATAN,9,2021,"MULTIPOINT ((106.74999999999996 -6.250000000000003), (106.79999999999995 -6.350000000000002), (106.79999999999995 -6.3000000000000025), (106.79999999999995 -6.250000000000003), (106.84999999999997 -6.3000000000000025), (106.84999999999997 -6.250000000000003))",106.8083333333333,-6.283333333333336,1.8146792418923646e-07,2021-09-01
164,JAKARTA SELATAN,9,2022,"MULTIPOINT ((106.74999999999996 -6.250000000000003), (106.79999999999995 -6.350000000000002), (106.79999999999995 -6.3000000000000025), (106.79999999999995 -6.250000000000003), (106.84999999999997 -6.3000000000000025), (106.84999999999997 -6.250000000000003))",106.8083333333333,-6.283333333333336,2.0294579933244522e-07,2022-09-01
165,JAKARTA SELATAN,10,2018,"MULTIPOINT ((106.74999999999996 -6.250000000000003), (106.79999999999995 -6.350000000000002), (106.79999999999995 -6.3000000000000025), (106.79999999999995 -6.250000000000003), (106.84999999999997 -6.3000000000000025), (106.84999999999997 -6.250000000000003))",106.8083333333333,-6.283333333333336,1.882268705122323e-07,2018-10-01
166,JAKARTA SELATAN,10,2019,"MULTIPOINT ((106.74999999999996 -6.250000000000003), (106.79999999999995 -6.350000000000002), (106.79999999999995 -6.3000000000000025), (106.79999999999995 -6.250000000000003), (106.84999999999997 -6.3000000000000025), (106.84999999999997 -6.250000000000003))",106.8083333333333,-6.283333333333336,1.854533201968909e-07,2019-10-01
167,JAKARTA SELATAN,10,2020,"MULTIPOINT ((106.74999999999996 -6.250000000000003), (106.79999999999995 -6.350000000000002), (106.79999999999995 -6.3000000000000025), (106.79999999999995 -6.250000000000003), (106.84999999999997 -6.3000000000000025), (106.84999999999997 -6.250000000000003))",106.8083333333333,-6.283333333333336,1.7892851580381226e-07,2020-10-01
168,JAKARTA SELATAN,10,2021,"MULTIPOINT ((106.74999999999996 -6.250000000000003), (106.79999999999995 -6.350000000000002), (106.79999999999995 -6.3000000000000025), (106.79999999999995 -6.250000000000003), (106.84999999999997 -6.3000000000000025), (106.84999999999997 -6.250000000000003))",106.8083333333333,-6.283333333333336,1.8929582825122472e-07,2021-10-01
169,JAKARTA SELATAN,10,2022,"MULTIPOINT ((106.74999999999996 -6.250000000000003), (106.79999999999995 -6.350000000000002), (106.79999999999995 -6.3000000000000025), (106.79999999999995 -6.250000000000003), (106.84999999999997 -6.3000000000000025), (106.84999999999997 -6.250000000000003))",106.8083333333333,-6.283333333333336,1.6141314537939253e-07,2022-10-01
170,JAKARTA SELATAN,11,2018,"MULTIPOINT ((106.74999999999996 -6.250000000000003), (106.79999999999995 -6.350000000000002), (106.79999999999995 -6.3000000000000025), (106.79999999999995 -6.250000000000003), (106.84999999999997 -6.3000000000000025), (106.84999999999997 -6.250000000000003))",106.8083333333333,-6.283333333333336,1.8468624797818339e-07,2018-11-01
171,JAKARTA SELATAN,11,2019,"MULTIPOINT ((106.74999999999996 -6.250000000000003), (106.79999999999995 -6.350000000000002), (106.79999999999995 -6.3000000000000025), (106.79999999999995 -6.250000000000003), (106.84999999999997 -6.3000000000000025), (106.84999999999997 -6.250000000000003))",106.8083333333333,-6.283333333333336,1.6685360678299807e-07,2019-11-01
172,JAKARTA SELATAN,11,2020,"MULTIPOINT ((106.74999999999996 -6.250000000000003), (106.79999999999995 -6.350000000000002), (106.79999999999995 -6.3000000000000025), (106.79999999999995 -6.250000000000003), (106.84999999999997 -6.3000000000000025), (106.84999999999997 -6.250000000000003))",106.8083333333333,-6.283333333333336,1.5811822655642572e-07,2020-11-01
173,JAKARTA SELATAN,11,2021,"MULTIPOINT ((106.74999999999996 -6.250000000000003), (106.79999999999995 -6.350000000000002), (106.79999999999995 -6.3000000000000025), (106.79999999999995 -6.250000000000003), (106.84999999999997 -6.3000000000000025), (106.84999999999997 -6.250000000000003))",106.8083333333333,-6.283333333333336,1.3157827619680777e-07,2021-11-01
174,JAKARTA SELATAN,11,2022,"MULTIPOINT ((106.74999999999996 -6.250000000000003), (106.79999999999995 -6.350000000000002), (106.79999999999995 -6.3000000000000025), (106.79999999999995 -6.250000000000003), (106.84999999999997 -6.3000000000000025), (106.84999999999997 -6.250000000000003))",106.8083333333333,-6.283333333333336,1.5047207396756613e-07,2022-11-01
175,JAKARTA SELATAN,12,2018,"MULTIPOINT ((106.74999999999996 -6.250000000000003), (106.79999999999995 -6.350000000000002), (106.79999999999995 -6.3000000000000025), (106.79999999999995 -6.250000000000003), (106.84999999999997 -6.3000000000000025), (106.84999999999997 -6.250000000000003))",106.8083333333333,-6.283333333333336,1.3378324550394812e-07,2018-12-01
176,JAKARTA SELATAN,12,2019,"MULTIPOINT ((106.74999999999996 -6.250000000000003), (106.79999999999995 -6.350000000000002), (106.79999999999995 -6.3000000000000025), (106.79999999999995 -6.250000000000003), (106.84999999999997 -6.3000000000000025), (106.84999999999997 -6.250000000000003))",106.8083333333333,-6.283333333333336,1.6030251577259264e-07,2019-12-01
177,JAKARTA SELATAN,12,2020,"MULTIPOINT ((106.74999999999996 -6.250000000000003), (106.79999999999995 -6.350000000000002), (106.79999999999995 -6.3000000000000025), (106.79999999999995 -6.250000000000003), (106.84999999999997 -6.3000000000000025), (106.84999999999997 -6.250000000000003))",106.8083333333333,-6.283333333333336,9.598500425311704e-08,2020-12-01
178,JAKARTA SELATAN,12,2021,"MULTIPOINT ((106.74999999999996 -6.250000000000003), (106.79999999999995 -6.350000000000002), (106.79999999999995 -6.3000000000000025), (106.79999999999995 -6.250000000000003), (106.84999999999997 -6.3000000000000025), (106.84999999999997 -6.250000000000003))",106.8083333333333,-6.283333333333336,1.3710314277816744e-07,2021-12-01
179,JAKARTA SELATAN,12,2022,"MULTIPOINT ((106.74999999999996 -6.250000000000003), (106.79999999999995 -6.350000000000002), (106.79999999999995 -6.3000000000000025), (106.79999999999995 -6.250000000000003), (106.84999999999997 -6.3000000000000025), (106.84999999999997 -6.250000000000003))",106.8083333333333,-6.283333333333336,1.248394510655604e-07,2022-12-01
180,JAKARTA TIMUR,1,2018,"MULTIPOINT ((106.89999999999996 -6.350000000000002), (106.89999999999996 -6.3000000000000025), (106.89999999999996 -6.250000000000003), (106.89999999999996 -6.200000000000003), (106.94999999999996 -6.200000000000003))",106.90999999999997,-6.2600000000000025,1.0689879224079338e-07,2018-01-01
181,JAKARTA TIMUR,1,2019,"MULTIPOINT ((106.89999999999996 -6.350000000000002), (106.89999999999996 -6.3000000000000025), (106.89999999999996 -6.250000000000003), (106.89999999999996 -6.200000000000003), (106.94999999999996 -6.200000000000003))",106.90999999999997,-6.2600000000000025,1.2803373762437757e-07,2019-01-01
182,JAKARTA TIMUR,1,2020,"MULTIPOINT ((106.89999999999996 -6.350000000000002), (106.89999999999996 -6.3000000000000025), (106.89999999999996 -6.250000000000003), (106.89999999999996 -6.200000000000003), (106.94999999999996 -6.200000000000003))",106.90999999999997,-6.2600000000000025,1.2473766115661552e-07,2020-01-01
183,JAKARTA TIMUR,1,2021,"MULTIPOINT ((106.89999999999996 -6.350000000000002), (106.89999999999996 -6.3000000000000025), (106.89999999999996 -6.250000000000003), (106.89999999999996 -6.200000000000003), (106.94999999999996 -6.200000000000003))",106.90999999999997,-6.2600000000000025,1.2424830037716095e-07,2021-01-01
184,JAKARTA TIMUR,1,2022,"MULTIPOINT ((106.89999999999996 -6.350000000000002), (106.89999999999996 -6.3000000000000025), (106.89999999999996 -6.250000000000003), (106.89999999999996 -6.200000000000003), (106.94999999999996 -6.200000000000003))",106.90999999999997,-6.2600000000000025,1.3146550023179708e-07,2022-01-01
185,JAKARTA TIMUR,2,2018,"MULTIPOINT ((106.89999999999996 -6.350000000000002), (106.89999999999996 -6.3000000000000025), (106.89999999999996 -6.250000000000003), (106.89999999999996 -6.200000000000003), (106.94999999999996 -6.200000000000003))",106.90999999999997,-6.2600000000000025,1.2519951647149658e-07,2018-02-01
186,JAKARTA TIMUR,2,2019,"MULTIPOINT ((106.89999999999996 -6.350000000000002), (106.89999999999996 -6.3000000000000025), (106.89999999999996 -6.250000000000003), (106.89999999999996 -6.200000000000003), (106.94999999999996 -6.200000000000003))",106.90999999999997,-6.2600000000000025,1.4567793176922956e-07,2019-02-01
187,JAKARTA TIMUR,2,2020,"MULTIPOINT ((106.89999999999996 -6.350000000000002), (106.89999999999996 -6.3000000000000025), (106.89999999999996 -6.250000000000003), (106.89999999999996 -6.200000000000003), (106.94999999999996 -6.200000000000003))",106.90999999999997,-6.2600000000000025,1.2140851046993422e-07,2020-02-01
188,JAKARTA TIMUR,2,2021,"MULTIPOINT ((106.89999999999996 -6.350000000000002), (106.89999999999996 -6.3000000000000025), (106.89999999999996 -6.250000000000003), (106.89999999999996 -6.200000000000003), (106.94999999999996 -6.200000000000003))",106.90999999999997,-6.2600000000000025,1.1724283156766549e-07,2021-02-01
189,JAKARTA TIMUR,2,2022,"MULTIPOINT ((106.89999999999996 -6.350000000000002), (106.89999999999996 -6.3000000000000025), (106.89999999999996 -6.250000000000003), (106.89999999999996 -6.200000000000003), (106.94999999999996 -6.200000000000003))",106.90999999999997,-6.2600000000000025,1.3854649227695843e-07,2022-02-01
190,JAKARTA TIMUR,3,2018,"MULTIPOINT ((106.89999999999996 -6.350000000000002), (106.89999999999996 -6.3000000000000025), (106.89999999999996 -6.250000000000003), (106.89999999999996 -6.200000000000003), (106.94999999999996 -6.200000000000003))",106.90999999999997,-6.2600000000000025,1.441759624576372e-07,2018-03-01
191,JAKARTA TIMUR,3,2019,"MULTIPOINT ((106.89999999999996 -6.350000000000002), (106.89999999999996 -6.3000000000000025), (106.89999999999996 -6.250000000000003), (106.89999999999996 -6.200000000000003), (106.94999999999996 -6.200000000000003))",106.90999999999997,-6.2600000000000025,1.467586207084535e-07,2019-03-01
192,JAKARTA TIMUR,3,2020,"MULTIPOINT ((106.89999999999996 -6.350000000000002), (106.89999999999996 -6.3000000000000025), (106.89999999999996 -6.250000000000003), (106.89999999999996 -6.200000000000003), (106.94999999999996 -6.200000000000003))",106.90999999999997,-6.2600000000000025,1.4811671616143996e-07,2020-03-01
193,JAKARTA TIMUR,3,2021,"MULTIPOINT ((106.89999999999996 -6.350000000000002), (106.89999999999996 -6.3000000000000025), (106.89999999999996 -6.250000000000003), (106.89999999999996 -6.200000000000003), (106.94999999999996 -6.200000000000003))",106.90999999999997,-6.2600000000000025,1.4787059811993657e-07,2021-03-01
194,JAKARTA TIMUR,3,2022,"MULTIPOINT ((106.89999999999996 -6.350000000000002), (106.89999999999996 -6.3000000000000025), (106.89999999999996 -6.250000000000003), (106.89999999999996 -6.200000000000003), (106.94999999999996 -6.200000000000003))",106.90999999999997,-6.2600000000000025,1.5628466158246124e-07,2022-03-01
195,JAKARTA TIMUR,4,2018,"MULTIPOINT ((106.89999999999996 -6.350000000000002), (106.89999999999996 -6.3000000000000025), (106.89999999999996 -6.250000000000003), (106.89999999999996 -6.200000000000003), (106.94999999999996 -6.200000000000003))",106.90999999999997,-6.2600000000000025,1.9019060088254794e-07,2018-04-01
196,JAKARTA TIMUR,4,2019,"MULTIPOINT ((106.89999999999996 -6.350000000000002), (106.89999999999996 -6.3000000000000025), (106.89999999999996 -6.250000000000003), (106.89999999999996 -6.200000000000003), (106.94999999999996 -6.200000000000003))",106.90999999999997,-6.2600000000000025,1.7538353823454294e-07,2019-04-01
197,JAKARTA TIMUR,4,2020,"MULTIPOINT ((106.89999999999996 -6.350000000000002), (106.89999999999996 -6.3000000000000025), (106.89999999999996 -6.250000000000003), (106.89999999999996 -6.200000000000003), (106.94999999999996 -6.200000000000003))",106.90999999999997,-6.2600000000000025,1.6085443009217343e-07,2020-04-01
198,JAKARTA TIMUR,4,2021,"MULTIPOINT ((106.89999999999996 -6.350000000000002), (106.89999999999996 -6.3000000000000025), (106.89999999999996 -6.250000000000003), (106.89999999999996 -6.200000000000003), (106.94999999999996 -6.200000000000003))",106.90999999999997,-6.2600000000000025,1.8762754293533256e-07,2021-04-01
199,JAKARTA TIMUR,4,2022,"MULTIPOINT ((106.89999999999996 -6.350000000000002), (106.89999999999996 -6.3000000000000025), (106.89999999999996 -6.250000000000003), (106.89999999999996 -6.200000000000003), (106.94999999999996 -6.200000000000003))",106.90999999999997,-6.2600000000000025,1.6733012847325363e-07,2022-04-01
200,JAKARTA TIMUR,5,2018,"MULTIPOINT ((106.89999999999996 -6.350000000000002), (106.89999999999996 -6.3000000000000025), (106.89999999999996 -6.250000000000003), (106.89999999999996 -6.200000000000003), (106.94999999999996 -6.200000000000003))",106.90999999999997,-6.2600000000000025,2.1117520439162627e-07,2018-05-01
201,JAKARTA TIMUR,5,2019,"MULTIPOINT ((106.89999999999996 -6.350000000000002), (106.89999999999996 -6.3000000000000025), (106.89999999999996 -6.250000000000003), (106.89999999999996 -6.200000000000003), (106.94999999999996 -6.200000000000003))",106.90999999999997,-6.2600000000000025,1.9158536783692479e-07,2019-05-01
202,JAKARTA TIMUR,5,2020,"MULTIPOINT ((106.89999999999996 -6.350000000000002), (106.89999999999996 -6.3000000000000025), (106.89999999999996 -6.250000000000003), (106.89999999999996 -6.200000000000003), (106.94999999999996 -6.200000000000003))",106.90999999999997,-6.2600000000000025,1.7403243826663817e-07,2020-05-01
203,JAKARTA TIMUR,5,2021,"MULTIPOINT ((106.89999999999996 -6.350000000000002), (106.89999999999996 -6.3000000000000025), (106.89999999999996 -6.250000000000003), (106.89999999999996 -6.200000000000003), (106.94999999999996 -6.200000000000003))",106.90999999999997,-6.2600000000000025,1.985625174398852e-07,2021-05-01
204,JAKARTA TIMUR,5,2022,"MULTIPOINT ((106.89999999999996 -6.350000000000002), (106.89999999999996 -6.3000000000000025), (106.89999999999996 -6.250000000000003), (106.89999999999996 -6.200000000000003), (106.94999999999996 -6.200000000000003))",106.90999999999997,-6.2600000000000025,1.8265466006539722e-07,2022-05-01
205,JAKARTA TIMUR,6,2018,"MULTIPOINT ((106.89999999999996 -6.350000000000002), (106.89999999999996 -6.3000000000000025), (106.89999999999996 -6.250000000000003), (106.89999999999996 -6.200000000000003), (106.94999999999996 -6.200000000000003))",106.90999999999997,-6.2600000000000025,2.1277359140725987e-07,2018-06-01
206,JAKARTA TIMUR,6,2019,"MULTIPOINT ((106.89999999999996 -6.350000000000002), (106.89999999999996 -6.3000000000000025), (106.89999999999996 -6.250000000000003), (106.89999999999996 -6.200000000000003), (106.94999999999996 -6.200000000000003))",106.90999999999997,-6.2600000000000025,1.9892405283173227e-07,2019-06-01
207,JAKARTA TIMUR,6,2020,"MULTIPOINT ((106.89999999999996 -6.350000000000002), (106.89999999999996 -6.3000000000000025), (106.89999999999996 -6.250000000000003), (106.89999999999996 -6.200000000000003), (106.94999999999996 -6.200000000000003))",106.90999999999997,-6.2600000000000025,1.8308194521665968e-07,2020-06-01
208,JAKARTA TIMUR,6,2021,"MULTIPOINT ((106.89999999999996 -6.350000000000002), (106.89999999999996 -6.3000000000000025), (106.89999999999996 -6.250000000000003), (106.89999999999996 -6.200000000000003), (106.94999999999996 -6.200000000000003))",106.90999999999997,-6.2600000000000025,1.8417466369413928e-07,2021-06-01
209,JAKARTA TIMUR,6,2022,"MULTIPOINT ((106.89999999999996 -6.350000000000002), (106.89999999999996 -6.3000000000000025), (106.89999999999996 -6.250000000000003), (106.89999999999996 -6.200000000000003), (106.94999999999996 -6.200000000000003))",106.90999999999997,-6.2600000000000025,1.965249202839937e-07,2022-06-01
210,JAKARTA TIMUR,7,2018,"MULTIPOINT ((106.89999999999996 -6.350000000000002), (106.89999999999996 -6.3000000000000025), (106.89999999999996 -6.250000000000003), (106.89999999999996 -6.200000000000003), (106.94999999999996 -6.200000000000003))",106.90999999999997,-6.2600000000000025,2.1224535952058434e-07,2018-07-01
211,JAKARTA TIMUR,7,2019,"MULTIPOINT ((106.89999999999996 -6.350000000000002), (106.89999999999996 -6.3000000000000025), (106.89999999999996 -6.250000000000003), (106.89999999999996 -6.200000000000003), (106.94999999999996 -6.200000000000003))",106.90999999999997,-6.2600000000000025,1.6787735251000732e-07,2019-07-01
212,JAKARTA TIMUR,7,2020,"MULTIPOINT ((106.89999999999996 -6.350000000000002), (106.89999999999996 -6.3000000000000025), (106.89999999999996 -6.250000000000003), (106.89999999999996 -6.200000000000003), (106.94999999999996 -6.200000000000003))",106.90999999999997,-6.2600000000000025,1.857607256354792e-07,2020-07-01
213,JAKARTA TIMUR,7,2021,"MULTIPOINT ((106.89999999999996 -6.350000000000002), (106.89999999999996 -6.3000000000000025), (106.89999999999996 -6.250000000000003), (106.89999999999996 -6.200000000000003), (106.94999999999996 -6.200000000000003))",106.90999999999997,-6.2600000000000025,1.918500036453039e-07,2021-07-01
214,JAKARTA TIMUR,7,2022,"MULTIPOINT ((106.89999999999996 -6.350000000000002), (106.89999999999996 -6.3000000000000025), (106.89999999999996 -6.250000000000003), (106.89999999999996 -6.200000000000003), (106.94999999999996 -6.200000000000003))",106.90999999999997,-6.2600000000000025,1.939184561763377e-07,2022-07-01
215,JAKARTA TIMUR,8,2018,"MULTIPOINT ((106.89999999999996 -6.350000000000002), (106.89999999999996 -6.3000000000000025), (106.89999999999996 -6.250000000000003), (106.89999999999996 -6.200000000000003), (106.94999999999996 -6.200000000000003))",106.90999999999997,-6.2600000000000025,1.7463262898953793e-07,2018-08-01
216,JAKARTA TIMUR,8,2019,"MULTIPOINT ((106.89999999999996 -6.350000000000002), (106.89999999999996 -6.3000000000000025), (106.89999999999996 -6.250000000000003), (106.89999999999996 -6.200000000000003), (106.94999999999996 -6.200000000000003))",106.90999999999997,-6.2600000000000025,1.6587121799816182e-07,2019-08-01
217,JAKARTA TIMUR,8,2020,"MULTIPOINT ((106.89999999999996 -6.350000000000002), (106.89999999999996 -6.3000000000000025), (106.89999999999996 -6.250000000000003), (106.89999999999996 -6.200000000000003), (106.94999999999996 -6.200000000000003))",106.90999999999997,-6.2600000000000025,1.7494274558771787e-07,2020-08-01
218,JAKARTA TIMUR,8,2021,"MULTIPOINT ((106.89999999999996 -6.350000000000002), (106.89999999999996 -6.3000000000000025), (106.89999999999996 -6.250000000000003), (106.89999999999996 -6.200000000000003), (106.94999999999996 -6.200000000000003))",106.90999999999997,-6.2600000000000025,1.9100063149224863e-07,2021-08-01
219,JAKARTA TIMUR,8,2022,"MULTIPOINT ((106.89999999999996 -6.350000000000002), (106.89999999999996 -6.3000000000000025), (106.89999999999996 -6.250000000000003), (106.89999999999996 -6.200000000000003), (106.94999999999996 -6.200000000000003))",106.90999999999997,-6.2600000000000025,1.964152014934986e-07,2022-08-01
220,JAKARTA TIMUR,9,2018,"MULTIPOINT ((106.89999999999996 -6.350000000000002), (106.89999999999996 -6.3000000000000025), (106.89999999999996 -6.250000000000003), (106.89999999999996 -6.200000000000003), (106.94999999999996 -6.200000000000003))",106.90999999999997,-6.2600000000000025,1.8231252020007022e-07,2018-09-01
221,JAKARTA TIMUR,9,2019,"MULTIPOINT ((106.89999999999996 -6.350000000000002), (106.89999999999996 -6.3000000000000025), (106.89999999999996 -6.250000000000003), (106.89999999999996 -6.200000000000003), (106.94999999999996 -6.200000000000003))",106.90999999999997,-6.2600000000000025,1.6415281569126766e-07,2019-09-01
222,JAKARTA TIMUR,9,2020,"MULTIPOINT ((106.89999999999996 -6.350000000000002), (106.89999999999996 -6.3000000000000025), (106.89999999999996 -6.250000000000003), (106.89999999999996 -6.200000000000003), (106.94999999999996 -6.200000000000003))",106.90999999999997,-6.2600000000000025,1.6506112114545174e-07,2020-09-01
223,JAKARTA TIMUR,9,2021,"MULTIPOINT ((106.89999999999996 -6.350000000000002), (106.89999999999996 -6.3000000000000025), (106.89999999999996 -6.250000000000003), (106.89999999999996 -6.200000000000003), (106.94999999999996 -6.200000000000003))",106.90999999999997,-6.2600000000000025,1.7290545316761874e-07,2021-09-01
224,JAKARTA TIMUR,9,2022,"MULTIPOINT ((106.89999999999996 -6.350000000000002), (106.89999999999996 -6.3000000000000025), (106.89999999999996 -6.250000000000003), (106.89999999999996 -6.200000000000003), (106.94999999999996 -6.200000000000003))",106.90999999999997,-6.2600000000000025,1.9477358395825511e-07,2022-09-01
225,JAKARTA TIMUR,10,2018,"MULTIPOINT ((106.89999999999996 -6.350000000000002), (106.89999999999996 -6.3000000000000025), (106.89999999999996 -6.250000000000003), (106.89999999999996 -6.200000000000003), (106.94999999999996 -6.200000000000003))",106.90999999999997,-6.2600000000000025,1.8284290005699163e-07,2018-10-01
226,JAKARTA TIMUR,10,2019,"MULTIPOINT ((106.89999999999996 -6.350000000000002), (106.89999999999996 -6.3000000000000025), (106.89999999999996 -6.250000000000003), (106.89999999999996 -6.200000000000003), (106.94999999999996 -6.200000000000003))",106.90999999999997,-6.2600000000000025,1.8021590868144927e-07,2019-10-01
227,JAKARTA TIMUR,10,2020,"MULTIPOINT ((106.89999999999996 -6.350000000000002), (106.89999999999996 -6.3000000000000025), (106.89999999999996 -6.250000000000003), (106.89999999999996 -6.200000000000003), (106.94999999999996 -6.200000000000003))",106.90999999999997,-6.2600000000000025,1.729447513296756e-07,2020-10-01
228,JAKARTA TIMUR,10,2021,"MULTIPOINT ((106.89999999999996 -6.350000000000002), (106.89999999999996 -6.3000000000000025), (106.89999999999996 -6.250000000000003), (106.89999999999996 -6.200000000000003), (106.94999999999996 -6.200000000000003))",106.90999999999997,-6.2600000000000025,1.8287909168069004e-07,2021-10-01
229,JAKARTA TIMUR,10,2022,"MULTIPOINT ((106.89999999999996 -6.350000000000002), (106.89999999999996 -6.3000000000000025), (106.89999999999996 -6.250000000000003), (106.89999999999996 -6.200000000000003), (106.94999999999996 -6.200000000000003))",106.90999999999997,-6.2600000000000025,1.5869839088500424e-07,2022-10-01
230,JAKARTA TIMUR,11,2018,"MULTIPOINT ((106.89999999999996 -6.350000000000002), (106.89999999999996 -6.3000000000000025), (106.89999999999996 -6.250000000000003), (106.89999999999996 -6.200000000000003), (106.94999999999996 -6.200000000000003))",106.90999999999997,-6.2600000000000025,1.7981008102441337e-07,2018-11-01
231,JAKARTA TIMUR,11,2019,"MULTIPOINT ((106.89999999999996 -6.350000000000002), (106.89999999999996 -6.3000000000000025), (106.89999999999996 -6.250000000000003), (106.89999999999996 -6.200000000000003), (106.94999999999996 -6.200000000000003))",106.90999999999997,-6.2600000000000025,1.6455540837334666e-07,2019-11-01
232,JAKARTA TIMUR,11,2020,"MULTIPOINT ((106.89999999999996 -6.350000000000002), (106.89999999999996 -6.3000000000000025), (106.89999999999996 -6.250000000000003), (106.89999999999996 -6.200000000000003), (106.94999999999996 -6.200000000000003))",106.90999999999997,-6.2600000000000025,1.53535638938608e-07,2020-11-01
233,JAKARTA TIMUR,11,2021,"MULTIPOINT ((106.89999999999996 -6.350000000000002), (106.89999999999996 -6.3000000000000025), (106.89999999999996 -6.250000000000003), (106.89999999999996 -6.200000000000003), (106.94999999999996 -6.200000000000003))",106.90999999999997,-6.2600000000000025,1.3117459107192478e-07,2021-11-01
234,JAKARTA TIMUR,11,2022,"MULTIPOINT ((106.89999999999996 -6.350000000000002), (106.89999999999996 -6.3000000000000025), (106.89999999999996 -6.250000000000003), (106.89999999999996 -6.200000000000003), (106.94999999999996 -6.200000000000003))",106.90999999999997,-6.2600000000000025,1.491969377531709e-07,2022-11-01
235,JAKARTA TIMUR,12,2018,"MULTIPOINT ((106.89999999999996 -6.350000000000002), (106.89999999999996 -6.3000000000000025), (106.89999999999996 -6.250000000000003), (106.89999999999996 -6.200000000000003), (106.94999999999996 -6.200000000000003))",106.90999999999997,-6.2600000000000025,1.329933657734369e-07,2018-12-01
236,JAKARTA TIMUR,12,2019,"MULTIPOINT ((106.89999999999996 -6.350000000000002), (106.89999999999996 -6.3000000000000025), (106.89999999999996 -6.250000000000003), (106.89999999999996 -6.200000000000003), (106.94999999999996 -6.200000000000003))",106.90999999999997,-6.2600000000000025,1.5635712024675384e-07,2019-12-01
237,JAKARTA TIMUR,12,2020,"MULTIPOINT ((106.89999999999996 -6.350000000000002), (106.89999999999996 -6.3000000000000025), (106.89999999999996 -6.250000000000003), (106.89999999999996 -6.200000000000003), (106.94999999999996 -6.200000000000003))",106.90999999999997,-6.2600000000000025,9.799377156571723e-08,2020-12-01
238,JAKARTA TIMUR,12,2021,"MULTIPOINT ((106.89999999999996 -6.350000000000002), (106.89999999999996 -6.3000000000000025), (106.89999999999996 -6.250000000000003), (106.89999999999996 -6.200000000000003), (106.94999999999996 -6.200000000000003))",106.90999999999997,-6.2600000000000025,1.3678974320585568e-07,2021-12-01
239,JAKARTA TIMUR,12,2022,"MULTIPOINT ((106.89999999999996 -6.350000000000002), (106.89999999999996 -6.3000000000000025), (106.89999999999996 -6.250000000000003), (106.89999999999996 -6.200000000000003), (106.94999999999996 -6.200000000000003))",106.90999999999997,-6.2600000000000025,1.2503513382089366e-07,2022-12-01
240,JAKARTA UTARA,1,2018,"MULTIPOINT ((106.79999999999995 -6.100000000000003), (106.84999999999997 -6.150000000000003), (106.89999999999996 -6.150000000000003), (106.89999999999996 -6.100000000000003), (106.94999999999996 -6.150000000000003), (106.94999999999996 -6.100000000000003))",106.89166666666664,-6.1250000000000036,1.0128564317923752e-07,2018-01-01
241,JAKARTA UTARA,1,2019,"MULTIPOINT ((106.79999999999995 -6.100000000000003), (106.84999999999997 -6.150000000000003), (106.89999999999996 -6.150000000000003), (106.89999999999996 -6.100000000000003), (106.94999999999996 -6.150000000000003), (106.94999999999996 -6.100000000000003))",106.89166666666664,-6.1250000000000036,1.1793842665734172e-07,2019-01-01
242,JAKARTA UTARA,1,2020,"MULTIPOINT ((106.79999999999995 -6.100000000000003), (106.84999999999997 -6.150000000000003), (106.89999999999996 -6.150000000000003), (106.89999999999996 -6.100000000000003), (106.94999999999996 -6.150000000000003), (106.94999999999996 -6.100000000000003))",106.89166666666664,-6.1250000000000036,1.1496923591221792e-07,2020-01-01
243,JAKARTA UTARA,1,2021,"MULTIPOINT ((106.79999999999995 -6.100000000000003), (106.84999999999997 -6.150000000000003), (106.89999999999996 -6.150000000000003), (106.89999999999996 -6.100000000000003), (106.94999999999996 -6.150000000000003), (106.94999999999996 -6.100000000000003))",106.89166666666664,-6.1250000000000036,1.1450649852603111e-07,2021-01-01
244,JAKARTA UTARA,1,2022,"MULTIPOINT ((106.79999999999995 -6.100000000000003), (106.84999999999997 -6.150000000000003), (106.89999999999996 -6.150000000000003), (106.89999999999996 -6.100000000000003), (106.94999999999996 -6.150000000000003), (106.94999999999996 -6.100000000000003))",106.89166666666664,-6.1250000000000036,1.2229200808159598e-07,2022-01-01
245,JAKARTA UTARA,2,2018,"MULTIPOINT ((106.79999999999995 -6.100000000000003), (106.84999999999997 -6.150000000000003), (106.89999999999996 -6.150000000000003), (106.89999999999996 -6.100000000000003), (106.94999999999996 -6.150000000000003), (106.94999999999996 -6.100000000000003))",106.89166666666664,-6.1250000000000036,1.1633464716294855e-07,2018-02-01
246,JAKARTA UTARA,2,2019,"MULTIPOINT ((106.79999999999995 -6.100000000000003), (106.84999999999997 -6.150000000000003), (106.89999999999996 -6.150000000000003), (106.89999999999996 -6.100000000000003), (106.94999999999996 -6.150000000000003), (106.94999999999996 -6.100000000000003))",106.89166666666664,-6.1250000000000036,1.3242077681496926e-07,2019-02-01
247,JAKARTA UTARA,2,2020,"MULTIPOINT ((106.79999999999995 -6.100000000000003), (106.84999999999997 -6.150000000000003), (106.89999999999996 -6.150000000000003), (106.89999999999996 -6.100000000000003), (106.94999999999996 -6.150000000000003), (106.94999999999996 -6.100000000000003))",106.89166666666664,-6.1250000000000036,1.1122188191474039e-07,2020-02-01
248,JAKARTA UTARA,2,2021,"MULTIPOINT ((106.79999999999995 -6.100000000000003), (106.84999999999997 -6.150000000000003), (106.89999999999996 -6.150000000000003), (106.89999999999996 -6.100000000000003), (106.94999999999996 -6.150000000000003), (106.94999999999996 -6.100000000000003))",106.89166666666664,-6.1250000000000036,1.090261602894792e-07,2021-02-01
249,JAKARTA UTARA,2,2022,"MULTIPOINT ((106.79999999999995 -6.100000000000003), (106.84999999999997 -6.150000000000003), (106.89999999999996 -6.150000000000003), (106.89999999999996 -6.100000000000003), (106.94999999999996 -6.150000000000003), (106.94999999999996 -6.100000000000003))",106.89166666666664,-6.1250000000000036,1.2862009567034738e-07,2022-02-01
250,JAKARTA UTARA,3,2018,"MULTIPOINT ((106.79999999999995 -6.100000000000003), (106.84999999999997 -6.150000000000003), (106.89999999999996 -6.150000000000003), (106.89999999999996 -6.100000000000003), (106.94999999999996 -6.150000000000003), (106.94999999999996 -6.100000000000003))",106.89166666666664,-6.1250000000000036,1.3243139525442848e-07,2018-03-01
251,JAKARTA UTARA,3,2019,"MULTIPOINT ((106.79999999999995 -6.100000000000003), (106.84999999999997 -6.150000000000003), (106.89999999999996 -6.150000000000003), (106.89999999999996 -6.100000000000003), (106.94999999999996 -6.150000000000003), (106.94999999999996 -6.100000000000003))",106.89166666666664,-6.1250000000000036,1.3463958231578025e-07,2019-03-01
252,JAKARTA UTARA,3,2020,"MULTIPOINT ((106.79999999999995 -6.100000000000003), (106.84999999999997 -6.150000000000003), (106.89999999999996 -6.150000000000003), (106.89999999999996 -6.100000000000003), (106.94999999999996 -6.150000000000003), (106.94999999999996 -6.100000000000003))",106.89166666666664,-6.1250000000000036,1.3576926988889758e-07,2020-03-01
253,JAKARTA UTARA,3,2021,"MULTIPOINT ((106.79999999999995 -6.100000000000003), (106.84999999999997 -6.150000000000003), (106.89999999999996 -6.150000000000003), (106.89999999999996 -6.100000000000003), (106.94999999999996 -6.150000000000003), (106.94999999999996 -6.100000000000003))",106.89166666666664,-6.1250000000000036,1.3665666560432522e-07,2021-03-01
254,JAKARTA UTARA,3,2022,"MULTIPOINT ((106.79999999999995 -6.100000000000003), (106.84999999999997 -6.150000000000003), (106.89999999999996 -6.150000000000003), (106.89999999999996 -6.100000000000003), (106.94999999999996 -6.150000000000003), (106.94999999999996 -6.100000000000003))",106.89166666666664,-6.1250000000000036,1.4628322240343488e-07,2022-03-01
255,JAKARTA UTARA,4,2018,"MULTIPOINT ((106.79999999999995 -6.100000000000003), (106.84999999999997 -6.150000000000003), (106.89999999999996 -6.150000000000003), (106.89999999999996 -6.100000000000003), (106.94999999999996 -6.150000000000003), (106.94999999999996 -6.100000000000003))",106.89166666666664,-6.1250000000000036,1.726130419932333e-07,2018-04-01
256,JAKARTA UTARA,4,2019,"MULTIPOINT ((106.79999999999995 -6.100000000000003), (106.84999999999997 -6.150000000000003), (106.89999999999996 -6.150000000000003), (106.89999999999996 -6.100000000000003), (106.94999999999996 -6.150000000000003), (106.94999999999996 -6.100000000000003))",106.89166666666664,-6.1250000000000036,1.6061397285938188e-07,2019-04-01
257,JAKARTA UTARA,4,2020,"MULTIPOINT ((106.79999999999995 -6.100000000000003), (106.84999999999997 -6.150000000000003), (106.89999999999996 -6.150000000000003), (106.89999999999996 -6.100000000000003), (106.94999999999996 -6.150000000000003), (106.94999999999996 -6.100000000000003))",106.89166666666664,-6.1250000000000036,1.4695171784022088e-07,2020-04-01
258,JAKARTA UTARA,4,2021,"MULTIPOINT ((106.79999999999995 -6.100000000000003), (106.84999999999997 -6.150000000000003), (106.89999999999996 -6.150000000000003), (106.89999999999996 -6.100000000000003), (106.94999999999996 -6.150000000000003), (106.94999999999996 -6.100000000000003))",106.89166666666664,-6.1250000000000036,1.7398316256134333e-07,2021-04-01
259,JAKARTA UTARA,4,2022,"MULTIPOINT ((106.79999999999995 -6.100000000000003), (106.84999999999997 -6.150000000000003), (106.89999999999996 -6.150000000000003), (106.89999999999996 -6.100000000000003), (106.94999999999996 -6.150000000000003), (106.94999999999996 -6.100000000000003))",106.89166666666664,-6.1250000000000036,1.5520783113250588e-07,2022-04-01
260,JAKARTA UTARA,5,2018,"MULTIPOINT ((106.79999999999995 -6.100000000000003), (106.84999999999997 -6.150000000000003), (106.89999999999996 -6.150000000000003), (106.89999999999996 -6.100000000000003), (106.94999999999996 -6.150000000000003), (106.94999999999996 -6.100000000000003))",106.89166666666664,-6.1250000000000036,1.920647726905179e-07,2018-05-01
261,JAKARTA UTARA,5,2019,"MULTIPOINT ((106.79999999999995 -6.100000000000003), (106.84999999999997 -6.150000000000003), (106.89999999999996 -6.150000000000003), (106.89999999999996 -6.100000000000003), (106.94999999999996 -6.150000000000003), (106.94999999999996 -6.100000000000003))",106.89166666666664,-6.1250000000000036,1.7599481307565944e-07,2019-05-01
262,JAKARTA UTARA,5,2020,"MULTIPOINT ((106.79999999999995 -6.100000000000003), (106.84999999999997 -6.150000000000003), (106.89999999999996 -6.150000000000003), (106.89999999999996 -6.100000000000003), (106.94999999999996 -6.150000000000003), (106.94999999999996 -6.100000000000003))",106.89166666666664,-6.1250000000000036,1.5825972551416348e-07,2020-05-01
263,JAKARTA UTARA,5,2021,"MULTIPOINT ((106.79999999999995 -6.100000000000003), (106.84999999999997 -6.150000000000003), (106.89999999999996 -6.150000000000003), (106.89999999999996 -6.100000000000003), (106.94999999999996 -6.150000000000003), (106.94999999999996 -6.100000000000003))",106.89166666666664,-6.1250000000000036,1.8112039393022248e-07,2021-05-01
264,JAKARTA UTARA,5,2022,"MULTIPOINT ((106.79999999999995 -6.100000000000003), (106.84999999999997 -6.150000000000003), (106.89999999999996 -6.150000000000003), (106.89999999999996 -6.100000000000003), (106.94999999999996 -6.150000000000003), (106.94999999999996 -6.100000000000003))",106.89166666666664,-6.1250000000000036,1.680433094186658e-07,2022-05-01
265,JAKARTA UTARA,6,2018,"MULTIPOINT ((106.79999999999995 -6.100000000000003), (106.84999999999997 -6.150000000000003), (106.89999999999996 -6.150000000000003), (106.89999999999996 -6.100000000000003), (106.94999999999996 -6.150000000000003), (106.94999999999996 -6.100000000000003))",106.89166666666664,-6.1250000000000036,1.9601132486594865e-07,2018-06-01
266,JAKARTA UTARA,6,2019,"MULTIPOINT ((106.79999999999995 -6.100000000000003), (106.84999999999997 -6.150000000000003), (106.89999999999996 -6.150000000000003), (106.89999999999996 -6.100000000000003), (106.94999999999996 -6.150000000000003), (106.94999999999996 -6.100000000000003))",106.89166666666664,-6.1250000000000036,1.842285688091787e-07,2019-06-01
267,JAKARTA UTARA,6,2020,"MULTIPOINT ((106.79999999999995 -6.100000000000003), (106.84999999999997 -6.150000000000003), (106.89999999999996 -6.150000000000003), (106.89999999999996 -6.100000000000003), (106.94999999999996 -6.150000000000003), (106.94999999999996 -6.100000000000003))",106.89166666666664,-6.1250000000000036,1.6713312565031243e-07,2020-06-01
268,JAKARTA UTARA,6,2021,"MULTIPOINT ((106.79999999999995 -6.100000000000003), (106.84999999999997 -6.150000000000003), (106.89999999999996 -6.150000000000003), (106.89999999999996 -6.100000000000003), (106.94999999999996 -6.150000000000003), (106.94999999999996 -6.100000000000003))",106.89166666666664,-6.1250000000000036,1.6886046443787266e-07,2021-06-01
269,JAKARTA UTARA,6,2022,"MULTIPOINT ((106.79999999999995 -6.100000000000003), (106.84999999999997 -6.150000000000003), (106.89999999999996 -6.150000000000003), (106.89999999999996 -6.100000000000003), (106.94999999999996 -6.150000000000003), (106.94999999999996 -6.100000000000003))",106.89166666666664,-6.1250000000000036,1.8138702573130415e-07,2022-06-01
270,JAKARTA UTARA,7,2018,"MULTIPOINT ((106.79999999999995 -6.100000000000003), (106.84999999999997 -6.150000000000003), (106.89999999999996 -6.150000000000003), (106.89999999999996 -6.100000000000003), (106.94999999999996 -6.150000000000003), (106.94999999999996 -6.100000000000003))",106.89166666666664,-6.1250000000000036,1.9775770435733816e-07,2018-07-01
271,JAKARTA UTARA,7,2019,"MULTIPOINT ((106.79999999999995 -6.100000000000003), (106.84999999999997 -6.150000000000003), (106.89999999999996 -6.150000000000003), (106.89999999999996 -6.100000000000003), (106.94999999999996 -6.150000000000003), (106.94999999999996 -6.100000000000003))",106.89166666666664,-6.1250000000000036,1.5564239615055271e-07,2019-07-01
272,JAKARTA UTARA,7,2020,"MULTIPOINT ((106.79999999999995 -6.100000000000003), (106.84999999999997 -6.150000000000003), (106.89999999999996 -6.150000000000003), (106.89999999999996 -6.100000000000003), (106.94999999999996 -6.150000000000003), (106.94999999999996 -6.100000000000003))",106.89166666666664,-6.1250000000000036,1.7090577604980103e-07,2020-07-01
273,JAKARTA UTARA,7,2021,"MULTIPOINT ((106.79999999999995 -6.100000000000003), (106.84999999999997 -6.150000000000003), (106.89999999999996 -6.150000000000003), (106.89999999999996 -6.100000000000003), (106.94999999999996 -6.150000000000003), (106.94999999999996 -6.100000000000003))",106.89166666666664,-6.1250000000000036,1.747461616060322e-07,2021-07-01
274,JAKARTA UTARA,7,2022,"MULTIPOINT ((106.79999999999995 -6.100000000000003), (106.84999999999997 -6.150000000000003), (106.89999999999996 -6.150000000000003), (106.89999999999996 -6.100000000000003), (106.94999999999996 -6.150000000000003), (106.94999999999996 -6.100000000000003))",106.89166666666664,-6.1250000000000036,1.7683847385541527e-07,2022-07-01
275,JAKARTA UTARA,8,2018,"MULTIPOINT ((106.79999999999995 -6.100000000000003), (106.84999999999997 -6.150000000000003), (106.89999999999996 -6.150000000000003), (106.89999999999996 -6.100000000000003), (106.94999999999996 -6.150000000000003), (106.94999999999996 -6.100000000000003))",106.89166666666664,-6.1250000000000036,1.6531250698411575e-07,2018-08-01
276,JAKARTA UTARA,8,2019,"MULTIPOINT ((106.79999999999995 -6.100000000000003), (106.84999999999997 -6.150000000000003), (106.89999999999996 -6.150000000000003), (106.89999999999996 -6.100000000000003), (106.94999999999996 -6.150000000000003), (106.94999999999996 -6.100000000000003))",106.89166666666664,-6.1250000000000036,1.5656901773890081e-07,2019-08-01
277,JAKARTA UTARA,8,2020,"MULTIPOINT ((106.79999999999995 -6.100000000000003), (106.84999999999997 -6.150000000000003), (106.89999999999996 -6.150000000000003), (106.89999999999996 -6.100000000000003), (106.94999999999996 -6.150000000000003), (106.94999999999996 -6.100000000000003))",106.89166666666664,-6.1250000000000036,1.6095764851324537e-07,2020-08-01
278,JAKARTA UTARA,8,2021,"MULTIPOINT ((106.79999999999995 -6.100000000000003), (106.84999999999997 -6.150000000000003), (106.89999999999996 -6.150000000000003), (106.89999999999996 -6.100000000000003), (106.94999999999996 -6.150000000000003), (106.94999999999996 -6.100000000000003))",106.89166666666664,-6.1250000000000036,1.7718364906235174e-07,2021-08-01
279,JAKARTA UTARA,8,2022,"MULTIPOINT ((106.79999999999995 -6.100000000000003), (106.84999999999997 -6.150000000000003), (106.89999999999996 -6.150000000000003), (106.89999999999996 -6.100000000000003), (106.94999999999996 -6.150000000000003), (106.94999999999996 -6.100000000000003))",106.89166666666664,-6.1250000000000036,1.8051707066628312e-07,2022-08-01
280,JAKARTA UTARA,9,2018,"MULTIPOINT ((106.79999999999995 -6.100000000000003), (106.84999999999997 -6.150000000000003), (106.89999999999996 -6.150000000000003), (106.89999999999996 -6.100000000000003), (106.94999999999996 -6.150000000000003), (106.94999999999996 -6.100000000000003))",106.89166666666664,-6.1250000000000036,1.726763311715756e-07,2018-09-01
281,JAKARTA UTARA,9,2019,"MULTIPOINT ((106.79999999999995 -6.100000000000003), (106.84999999999997 -6.150000000000003), (106.89999999999996 -6.150000000000003), (106.89999999999996 -6.100000000000003), (106.94999999999996 -6.150000000000003), (106.94999999999996 -6.100000000000003))",106.89166666666664,-6.1250000000000036,1.54808125110153e-07,2019-09-01
282,JAKARTA UTARA,9,2020,"MULTIPOINT ((106.79999999999995 -6.100000000000003), (106.84999999999997 -6.150000000000003), (106.89999999999996 -6.150000000000003), (106.89999999999996 -6.100000000000003), (106.94999999999996 -6.150000000000003), (106.94999999999996 -6.100000000000003))",106.89166666666664,-6.1250000000000036,1.553687807269009e-07,2020-09-01
283,JAKARTA UTARA,9,2021,"MULTIPOINT ((106.79999999999995 -6.100000000000003), (106.84999999999997 -6.150000000000003), (106.89999999999996 -6.150000000000003), (106.89999999999996 -6.100000000000003), (106.94999999999996 -6.150000000000003), (106.94999999999996 -6.100000000000003))",106.89166666666664,-6.1250000000000036,1.6137576664595415e-07,2021-09-01
284,JAKARTA UTARA,9,2022,"MULTIPOINT ((106.79999999999995 -6.100000000000003), (106.84999999999997 -6.150000000000003), (106.89999999999996 -6.150000000000003), (106.89999999999996 -6.100000000000003), (106.94999999999996 -6.150000000000003), (106.94999999999996 -6.100000000000003))",106.89166666666664,-6.1250000000000036,1.8355786790399335e-07,2022-09-01
285,JAKARTA UTARA,10,2018,"MULTIPOINT ((106.79999999999995 -6.100000000000003), (106.84999999999997 -6.150000000000003), (106.89999999999996 -6.150000000000003), (106.89999999999996 -6.100000000000003), (106.94999999999996 -6.150000000000003), (106.94999999999996 -6.100000000000003))",106.89166666666664,-6.1250000000000036,1.7419313087074976e-07,2018-10-01
286,JAKARTA UTARA,10,2019,"MULTIPOINT ((106.79999999999995 -6.100000000000003), (106.84999999999997 -6.150000000000003), (106.89999999999996 -6.150000000000003), (106.89999999999996 -6.100000000000003), (106.94999999999996 -6.150000000000003), (106.94999999999996 -6.100000000000003))",106.89166666666664,-6.1250000000000036,1.7758106418982353e-07,2019-10-01
287,JAKARTA UTARA,10,2020,"MULTIPOINT ((106.79999999999995 -6.100000000000003), (106.84999999999997 -6.150000000000003), (106.89999999999996 -6.150000000000003), (106.89999999999996 -6.100000000000003), (106.94999999999996 -6.150000000000003), (106.94999999999996 -6.100000000000003))",106.89166666666664,-6.1250000000000036,1.6498473000226228e-07,2020-10-01
288,JAKARTA UTARA,10,2021,"MULTIPOINT ((106.79999999999995 -6.100000000000003), (106.84999999999997 -6.150000000000003), (106.89999999999996 -6.150000000000003), (106.89999999999996 -6.100000000000003), (106.94999999999996 -6.150000000000003), (106.94999999999996 -6.100000000000003))",106.89166666666664,-6.1250000000000036,1.7317372548101886e-07,2021-10-01
289,JAKARTA UTARA,10,2022,"MULTIPOINT ((106.79999999999995 -6.100000000000003), (106.84999999999997 -6.150000000000003), (106.89999999999996 -6.150000000000003), (106.89999999999996 -6.100000000000003), (106.94999999999996 -6.150000000000003), (106.94999999999996 -6.100000000000003))",106.89166666666664,-6.1250000000000036,1.491782052376329e-07,2022-10-01
290,JAKARTA UTARA,11,2018,"MULTIPOINT ((106.79999999999995 -6.100000000000003), (106.84999999999997 -6.150000000000003), (106.89999999999996 -6.150000000000003), (106.89999999999996 -6.100000000000003), (106.94999999999996 -6.150000000000003), (106.94999999999996 -6.100000000000003))",106.89166666666664,-6.1250000000000036,1.6940125092901486e-07,2018-11-01
291,JAKARTA UTARA,11,2019,"MULTIPOINT ((106.79999999999995 -6.100000000000003), (106.84999999999997 -6.150000000000003), (106.89999999999996 -6.150000000000003), (106.89999999999996 -6.100000000000003), (106.94999999999996 -6.150000000000003), (106.94999999999996 -6.100000000000003))",106.89166666666664,-6.1250000000000036,1.6163669409152832e-07,2019-11-01
292,JAKARTA UTARA,11,2020,"MULTIPOINT ((106.79999999999995 -6.100000000000003), (106.84999999999997 -6.150000000000003), (106.89999999999996 -6.150000000000003), (106.89999999999996 -6.100000000000003), (106.94999999999996 -6.150000000000003), (106.94999999999996 -6.100000000000003))",106.89166666666664,-6.1250000000000036,1.4263308589927367e-07,2020-11-01
293,JAKARTA UTARA,11,2021,"MULTIPOINT ((106.79999999999995 -6.100000000000003), (106.84999999999997 -6.150000000000003), (106.89999999999996 -6.150000000000003), (106.89999999999996 -6.100000000000003), (106.94999999999996 -6.150000000000003), (106.94999999999996 -6.100000000000003))",106.89166666666664,-6.1250000000000036,1.2194858234633888e-07,2021-11-01
294,JAKARTA UTARA,11,2022,"MULTIPOINT ((106.79999999999995 -6.100000000000003), (106.84999999999997 -6.150000000000003), (106.89999999999996 -6.150000000000003), (106.89999999999996 -6.100000000000003), (106.94999999999996 -6.150000000000003), (106.94999999999996 -6.100000000000003))",106.89166666666664,-6.1250000000000036,1.4041972775954066e-07,2022-11-01
295,JAKARTA UTARA,12,2018,"MULTIPOINT ((106.79999999999995 -6.100000000000003), (106.84999999999997 -6.150000000000003), (106.89999999999996 -6.150000000000003), (106.89999999999996 -6.100000000000003), (106.94999999999996 -6.150000000000003), (106.94999999999996 -6.100000000000003))",106.89166666666664,-6.1250000000000036,1.246085248881219e-07,2018-12-01
296,JAKARTA UTARA,12,2019,"MULTIPOINT ((106.79999999999995 -6.100000000000003), (106.84999999999997 -6.150000000000003), (106.89999999999996 -6.150000000000003), (106.89999999999996 -6.100000000000003), (106.94999999999996 -6.150000000000003), (106.94999999999996 -6.100000000000003))",106.89166666666664,-6.1250000000000036,1.4420520936771786e-07,2019-12-01
297,JAKARTA UTARA,12,2020,"MULTIPOINT ((106.79999999999995 -6.100000000000003), (106.84999999999997 -6.150000000000003), (106.89999999999996 -6.150000000000003), (106.89999999999996 -6.100000000000003), (106.94999999999996 -6.150000000000003), (106.94999999999996 -6.100000000000003))",106.89166666666664,-6.1250000000000036,9.236400929572276e-08,2020-12-01
298,JAKARTA UTARA,12,2021,"MULTIPOINT ((106.79999999999995 -6.100000000000003), (106.84999999999997 -6.150000000000003), (106.89999999999996 -6.150000000000003), (106.89999999999996 -6.100000000000003), (106.94999999999996 -6.150000000000003), (106.94999999999996 -6.100000000000003))",106.89166666666664,-6.1250000000000036,1.2765979872320062e-07,2021-12-01
299,JAKARTA UTARA,12,2022,"MULTIPOINT ((106.79999999999995 -6.100000000000003), (106.84999999999997 -6.150000000000003), (106.89999999999996 -6.150000000000003), (106.89999999999996 -6.100000000000003), (106.94999999999996 -6.150000000000003), (106.94999999999996 -6.100000000000003))",106.89166666666664,-6.1250000000000036,1.1758596066317235e-07,2022-12-01
